id,loan_status
58645,2.6248576e-05
58646,2.6248576e-05
58647,2.6248576e-05
58648,2.6248576e-05
58649,2.6248576e-05
58650,2.6248576e-05
58651,2.6248576e-05
58652,2.6248576e-05
58653,2.6248576e-05
58654,2.6248576e-05
58655,2.6248576e-05
58656,2.6248576e-05
58657,2.6248576e-05
58658,2.6248576e-05
58659,2.6248576e-05
58660,2.6248576e-05
58661,2.6248576e-05
58662,2.6248576e-05
58663,2.6248576e-05
58664,2.6248576e-05
58665,2.6248576e-05
58666,2.6248576e-05
58667,2.6248576e-05
58668,2.6248576e-05
58669,2.6248576e-05
58670,2.6248576e-05
58671,2.6248576e-05
58672,2.6248576e-05
58673,2.6248576e-05
58674,2.6248576e-05
58675,2.6248576e-05
58676,2.6248576e-05
58677,2.6248576e-05
58678,2.6248576e-05
58679,2.6248576e-05
58680,2.6248576e-05
58681,2.6248576e-05
58682,2.6248576e-05
58683,2.6248576e-05
58684,2.6248576e-05
58685,2.6248576e-05
58686,2.6248576e-05
58687,2.6248576e-05
58688,2.6248576e-05
58689,2.6248576e-05
58690,2.6248576e-05
58691,2.6248576e-05
58692,2.6248576e-05
58693,2.6248576e-05
58694,2.6248576e-05
58695,2.6248576e-05
58696,2.6248576e-05
58697,2.6248576e-05
58698,2.6248576e-05
58699,2.6248576e-05
58700,2.6248576e-05
58701,2.6248576e-05
58702,2.6248576e-05
58703,2.6248576e-05
58704,2.6248576e-05
58705,2.6248576e-05
58706,2.6248576e-05
58707,2.6248576e-05
58708,2.6248576e-05
58709,2.6248576e-05
58710,2.6248576e-05
58711,2.6248576e-05
58712,2.6248576e-05
58713,2.6248576e-05
58714,2.6248576e-05
58715,2.6248576e-05
58716,2.6248576e-05
58717,2.6248576e-05
58718,2.6248576e-05
58719,2.6248576e-05
58720,2.6248576e-05
58721,2.6248576e-05
58722,2.6248576e-05
58723,2.6248576e-05
58724,2.6248576e-05
58725,2.6248576e-05
58726,2.6248576e-05
58727,2.6248576e-05
58728,2.6248576e-05
58729,2.6248576e-05
58730,2.6248576e-05
58731,2.6248576e-05
58732,2.6248576e-05
58733,2.6248576e-05
58734,2.6248576e-05
58735,2.6248576e-05
58736,2.6248576e-05
58737,2.6248576e-05
58738,2.6248576e-05
58739,2.6248576e-05
58740,2.6248576e-05
58741,2.6248576e-05
58742,2.6248576e-05
58743,2.6248576e-05
58744,2.6248576e-05
58745,2.6248576e-05
58746,2.6248576e-05
58747,2.6248576e-05
58748,2.6248576e-05
58749,2.6248576e-05
58750,2.6248576e-05
58751,2.6248576e-05
58752,2.6248576e-05
58753,2.6248576e-05
58754,2.6248576e-05
58755,2.6248576e-05
58756,2.6248576e-05
58757,2.6248576e-05
58758,2.6248576e-05
58759,2.6248576e-05
58760,2.6248576e-05
58761,2.6248576e-05
58762,2.6248576e-05
58763,2.6248576e-05
58764,2.6248576e-05
58765,2.6248576e-05
58766,2.6248576e-05
58767,2.6248576e-05
58768,2.6248576e-05
58769,2.6248576e-05
58770,2.6248576e-05
58771,2.6248576e-05
58772,2.6248576e-05
58773,2.6248576e-05
58774,2.6248576e-05
58775,2.6248576e-05
58776,2.6248576e-05
58777,2.6248576e-05
58778,2.6248576e-05
58779,2.6248576e-05
58780,2.6248576e-05
58781,2.6248576e-05
58782,2.6248576e-05
58783,2.6248576e-05
58784,2.6248576e-05
58785,2.6248576e-05
58786,2.6248576e-05
58787,2.6248576e-05
58788,2.6248576e-05
58789,2.6248576e-05
58790,2.6248576e-05
58791,2.6248576e-05
58792,2.6248576e-05
58793,2.6248576e-05
58794,2.6248576e-05
58795,2.6248576e-05
58796,2.6248576e-05
58797,2.6248576e-05
58798,2.6248576e-05
58799,2.6248576e-05
58800,2.6248576e-05
58801,2.6248576e-05
58802,2.6248576e-05
58803,2.6248576e-05
58804,2.6248576e-05
58805,2.6248576e-05
58806,2.6248576e-05
58807,2.6248576e-05
58808,2.6248576e-05
58809,2.6248576e-05
58810,2.6248576e-05
58811,2.6248576e-05
58812,2.6248576e-05
58813,2.6248576e-05
58814,2.6248576e-05
58815,2.6248576e-05
58816,2.6248576e-05
58817,2.6248576e-05
58818,2.6248576e-05
58819,2.6248576e-05
58820,2.6248576e-05
58821,2.6248576e-05
58822,2.6248576e-05
58823,2.6248576e-05
58824,2.6248576e-05
58825,2.6248576e-05
58826,2.6248576e-05
58827,2.6248576e-05
58828,2.6248576e-05
58829,2.6248576e-05
58830,2.6248576e-05
58831,2.6248576e-05
58832,2.6248576e-05
58833,2.6248576e-05
58834,2.6248576e-05
58835,2.6248576e-05
58836,2.6248576e-05
58837,2.6248576e-05
58838,2.6248576e-05
58839,2.6248576e-05
58840,2.6248576e-05
58841,2.6248576e-05
58842,2.6248576e-05
58843,2.6248576e-05
58844,2.6248576e-05
58845,2.6248576e-05
58846,2.6248576e-05
58847,2.6248576e-05
58848,2.6248576e-05
58849,2.6248576e-05
58850,2.6248576e-05
58851,2.6248576e-05
58852,2.6248576e-05
58853,2.6248576e-05
58854,2.6248576e-05
58855,2.6248576e-05
58856,2.6248576e-05
58857,2.6248576e-05
58858,2.6248576e-05
58859,2.6248576e-05
58860,2.6248576e-05
58861,2.6248576e-05
58862,2.6248576e-05
58863,2.6248576e-05
58864,2.6248576e-05
58865,2.6248576e-05
58866,2.6248576e-05
58867,2.6248576e-05
58868,2.6248576e-05
58869,2.6248576e-05
58870,2.6248576e-05
58871,2.6248576e-05
58872,2.6248576e-05
58873,2.6248576e-05
58874,2.6248576e-05
58875,2.6248576e-05
58876,2.6248576e-05
58877,2.6248576e-05
58878,2.6248576e-05
58879,2.6248576e-05
58880,2.6248576e-05
58881,2.6248576e-05
58882,2.6248576e-05
58883,2.6248576e-05
58884,2.6248576e-05
58885,2.6248576e-05
58886,2.6248576e-05
58887,2.6248576e-05
58888,2.6248576e-05
58889,2.6248576e-05
58890,2.6248576e-05
58891,2.6248576e-05
58892,2.6248576e-05
58893,2.6248576e-05
58894,2.6248576e-05
58895,2.6248576e-05
58896,2.6248576e-05
58897,2.6248576e-05
58898,2.6248576e-05
58899,2.6248576e-05
58900,2.6248576e-05
58901,2.6248576e-05
58902,2.6248576e-05
58903,2.6248576e-05
58904,2.6248576e-05
58905,2.6248576e-05
58906,2.6248576e-05
58907,2.6248576e-05
58908,2.6248576e-05
58909,2.6248576e-05
58910,2.6248576e-05
58911,2.6248576e-05
58912,2.6248576e-05
58913,2.6248576e-05
58914,2.6248576e-05
58915,2.6248576e-05
58916,2.6248576e-05
58917,2.6248576e-05
58918,2.6248576e-05
58919,2.6248576e-05
58920,2.6248576e-05
58921,2.6248576e-05
58922,2.6248576e-05
58923,2.6248576e-05
58924,2.6248576e-05
58925,2.6248576e-05
58926,2.6248576e-05
58927,2.6248576e-05
58928,2.6248576e-05
58929,2.6248576e-05
58930,2.6248576e-05
58931,2.6248576e-05
58932,2.6248576e-05
58933,2.6248576e-05
58934,2.6248576e-05
58935,2.6248576e-05
58936,2.6248576e-05
58937,2.6248576e-05
58938,2.6248576e-05
58939,2.6248576e-05
58940,2.6248576e-05
58941,2.6248576e-05
58942,2.6248576e-05
58943,2.6248576e-05
58944,2.6248576e-05
58945,2.6248576e-05
58946,2.6248576e-05
58947,2.6248576e-05
58948,2.6248576e-05
58949,2.6248576e-05
58950,2.6248576e-05
58951,2.6248576e-05
58952,2.6248576e-05
58953,2.6248576e-05
58954,2.6248576e-05
58955,2.6248576e-05
58956,2.6248576e-05
58957,2.6248576e-05
58958,2.6248576e-05
58959,2.6248576e-05
58960,2.6248576e-05
58961,2.6248576e-05
58962,2.6248576e-05
58963,2.6248576e-05
58964,2.6248576e-05
58965,2.6248576e-05
58966,2.6248576e-05
58967,2.6248576e-05
58968,2.6248576e-05
58969,2.6248576e-05
58970,2.6248576e-05
58971,2.6248576e-05
58972,2.6248576e-05
58973,2.6248576e-05
58974,2.6248576e-05
58975,2.6248576e-05
58976,2.6248576e-05
58977,2.6248576e-05
58978,2.6248576e-05
58979,2.6248576e-05
58980,2.6248576e-05
58981,2.6248576e-05
58982,2.6248576e-05
58983,2.6248576e-05
58984,2.6248576e-05
58985,2.6248576e-05
58986,2.6248576e-05
58987,2.6248576e-05
58988,2.6248576e-05
58989,2.6248576e-05
58990,2.6248576e-05
58991,2.6248576e-05
58992,2.6248576e-05
58993,2.6248576e-05
58994,2.6248576e-05
58995,2.6248576e-05
58996,2.6248576e-05
58997,2.6248576e-05
58998,2.6248576e-05
58999,2.6248576e-05
59000,2.6248576e-05
59001,2.6248576e-05
59002,2.6248576e-05
59003,2.6248576e-05
59004,2.6248576e-05
59005,2.6248576e-05
59006,2.6248576e-05
59007,2.6248576e-05
59008,2.6248576e-05
59009,2.6248576e-05
59010,2.6248576e-05
59011,2.6248576e-05
59012,2.6248576e-05
59013,2.6248576e-05
59014,2.6248576e-05
59015,2.6248576e-05
59016,2.6248576e-05
59017,2.6248576e-05
59018,2.6248576e-05
59019,2.6248576e-05
59020,2.6248576e-05
59021,2.6248576e-05
59022,2.6248576e-05
59023,2.6248576e-05
59024,2.6248576e-05
59025,2.6248576e-05
59026,2.6248576e-05
59027,2.6248576e-05
59028,2.6248576e-05
59029,2.6248576e-05
59030,2.6248576e-05
59031,2.6248576e-05
59032,2.6248576e-05
59033,2.6248576e-05
59034,2.6248576e-05
59035,2.6248576e-05
59036,2.6248576e-05
59037,2.6248576e-05
59038,2.6248576e-05
59039,2.6248576e-05
59040,2.6248576e-05
59041,2.6248576e-05
59042,2.6248576e-05
59043,2.6248576e-05
59044,2.6248576e-05
59045,2.6248576e-05
59046,2.6248576e-05
59047,2.6248576e-05
59048,2.6248576e-05
59049,2.6248576e-05
59050,2.6248576e-05
59051,2.6248576e-05
59052,2.6248576e-05
59053,2.6248576e-05
59054,2.6248576e-05
59055,2.6248576e-05
59056,2.6248576e-05
59057,2.6248576e-05
59058,2.6248576e-05
59059,2.6248576e-05
59060,2.6248576e-05
59061,2.6248576e-05
59062,2.6248576e-05
59063,2.6248576e-05
59064,2.6248576e-05
59065,2.6248576e-05
59066,2.6248576e-05
59067,2.6248576e-05
59068,2.6248576e-05
59069,2.6248576e-05
59070,2.6248576e-05
59071,2.6248576e-05
59072,2.6248576e-05
59073,2.6248576e-05
59074,2.6248576e-05
59075,2.6248576e-05
59076,2.6248576e-05
59077,2.6248576e-05
59078,2.6248576e-05
59079,2.6248576e-05
59080,2.6248576e-05
59081,2.6248576e-05
59082,2.6248576e-05
59083,2.6248576e-05
59084,2.6248576e-05
59085,2.6248576e-05
59086,2.6248576e-05
59087,2.6248576e-05
59088,2.6248576e-05
59089,2.6248576e-05
59090,2.6248576e-05
59091,2.6248576e-05
59092,2.6248576e-05
59093,2.6248576e-05
59094,2.6248576e-05
59095,2.6248576e-05
59096,2.6248576e-05
59097,2.6248576e-05
59098,2.6248576e-05
59099,2.6248576e-05
59100,2.6248576e-05
59101,2.6248576e-05
59102,2.6248576e-05
59103,2.6248576e-05
59104,2.6248576e-05
59105,2.6248576e-05
59106,2.6248576e-05
59107,2.6248576e-05
59108,2.6248576e-05
59109,2.6248576e-05
59110,2.6248576e-05
59111,2.6248576e-05
59112,2.6248576e-05
59113,2.6248576e-05
59114,2.6248576e-05
59115,2.6248576e-05
59116,2.6248576e-05
59117,2.6248576e-05
59118,2.6248576e-05
59119,2.6248576e-05
59120,2.6248576e-05
59121,2.6248576e-05
59122,2.6248576e-05
59123,2.6248576e-05
59124,2.6248576e-05
59125,2.6248576e-05
59126,2.6248576e-05
59127,2.6248576e-05
59128,2.6248576e-05
59129,2.6248576e-05
59130,2.6248576e-05
59131,2.6248576e-05
59132,2.6248576e-05
59133,2.6248576e-05
59134,2.6248576e-05
59135,2.6248576e-05
59136,2.6248576e-05
59137,2.6248576e-05
59138,2.6248576e-05
59139,2.6248576e-05
59140,2.6248576e-05
59141,2.6248576e-05
59142,2.6248576e-05
59143,2.6248576e-05
59144,2.6248576e-05
59145,2.6248576e-05
59146,2.6248576e-05
59147,2.6248576e-05
59148,2.6248576e-05
59149,2.6248576e-05
59150,2.6248576e-05
59151,2.6248576e-05
59152,2.6248576e-05
59153,2.6248576e-05
59154,2.6248576e-05
59155,2.6248576e-05
59156,2.6248576e-05
59157,2.6248576e-05
59158,2.6248576e-05
59159,2.6248576e-05
59160,2.6248576e-05
59161,2.6248576e-05
59162,2.6248576e-05
59163,2.6248576e-05
59164,2.6248576e-05
59165,2.6248576e-05
59166,2.6248576e-05
59167,2.6248576e-05
59168,2.6248576e-05
59169,2.6248576e-05
59170,2.6248576e-05
59171,2.6248576e-05
59172,2.6248576e-05
59173,2.6248576e-05
59174,2.6248576e-05
59175,2.6248576e-05
59176,2.6248576e-05
59177,2.6248576e-05
59178,2.6248576e-05
59179,2.6248576e-05
59180,2.6248576e-05
59181,2.6248576e-05
59182,2.6248576e-05
59183,2.6248576e-05
59184,2.6248576e-05
59185,2.6248576e-05
59186,2.6248576e-05
59187,2.6248576e-05
59188,2.6248576e-05
59189,2.6248576e-05
59190,2.6248576e-05
59191,2.6248576e-05
59192,2.6248576e-05
59193,2.6248576e-05
59194,2.6248576e-05
59195,2.6248576e-05
59196,2.6248576e-05
59197,2.6248576e-05
59198,2.6248576e-05
59199,2.6248576e-05
59200,2.6248576e-05
59201,2.6248576e-05
59202,2.6248576e-05
59203,2.6248576e-05
59204,2.6248576e-05
59205,2.6248576e-05
59206,2.6248576e-05
59207,2.6248576e-05
59208,2.6248576e-05
59209,2.6248576e-05
59210,2.6248576e-05
59211,2.6248576e-05
59212,2.6248576e-05
59213,2.6248576e-05
59214,2.6248576e-05
59215,2.6248576e-05
59216,2.6248576e-05
59217,2.6248576e-05
59218,2.6248576e-05
59219,2.6248576e-05
59220,2.6248576e-05
59221,2.6248576e-05
59222,2.6248576e-05
59223,2.6248576e-05
59224,2.6248576e-05
59225,2.6248576e-05
59226,2.6248576e-05
59227,2.6248576e-05
59228,2.6248576e-05
59229,2.6248576e-05
59230,2.6248576e-05
59231,2.6248576e-05
59232,2.6248576e-05
59233,2.6248576e-05
59234,2.6248576e-05
59235,2.6248576e-05
59236,2.6248576e-05
59237,2.6248576e-05
59238,2.6248576e-05
59239,2.6248576e-05
59240,2.6248576e-05
59241,2.6248576e-05
59242,2.6248576e-05
59243,2.6248576e-05
59244,2.6248576e-05
59245,2.6248576e-05
59246,2.6248576e-05
59247,2.6248576e-05
59248,2.6248576e-05
59249,2.6248576e-05
59250,2.6248576e-05
59251,2.6248576e-05
59252,2.6248576e-05
59253,2.6248576e-05
59254,2.6248576e-05
59255,2.6248576e-05
59256,2.6248576e-05
59257,2.6248576e-05
59258,2.6248576e-05
59259,2.6248576e-05
59260,2.6248576e-05
59261,2.6248576e-05
59262,2.6248576e-05
59263,2.6248576e-05
59264,2.6248576e-05
59265,2.6248576e-05
59266,2.6248576e-05
59267,2.6248576e-05
59268,2.6248576e-05
59269,2.6248576e-05
59270,2.6248576e-05
59271,2.6248576e-05
59272,2.6248576e-05
59273,2.6248576e-05
59274,2.6248576e-05
59275,2.6248576e-05
59276,2.6248576e-05
59277,2.6248576e-05
59278,2.6248576e-05
59279,2.6248576e-05
59280,2.6248576e-05
59281,2.6248576e-05
59282,2.6248576e-05
59283,2.6248576e-05
59284,2.6248576e-05
59285,2.6248576e-05
59286,2.6248576e-05
59287,2.6248576e-05
59288,2.6248576e-05
59289,2.6248576e-05
59290,2.6248576e-05
59291,2.6248576e-05
59292,2.6248576e-05
59293,2.6248576e-05
59294,2.6248576e-05
59295,2.6248576e-05
59296,2.6248576e-05
59297,2.6248576e-05
59298,2.6248576e-05
59299,2.6248576e-05
59300,2.6248576e-05
59301,2.6248576e-05
59302,2.6248576e-05
59303,2.6248576e-05
59304,2.6248576e-05
59305,2.6248576e-05
59306,2.6248576e-05
59307,2.6248576e-05
59308,2.6248576e-05
59309,2.6248576e-05
59310,2.6248576e-05
59311,2.6248576e-05
59312,2.6248576e-05
59313,2.6248576e-05
59314,2.6248576e-05
59315,2.6248576e-05
59316,2.6248576e-05
59317,2.6248576e-05
59318,2.6248576e-05
59319,2.6248576e-05
59320,2.6248576e-05
59321,2.6248576e-05
59322,2.6248576e-05
59323,2.6248576e-05
59324,2.6248576e-05
59325,2.6248576e-05
59326,2.6248576e-05
59327,2.6248576e-05
59328,2.6248576e-05
59329,2.6248576e-05
59330,2.6248576e-05
59331,2.6248576e-05
59332,2.6248576e-05
59333,2.6248576e-05
59334,2.6248576e-05
59335,2.6248576e-05
59336,2.6248576e-05
59337,2.6248576e-05
59338,2.6248576e-05
59339,2.6248576e-05
59340,2.6248576e-05
59341,2.6248576e-05
59342,2.6248576e-05
59343,2.6248576e-05
59344,2.6248576e-05
59345,2.6248576e-05
59346,2.6248576e-05
59347,2.6248576e-05
59348,2.6248576e-05
59349,2.6248576e-05
59350,2.6248576e-05
59351,2.6248576e-05
59352,2.6248576e-05
59353,2.6248576e-05
59354,2.6248576e-05
59355,2.6248576e-05
59356,2.6248576e-05
59357,2.6248576e-05
59358,2.6248576e-05
59359,2.6248576e-05
59360,2.6248576e-05
59361,2.6248576e-05
59362,2.6248576e-05
59363,2.6248576e-05
59364,2.6248576e-05
59365,2.6248576e-05
59366,2.6248576e-05
59367,2.6248576e-05
59368,2.6248576e-05
59369,2.6248576e-05
59370,2.6248576e-05
59371,2.6248576e-05
59372,2.6248576e-05
59373,2.6248576e-05
59374,2.6248576e-05
59375,2.6248576e-05
59376,2.6248576e-05
59377,2.6248576e-05
59378,2.6248576e-05
59379,2.6248576e-05
59380,2.6248576e-05
59381,2.6248576e-05
59382,2.6248576e-05
59383,2.6248576e-05
59384,2.6248576e-05
59385,2.6248576e-05
59386,2.6248576e-05
59387,2.6248576e-05
59388,2.6248576e-05
59389,2.6248576e-05
59390,2.6248576e-05
59391,2.6248576e-05
59392,2.6248576e-05
59393,2.6248576e-05
59394,2.6248576e-05
59395,2.6248576e-05
59396,2.6248576e-05
59397,2.6248576e-05
59398,2.6248576e-05
59399,2.6248576e-05
59400,2.6248576e-05
59401,2.6248576e-05
59402,2.6248576e-05
59403,2.6248576e-05
59404,2.6248576e-05
59405,2.6248576e-05
59406,2.6248576e-05
59407,2.6248576e-05
59408,2.6248576e-05
59409,2.6248576e-05
59410,2.6248576e-05
59411,2.6248576e-05
59412,2.6248576e-05
59413,2.6248576e-05
59414,2.6248576e-05
59415,2.6248576e-05
59416,2.6248576e-05
59417,2.6248576e-05
59418,2.6248576e-05
59419,2.6248576e-05
59420,2.6248576e-05
59421,2.6248576e-05
59422,2.6248576e-05
59423,2.6248576e-05
59424,2.6248576e-05
59425,2.6248576e-05
59426,2.6248576e-05
59427,2.6248576e-05
59428,2.6248576e-05
59429,2.6248576e-05
59430,2.6248576e-05
59431,2.6248576e-05
59432,2.6248576e-05
59433,2.6248576e-05
59434,2.6248576e-05
59435,2.6248576e-05
59436,2.6248576e-05
59437,2.6248576e-05
59438,2.6248576e-05
59439,2.6248576e-05
59440,2.6248576e-05
59441,2.6248576e-05
59442,2.6248576e-05
59443,2.6248576e-05
59444,2.6248576e-05
59445,2.6248576e-05
59446,2.6248576e-05
59447,2.6248576e-05
59448,2.6248576e-05
59449,2.6248576e-05
59450,2.6248576e-05
59451,2.6248576e-05
59452,2.6248576e-05
59453,2.6248576e-05
59454,2.6248576e-05
59455,2.6248576e-05
59456,2.6248576e-05
59457,2.6248576e-05
59458,2.6248576e-05
59459,2.6248576e-05
59460,2.6248576e-05
59461,2.6248576e-05
59462,2.6248576e-05
59463,2.6248576e-05
59464,2.6248576e-05
59465,2.6248576e-05
59466,2.6248576e-05
59467,2.6248576e-05
59468,2.6248576e-05
59469,2.6248576e-05
59470,2.6248576e-05
59471,2.6248576e-05
59472,2.6248576e-05
59473,2.6248576e-05
59474,2.6248576e-05
59475,2.6248576e-05
59476,2.6248576e-05
59477,2.6248576e-05
59478,2.6248576e-05
59479,2.6248576e-05
59480,2.6248576e-05
59481,2.6248576e-05
59482,2.6248576e-05
59483,2.6248576e-05
59484,2.6248576e-05
59485,2.6248576e-05
59486,2.6248576e-05
59487,2.6248576e-05
59488,2.6248576e-05
59489,2.6248576e-05
59490,2.6248576e-05
59491,2.6248576e-05
59492,2.6248576e-05
59493,2.6248576e-05
59494,2.6248576e-05
59495,2.6248576e-05
59496,2.6248576e-05
59497,2.6248576e-05
59498,2.6248576e-05
59499,2.6248576e-05
59500,2.6248576e-05
59501,2.6248576e-05
59502,2.6248576e-05
59503,2.6248576e-05
59504,2.6248576e-05
59505,2.6248576e-05
59506,2.6248576e-05
59507,2.6248576e-05
59508,2.6248576e-05
59509,2.6248576e-05
59510,2.6248576e-05
59511,2.6248576e-05
59512,2.6248576e-05
59513,2.6248576e-05
59514,2.6248576e-05
59515,2.6248576e-05
59516,2.6248576e-05
59517,2.6248576e-05
59518,2.6248576e-05
59519,2.6248576e-05
59520,2.6248576e-05
59521,2.6248576e-05
59522,2.6248576e-05
59523,2.6248576e-05
59524,2.6248576e-05
59525,2.6248576e-05
59526,2.6248576e-05
59527,2.6248576e-05
59528,2.6248576e-05
59529,2.6248576e-05
59530,2.6248576e-05
59531,2.6248576e-05
59532,2.6248576e-05
59533,2.6248576e-05
59534,2.6248576e-05
59535,2.6248576e-05
59536,2.6248576e-05
59537,2.6248576e-05
59538,2.6248576e-05
59539,2.6248576e-05
59540,2.6248576e-05
59541,2.6248576e-05
59542,2.6248576e-05
59543,2.6248576e-05
59544,2.6248576e-05
59545,2.6248576e-05
59546,2.6248576e-05
59547,2.6248576e-05
59548,2.6248576e-05
59549,2.6248576e-05
59550,2.6248576e-05
59551,2.6248576e-05
59552,2.6248576e-05
59553,2.6248576e-05
59554,2.6248576e-05
59555,2.6248576e-05
59556,2.6248576e-05
59557,2.6248576e-05
59558,2.6248576e-05
59559,2.6248576e-05
59560,2.6248576e-05
59561,2.6248576e-05
59562,2.6248576e-05
59563,2.6248576e-05
59564,2.6248576e-05
59565,2.6248576e-05
59566,2.6248576e-05
59567,2.6248576e-05
59568,2.6248576e-05
59569,2.6248576e-05
59570,2.6248576e-05
59571,2.6248576e-05
59572,2.6248576e-05
59573,2.6248576e-05
59574,2.6248576e-05
59575,2.6248576e-05
59576,2.6248576e-05
59577,2.6248576e-05
59578,2.6248576e-05
59579,2.6248576e-05
59580,2.6248576e-05
59581,2.6248576e-05
59582,2.6248576e-05
59583,2.6248576e-05
59584,2.6248576e-05
59585,2.6248576e-05
59586,2.6248576e-05
59587,2.6248576e-05
59588,2.6248576e-05
59589,2.6248576e-05
59590,2.6248576e-05
59591,2.6248576e-05
59592,2.6248576e-05
59593,2.6248576e-05
59594,2.6248576e-05
59595,2.6248576e-05
59596,2.6248576e-05
59597,2.6248576e-05
59598,2.6248576e-05
59599,2.6248576e-05
59600,2.6248576e-05
59601,2.6248576e-05
59602,2.6248576e-05
59603,2.6248576e-05
59604,2.6248576e-05
59605,2.6248576e-05
59606,2.6248576e-05
59607,2.6248576e-05
59608,2.6248576e-05
59609,2.6248576e-05
59610,2.6248576e-05
59611,2.6248576e-05
59612,2.6248576e-05
59613,2.6248576e-05
59614,2.6248576e-05
59615,2.6248576e-05
59616,2.6248576e-05
59617,2.6248576e-05
59618,2.6248576e-05
59619,2.6248576e-05
59620,2.6248576e-05
59621,2.6248576e-05
59622,2.6248576e-05
59623,2.6248576e-05
59624,2.6248576e-05
59625,2.6248576e-05
59626,2.6248576e-05
59627,2.6248576e-05
59628,2.6248576e-05
59629,2.6248576e-05
59630,2.6248576e-05
59631,2.6248576e-05
59632,2.6248576e-05
59633,2.6248576e-05
59634,2.6248576e-05
59635,2.6248576e-05
59636,2.6248576e-05
59637,2.6248576e-05
59638,2.6248576e-05
59639,2.6248576e-05
59640,2.6248576e-05
59641,2.6248576e-05
59642,2.6248576e-05
59643,2.6248576e-05
59644,2.6248576e-05
59645,2.6248576e-05
59646,2.6248576e-05
59647,2.6248576e-05
59648,2.6248576e-05
59649,2.6248576e-05
59650,2.6248576e-05
59651,2.6248576e-05
59652,2.6248576e-05
59653,2.6248576e-05
59654,2.6248576e-05
59655,2.6248576e-05
59656,2.6248576e-05
59657,2.6248576e-05
59658,2.6248576e-05
59659,2.6248576e-05
59660,2.6248576e-05
59661,2.6248576e-05
59662,2.6248576e-05
59663,2.6248576e-05
59664,2.6248576e-05
59665,2.6248576e-05
59666,2.6248576e-05
59667,2.6248576e-05
59668,2.6248576e-05
59669,2.6248576e-05
59670,2.6248576e-05
59671,2.6248576e-05
59672,2.6248576e-05
59673,2.6248576e-05
59674,2.6248576e-05
59675,2.6248576e-05
59676,2.6248576e-05
59677,2.6248576e-05
59678,2.6248576e-05
59679,2.6248576e-05
59680,2.6248576e-05
59681,2.6248576e-05
59682,2.6248576e-05
59683,2.6248576e-05
59684,2.6248576e-05
59685,2.6248576e-05
59686,2.6248576e-05
59687,2.6248576e-05
59688,2.6248576e-05
59689,2.6248576e-05
59690,2.6248576e-05
59691,2.6248576e-05
59692,2.6248576e-05
59693,2.6248576e-05
59694,2.6248576e-05
59695,2.6248576e-05
59696,2.6248576e-05
59697,2.6248576e-05
59698,2.6248576e-05
59699,2.6248576e-05
59700,2.6248576e-05
59701,2.6248576e-05
59702,2.6248576e-05
59703,2.6248576e-05
59704,2.6248576e-05
59705,2.6248576e-05
59706,2.6248576e-05
59707,2.6248576e-05
59708,2.6248576e-05
59709,2.6248576e-05
59710,2.6248576e-05
59711,2.6248576e-05
59712,2.6248576e-05
59713,2.6248576e-05
59714,2.6248576e-05
59715,2.6248576e-05
59716,2.6248576e-05
59717,2.6248576e-05
59718,2.6248576e-05
59719,2.6248576e-05
59720,2.6248576e-05
59721,2.6248576e-05
59722,2.6248576e-05
59723,2.6248576e-05
59724,2.6248576e-05
59725,2.6248576e-05
59726,2.6248576e-05
59727,2.6248576e-05
59728,2.6248576e-05
59729,2.6248576e-05
59730,2.6248576e-05
59731,2.6248576e-05
59732,2.6248576e-05
59733,2.6248576e-05
59734,2.6248576e-05
59735,2.6248576e-05
59736,2.6248576e-05
59737,2.6248576e-05
59738,2.6248576e-05
59739,2.6248576e-05
59740,2.6248576e-05
59741,2.6248576e-05
59742,2.6248576e-05
59743,2.6248576e-05
59744,2.6248576e-05
59745,2.6248576e-05
59746,2.6248576e-05
59747,2.6248576e-05
59748,2.6248576e-05
59749,2.6248576e-05
59750,2.6248576e-05
59751,2.6248576e-05
59752,2.6248576e-05
59753,2.6248576e-05
59754,2.6248576e-05
59755,2.6248576e-05
59756,2.6248576e-05
59757,2.6248576e-05
59758,2.6248576e-05
59759,2.6248576e-05
59760,2.6248576e-05
59761,2.6248576e-05
59762,2.6248576e-05
59763,2.6248576e-05
59764,2.6248576e-05
59765,2.6248576e-05
59766,2.6248576e-05
59767,2.6248576e-05
59768,2.6248576e-05
59769,2.6248576e-05
59770,2.6248576e-05
59771,2.6248576e-05
59772,2.6248576e-05
59773,2.6248576e-05
59774,2.6248576e-05
59775,2.6248576e-05
59776,2.6248576e-05
59777,2.6248576e-05
59778,2.6248576e-05
59779,2.6248576e-05
59780,2.6248576e-05
59781,2.6248576e-05
59782,2.6248576e-05
59783,2.6248576e-05
59784,2.6248576e-05
59785,2.6248576e-05
59786,2.6248576e-05
59787,2.6248576e-05
59788,2.6248576e-05
59789,2.6248576e-05
59790,2.6248576e-05
59791,2.6248576e-05
59792,2.6248576e-05
59793,2.6248576e-05
59794,2.6248576e-05
59795,2.6248576e-05
59796,2.6248576e-05
59797,2.6248576e-05
59798,2.6248576e-05
59799,2.6248576e-05
59800,2.6248576e-05
59801,2.6248576e-05
59802,2.6248576e-05
59803,2.6248576e-05
59804,2.6248576e-05
59805,2.6248576e-05
59806,2.6248576e-05
59807,2.6248576e-05
59808,2.6248576e-05
59809,2.6248576e-05
59810,2.6248576e-05
59811,2.6248576e-05
59812,2.6248576e-05
59813,2.6248576e-05
59814,2.6248576e-05
59815,2.6248576e-05
59816,2.6248576e-05
59817,2.6248576e-05
59818,2.6248576e-05
59819,2.6248576e-05
59820,2.6248576e-05
59821,2.6248576e-05
59822,2.6248576e-05
59823,2.6248576e-05
59824,2.6248576e-05
59825,2.6248576e-05
59826,2.6248576e-05
59827,2.6248576e-05
59828,2.6248576e-05
59829,2.6248576e-05
59830,2.6248576e-05
59831,2.6248576e-05
59832,2.6248576e-05
59833,2.6248576e-05
59834,2.6248576e-05
59835,2.6248576e-05
59836,2.6248576e-05
59837,2.6248576e-05
59838,2.6248576e-05
59839,2.6248576e-05
59840,2.6248576e-05
59841,2.6248576e-05
59842,2.6248576e-05
59843,2.6248576e-05
59844,2.6248576e-05
59845,2.6248576e-05
59846,2.6248576e-05
59847,2.6248576e-05
59848,2.6248576e-05
59849,2.6248576e-05
59850,2.6248576e-05
59851,2.6248576e-05
59852,2.6248576e-05
59853,2.6248576e-05
59854,2.6248576e-05
59855,2.6248576e-05
59856,2.6248576e-05
59857,2.6248576e-05
59858,2.6248576e-05
59859,2.6248576e-05
59860,2.6248576e-05
59861,2.6248576e-05
59862,2.6248576e-05
59863,2.6248576e-05
59864,2.6248576e-05
59865,2.6248576e-05
59866,2.6248576e-05
59867,2.6248576e-05
59868,2.6248576e-05
59869,2.6248576e-05
59870,2.6248576e-05
59871,2.6248576e-05
59872,2.6248576e-05
59873,2.6248576e-05
59874,2.6248576e-05
59875,2.6248576e-05
59876,2.6248576e-05
59877,2.6248576e-05
59878,2.6248576e-05
59879,2.6248576e-05
59880,2.6248576e-05
59881,2.6248576e-05
59882,2.6248576e-05
59883,2.6248576e-05
59884,2.6248576e-05
59885,2.6248576e-05
59886,2.6248576e-05
59887,2.6248576e-05
59888,2.6248576e-05
59889,2.6248576e-05
59890,2.6248576e-05
59891,2.6248576e-05
59892,2.6248576e-05
59893,2.6248576e-05
59894,2.6248576e-05
59895,2.6248576e-05
59896,2.6248576e-05
59897,2.6248576e-05
59898,2.6248576e-05
59899,2.6248576e-05
59900,2.6248576e-05
59901,2.6248576e-05
59902,2.6248576e-05
59903,2.6248576e-05
59904,2.6248576e-05
59905,2.6248576e-05
59906,2.6248576e-05
59907,2.6248576e-05
59908,2.6248576e-05
59909,2.6248576e-05
59910,2.6248576e-05
59911,2.6248576e-05
59912,2.6248576e-05
59913,2.6248576e-05
59914,2.6248576e-05
59915,2.6248576e-05
59916,2.6248576e-05
59917,2.6248576e-05
59918,2.6248576e-05
59919,2.6248576e-05
59920,2.6248576e-05
59921,2.6248576e-05
59922,2.6248576e-05
59923,2.6248576e-05
59924,2.6248576e-05
59925,2.6248576e-05
59926,2.6248576e-05
59927,2.6248576e-05
59928,2.6248576e-05
59929,2.6248576e-05
59930,2.6248576e-05
59931,2.6248576e-05
59932,2.6248576e-05
59933,2.6248576e-05
59934,2.6248576e-05
59935,2.6248576e-05
59936,2.6248576e-05
59937,2.6248576e-05
59938,2.6248576e-05
59939,2.6248576e-05
59940,2.6248576e-05
59941,2.6248576e-05
59942,2.6248576e-05
59943,2.6248576e-05
59944,2.6248576e-05
59945,2.6248576e-05
59946,2.6248576e-05
59947,2.6248576e-05
59948,2.6248576e-05
59949,2.6248576e-05
59950,2.6248576e-05
59951,2.6248576e-05
59952,2.6248576e-05
59953,2.6248576e-05
59954,2.6248576e-05
59955,2.6248576e-05
59956,2.6248576e-05
59957,2.6248576e-05
59958,2.6248576e-05
59959,2.6248576e-05
59960,2.6248576e-05
59961,2.6248576e-05
59962,2.6248576e-05
59963,2.6248576e-05
59964,2.6248576e-05
59965,2.6248576e-05
59966,2.6248576e-05
59967,2.6248576e-05
59968,2.6248576e-05
59969,2.6248576e-05
59970,2.6248576e-05
59971,2.6248576e-05
59972,2.6248576e-05
59973,2.6248576e-05
59974,2.6248576e-05
59975,2.6248576e-05
59976,2.6248576e-05
59977,2.6248576e-05
59978,2.6248576e-05
59979,2.6248576e-05
59980,2.6248576e-05
59981,2.6248576e-05
59982,2.6248576e-05
59983,2.6248576e-05
59984,2.6248576e-05
59985,2.6248576e-05
59986,2.6248576e-05
59987,2.6248576e-05
59988,2.6248576e-05
59989,2.6248576e-05
59990,2.6248576e-05
59991,2.6248576e-05
59992,2.6248576e-05
59993,2.6248576e-05
59994,2.6248576e-05
59995,2.6248576e-05
59996,2.6248576e-05
59997,2.6248576e-05
59998,2.6248576e-05
59999,2.6248576e-05
60000,2.6248576e-05
60001,2.6248576e-05
60002,2.6248576e-05
60003,2.6248576e-05
60004,2.6248576e-05
60005,2.6248576e-05
60006,2.6248576e-05
60007,2.6248576e-05
60008,2.6248576e-05
60009,2.6248576e-05
60010,2.6248576e-05
60011,2.6248576e-05
60012,2.6248576e-05
60013,2.6248576e-05
60014,2.6248576e-05
60015,2.6248576e-05
60016,2.6248576e-05
60017,2.6248576e-05
60018,2.6248576e-05
60019,2.6248576e-05
60020,2.6248576e-05
60021,2.6248576e-05
60022,2.6248576e-05
60023,2.6248576e-05
60024,2.6248576e-05
60025,2.6248576e-05
60026,2.6248576e-05
60027,2.6248576e-05
60028,2.6248576e-05
60029,2.6248576e-05
60030,2.6248576e-05
60031,2.6248576e-05
60032,2.6248576e-05
60033,2.6248576e-05
60034,2.6248576e-05
60035,2.6248576e-05
60036,2.6248576e-05
60037,2.6248576e-05
60038,2.6248576e-05
60039,2.6248576e-05
60040,2.6248576e-05
60041,2.6248576e-05
60042,2.6248576e-05
60043,2.6248576e-05
60044,2.6248576e-05
60045,2.6248576e-05
60046,2.6248576e-05
60047,2.6248576e-05
60048,2.6248576e-05
60049,2.6248576e-05
60050,2.6248576e-05
60051,2.6248576e-05
60052,2.6248576e-05
60053,2.6248576e-05
60054,2.6248576e-05
60055,2.6248576e-05
60056,2.6248576e-05
60057,2.6248576e-05
60058,2.6248576e-05
60059,2.6248576e-05
60060,2.6248576e-05
60061,2.6248576e-05
60062,2.6248576e-05
60063,2.6248576e-05
60064,2.6248576e-05
60065,2.6248576e-05
60066,2.6248576e-05
60067,2.6248576e-05
60068,2.6248576e-05
60069,2.6248576e-05
60070,2.6248576e-05
60071,2.6248576e-05
60072,2.6248576e-05
60073,2.6248576e-05
60074,2.6248576e-05
60075,2.6248576e-05
60076,2.6248576e-05
60077,2.6248576e-05
60078,2.6248576e-05
60079,2.6248576e-05
60080,2.6248576e-05
60081,2.6248576e-05
60082,2.6248576e-05
60083,2.6248576e-05
60084,2.6248576e-05
60085,2.6248576e-05
60086,2.6248576e-05
60087,2.6248576e-05
60088,2.6248576e-05
60089,2.6248576e-05
60090,2.6248576e-05
60091,2.6248576e-05
60092,2.6248576e-05
60093,2.6248576e-05
60094,2.6248576e-05
60095,2.6248576e-05
60096,2.6248576e-05
60097,2.6248576e-05
60098,2.6248576e-05
60099,2.6248576e-05
60100,2.6248576e-05
60101,2.6248576e-05
60102,2.6248576e-05
60103,2.6248576e-05
60104,2.6248576e-05
60105,2.6248576e-05
60106,2.6248576e-05
60107,2.6248576e-05
60108,2.6248576e-05
60109,2.6248576e-05
60110,2.6248576e-05
60111,2.6248576e-05
60112,2.6248576e-05
60113,2.6248576e-05
60114,2.6248576e-05
60115,2.6248576e-05
60116,2.6248576e-05
60117,2.6248576e-05
60118,2.6248576e-05
60119,2.6248576e-05
60120,2.6248576e-05
60121,2.6248576e-05
60122,2.6248576e-05
60123,2.6248576e-05
60124,2.6248576e-05
60125,2.6248576e-05
60126,2.6248576e-05
60127,2.6248576e-05
60128,2.6248576e-05
60129,2.6248576e-05
60130,2.6248576e-05
60131,2.6248576e-05
60132,2.6248576e-05
60133,2.6248576e-05
60134,2.6248576e-05
60135,2.6248576e-05
60136,2.6248576e-05
60137,2.6248576e-05
60138,2.6248576e-05
60139,2.6248576e-05
60140,2.6248576e-05
60141,2.6248576e-05
60142,2.6248576e-05
60143,2.6248576e-05
60144,2.6248576e-05
60145,2.6248576e-05
60146,2.6248576e-05
60147,2.6248576e-05
60148,2.6248576e-05
60149,2.6248576e-05
60150,2.6248576e-05
60151,2.6248576e-05
60152,2.6248576e-05
60153,2.6248576e-05
60154,2.6248576e-05
60155,2.6248576e-05
60156,2.6248576e-05
60157,2.6248576e-05
60158,2.6248576e-05
60159,2.6248576e-05
60160,2.6248576e-05
60161,2.6248576e-05
60162,2.6248576e-05
60163,2.6248576e-05
60164,2.6248576e-05
60165,2.6248576e-05
60166,2.6248576e-05
60167,2.6248576e-05
60168,2.6248576e-05
60169,2.6248576e-05
60170,2.6248576e-05
60171,2.6248576e-05
60172,2.6248576e-05
60173,2.6248576e-05
60174,2.6248576e-05
60175,2.6248576e-05
60176,2.6248576e-05
60177,2.6248576e-05
60178,2.6248576e-05
60179,2.6248576e-05
60180,2.6248576e-05
60181,2.6248576e-05
60182,2.6248576e-05
60183,2.6248576e-05
60184,2.6248576e-05
60185,2.6248576e-05
60186,2.6248576e-05
60187,2.6248576e-05
60188,2.6248576e-05
60189,2.6248576e-05
60190,2.6248576e-05
60191,2.6248576e-05
60192,2.6248576e-05
60193,2.6248576e-05
60194,2.6248576e-05
60195,2.6248576e-05
60196,2.6248576e-05
60197,2.6248576e-05
60198,2.6248576e-05
60199,2.6248576e-05
60200,2.6248576e-05
60201,2.6248576e-05
60202,2.6248576e-05
60203,2.6248576e-05
60204,2.6248576e-05
60205,2.6248576e-05
60206,2.6248576e-05
60207,2.6248576e-05
60208,2.6248576e-05
60209,2.6248576e-05
60210,2.6248576e-05
60211,2.6248576e-05
60212,2.6248576e-05
60213,2.6248576e-05
60214,2.6248576e-05
60215,2.6248576e-05
60216,2.6248576e-05
60217,2.6248576e-05
60218,2.6248576e-05
60219,2.6248576e-05
60220,2.6248576e-05
60221,2.6248576e-05
60222,2.6248576e-05
60223,2.6248576e-05
60224,2.6248576e-05
60225,2.6248576e-05
60226,2.6248576e-05
60227,2.6248576e-05
60228,2.6248576e-05
60229,2.6248576e-05
60230,2.6248576e-05
60231,2.6248576e-05
60232,2.6248576e-05
60233,2.6248576e-05
60234,2.6248576e-05
60235,2.6248576e-05
60236,2.6248576e-05
60237,2.6248576e-05
60238,2.6248576e-05
60239,2.6248576e-05
60240,2.6248576e-05
60241,2.6248576e-05
60242,2.6248576e-05
60243,2.6248576e-05
60244,2.6248576e-05
60245,2.6248576e-05
60246,2.6248576e-05
60247,2.6248576e-05
60248,2.6248576e-05
60249,2.6248576e-05
60250,2.6248576e-05
60251,2.6248576e-05
60252,2.6248576e-05
60253,2.6248576e-05
60254,2.6248576e-05
60255,2.6248576e-05
60256,2.6248576e-05
60257,2.6248576e-05
60258,2.6248576e-05
60259,2.6248576e-05
60260,2.6248576e-05
60261,2.6248576e-05
60262,2.6248576e-05
60263,2.6248576e-05
60264,2.6248576e-05
60265,2.6248576e-05
60266,2.6248576e-05
60267,2.6248576e-05
60268,2.6248576e-05
60269,2.6248576e-05
60270,2.6248576e-05
60271,2.6248576e-05
60272,2.6248576e-05
60273,2.6248576e-05
60274,2.6248576e-05
60275,2.6248576e-05
60276,2.6248576e-05
60277,2.6248576e-05
60278,2.6248576e-05
60279,2.6248576e-05
60280,2.6248576e-05
60281,2.6248576e-05
60282,2.6248576e-05
60283,2.6248576e-05
60284,2.6248576e-05
60285,2.6248576e-05
60286,2.6248576e-05
60287,2.6248576e-05
60288,2.6248576e-05
60289,2.6248576e-05
60290,2.6248576e-05
60291,2.6248576e-05
60292,2.6248576e-05
60293,2.6248576e-05
60294,2.6248576e-05
60295,2.6248576e-05
60296,2.6248576e-05
60297,2.6248576e-05
60298,2.6248576e-05
60299,2.6248576e-05
60300,2.6248576e-05
60301,2.6248576e-05
60302,2.6248576e-05
60303,2.6248576e-05
60304,2.6248576e-05
60305,2.6248576e-05
60306,2.6248576e-05
60307,2.6248576e-05
60308,2.6248576e-05
60309,2.6248576e-05
60310,2.6248576e-05
60311,2.6248576e-05
60312,2.6248576e-05
60313,2.6248576e-05
60314,2.6248576e-05
60315,2.6248576e-05
60316,2.6248576e-05
60317,2.6248576e-05
60318,2.6248576e-05
60319,2.6248576e-05
60320,2.6248576e-05
60321,2.6248576e-05
60322,2.6248576e-05
60323,2.6248576e-05
60324,2.6248576e-05
60325,2.6248576e-05
60326,2.6248576e-05
60327,2.6248576e-05
60328,2.6248576e-05
60329,2.6248576e-05
60330,2.6248576e-05
60331,2.6248576e-05
60332,2.6248576e-05
60333,2.6248576e-05
60334,2.6248576e-05
60335,2.6248576e-05
60336,2.6248576e-05
60337,2.6248576e-05
60338,2.6248576e-05
60339,2.6248576e-05
60340,2.6248576e-05
60341,2.6248576e-05
60342,2.6248576e-05
60343,2.6248576e-05
60344,2.6248576e-05
60345,2.6248576e-05
60346,2.6248576e-05
60347,2.6248576e-05
60348,2.6248576e-05
60349,2.6248576e-05
60350,2.6248576e-05
60351,2.6248576e-05
60352,2.6248576e-05
60353,2.6248576e-05
60354,2.6248576e-05
60355,2.6248576e-05
60356,2.6248576e-05
60357,2.6248576e-05
60358,2.6248576e-05
60359,2.6248576e-05
60360,2.6248576e-05
60361,2.6248576e-05
60362,2.6248576e-05
60363,2.6248576e-05
60364,2.6248576e-05
60365,2.6248576e-05
60366,2.6248576e-05
60367,2.6248576e-05
60368,2.6248576e-05
60369,2.6248576e-05
60370,2.6248576e-05
60371,2.6248576e-05
60372,2.6248576e-05
60373,2.6248576e-05
60374,2.6248576e-05
60375,2.6248576e-05
60376,2.6248576e-05
60377,2.6248576e-05
60378,2.6248576e-05
60379,2.6248576e-05
60380,2.6248576e-05
60381,2.6248576e-05
60382,2.6248576e-05
60383,2.6248576e-05
60384,2.6248576e-05
60385,2.6248576e-05
60386,2.6248576e-05
60387,2.6248576e-05
60388,2.6248576e-05
60389,2.6248576e-05
60390,2.6248576e-05
60391,2.6248576e-05
60392,2.6248576e-05
60393,2.6248576e-05
60394,2.6248576e-05
60395,2.6248576e-05
60396,2.6248576e-05
60397,2.6248576e-05
60398,2.6248576e-05
60399,2.6248576e-05
60400,2.6248576e-05
60401,2.6248576e-05
60402,2.6248576e-05
60403,2.6248576e-05
60404,2.6248576e-05
60405,2.6248576e-05
60406,2.6248576e-05
60407,2.6248576e-05
60408,2.6248576e-05
60409,2.6248576e-05
60410,2.6248576e-05
60411,2.6248576e-05
60412,2.6248576e-05
60413,2.6248576e-05
60414,2.6248576e-05
60415,2.6248576e-05
60416,2.6248576e-05
60417,2.6248576e-05
60418,2.6248576e-05
60419,2.6248576e-05
60420,2.6248576e-05
60421,2.6248576e-05
60422,2.6248576e-05
60423,2.6248576e-05
60424,2.6248576e-05
60425,2.6248576e-05
60426,2.6248576e-05
60427,2.6248576e-05
60428,2.6248576e-05
60429,2.6248576e-05
60430,2.6248576e-05
60431,2.6248576e-05
60432,2.6248576e-05
60433,2.6248576e-05
60434,2.6248576e-05
60435,2.6248576e-05
60436,2.6248576e-05
60437,2.6248576e-05
60438,2.6248576e-05
60439,2.6248576e-05
60440,2.6248576e-05
60441,2.6248576e-05
60442,2.6248576e-05
60443,2.6248576e-05
60444,2.6248576e-05
60445,2.6248576e-05
60446,2.6248576e-05
60447,2.6248576e-05
60448,2.6248576e-05
60449,2.6248576e-05
60450,2.6248576e-05
60451,2.6248576e-05
60452,2.6248576e-05
60453,2.6248576e-05
60454,2.6248576e-05
60455,2.6248576e-05
60456,2.6248576e-05
60457,2.6248576e-05
60458,2.6248576e-05
60459,2.6248576e-05
60460,2.6248576e-05
60461,2.6248576e-05
60462,2.6248576e-05
60463,2.6248576e-05
60464,2.6248576e-05
60465,2.6248576e-05
60466,2.6248576e-05
60467,2.6248576e-05
60468,2.6248576e-05
60469,2.6248576e-05
60470,2.6248576e-05
60471,2.6248576e-05
60472,2.6248576e-05
60473,2.6248576e-05
60474,2.6248576e-05
60475,2.6248576e-05
60476,2.6248576e-05
60477,2.6248576e-05
60478,2.6248576e-05
60479,2.6248576e-05
60480,2.6248576e-05
60481,2.6248576e-05
60482,2.6248576e-05
60483,2.6248576e-05
60484,2.6248576e-05
60485,2.6248576e-05
60486,2.6248576e-05
60487,2.6248576e-05
60488,2.6248576e-05
60489,2.6248576e-05
60490,2.6248576e-05
60491,2.6248576e-05
60492,2.6248576e-05
60493,2.6248576e-05
60494,2.6248576e-05
60495,2.6248576e-05
60496,2.6248576e-05
60497,2.6248576e-05
60498,2.6248576e-05
60499,2.6248576e-05
60500,2.6248576e-05
60501,2.6248576e-05
60502,2.6248576e-05
60503,2.6248576e-05
60504,2.6248576e-05
60505,2.6248576e-05
60506,2.6248576e-05
60507,2.6248576e-05
60508,2.6248576e-05
60509,2.6248576e-05
60510,2.6248576e-05
60511,2.6248576e-05
60512,2.6248576e-05
60513,2.6248576e-05
60514,2.6248576e-05
60515,2.6248576e-05
60516,2.6248576e-05
60517,2.6248576e-05
60518,2.6248576e-05
60519,2.6248576e-05
60520,2.6248576e-05
60521,2.6248576e-05
60522,2.6248576e-05
60523,2.6248576e-05
60524,2.6248576e-05
60525,2.6248576e-05
60526,2.6248576e-05
60527,2.6248576e-05
60528,2.6248576e-05
60529,2.6248576e-05
60530,2.6248576e-05
60531,2.6248576e-05
60532,2.6248576e-05
60533,2.6248576e-05
60534,2.6248576e-05
60535,2.6248576e-05
60536,2.6248576e-05
60537,2.6248576e-05
60538,2.6248576e-05
60539,2.6248576e-05
60540,2.6248576e-05
60541,2.6248576e-05
60542,2.6248576e-05
60543,2.6248576e-05
60544,2.6248576e-05
60545,2.6248576e-05
60546,2.6248576e-05
60547,2.6248576e-05
60548,2.6248576e-05
60549,2.6248576e-05
60550,2.6248576e-05
60551,2.6248576e-05
60552,2.6248576e-05
60553,2.6248576e-05
60554,2.6248576e-05
60555,2.6248576e-05
60556,2.6248576e-05
60557,2.6248576e-05
60558,2.6248576e-05
60559,2.6248576e-05
60560,2.6248576e-05
60561,2.6248576e-05
60562,2.6248576e-05
60563,2.6248576e-05
60564,2.6248576e-05
60565,2.6248576e-05
60566,2.6248576e-05
60567,2.6248576e-05
60568,2.6248576e-05
60569,2.6248576e-05
60570,2.6248576e-05
60571,2.6248576e-05
60572,2.6248576e-05
60573,2.6248576e-05
60574,2.6248576e-05
60575,2.6248576e-05
60576,2.6248576e-05
60577,2.6248576e-05
60578,2.6248576e-05
60579,2.6248576e-05
60580,2.6248576e-05
60581,2.6248576e-05
60582,2.6248576e-05
60583,2.6248576e-05
60584,2.6248576e-05
60585,2.6248576e-05
60586,2.6248576e-05
60587,2.6248576e-05
60588,2.6248576e-05
60589,2.6248576e-05
60590,2.6248576e-05
60591,2.6248576e-05
60592,2.6248576e-05
60593,2.6248576e-05
60594,2.6248576e-05
60595,2.6248576e-05
60596,2.6248576e-05
60597,2.6248576e-05
60598,2.6248576e-05
60599,2.6248576e-05
60600,2.6248576e-05
60601,2.6248576e-05
60602,2.6248576e-05
60603,2.6248576e-05
60604,2.6248576e-05
60605,2.6248576e-05
60606,2.6248576e-05
60607,2.6248576e-05
60608,2.6248576e-05
60609,2.6248576e-05
60610,2.6248576e-05
60611,2.6248576e-05
60612,2.6248576e-05
60613,2.6248576e-05
60614,2.6248576e-05
60615,2.6248576e-05
60616,2.6248576e-05
60617,2.6248576e-05
60618,2.6248576e-05
60619,2.6248576e-05
60620,2.6248576e-05
60621,2.6248576e-05
60622,2.6248576e-05
60623,2.6248576e-05
60624,2.6248576e-05
60625,2.6248576e-05
60626,2.6248576e-05
60627,2.6248576e-05
60628,2.6248576e-05
60629,2.6248576e-05
60630,2.6248576e-05
60631,2.6248576e-05
60632,2.6248576e-05
60633,2.6248576e-05
60634,2.6248576e-05
60635,2.6248576e-05
60636,2.6248576e-05
60637,2.6248576e-05
60638,2.6248576e-05
60639,2.6248576e-05
60640,2.6248576e-05
60641,2.6248576e-05
60642,2.6248576e-05
60643,2.6248576e-05
60644,2.6248576e-05
60645,2.6248576e-05
60646,2.6248576e-05
60647,2.6248576e-05
60648,2.6248576e-05
60649,2.6248576e-05
60650,2.6248576e-05
60651,2.6248576e-05
60652,2.6248576e-05
60653,2.6248576e-05
60654,2.6248576e-05
60655,2.6248576e-05
60656,2.6248576e-05
60657,2.6248576e-05
60658,2.6248576e-05
60659,2.6248576e-05
60660,2.6248576e-05
60661,2.6248576e-05
60662,2.6248576e-05
60663,2.6248576e-05
60664,2.6248576e-05
60665,2.6248576e-05
60666,2.6248576e-05
60667,2.6248576e-05
60668,2.6248576e-05
60669,2.6248576e-05
60670,2.6248576e-05
60671,2.6248576e-05
60672,2.6248576e-05
60673,2.6248576e-05
60674,2.6248576e-05
60675,2.6248576e-05
60676,2.6248576e-05
60677,2.6248576e-05
60678,2.6248576e-05
60679,2.6248576e-05
60680,2.6248576e-05
60681,2.6248576e-05
60682,2.6248576e-05
60683,2.6248576e-05
60684,2.6248576e-05
60685,2.6248576e-05
60686,2.6248576e-05
60687,2.6248576e-05
60688,2.6248576e-05
60689,2.6248576e-05
60690,2.6248576e-05
60691,2.6248576e-05
60692,2.6248576e-05
60693,2.6248576e-05
60694,2.6248576e-05
60695,2.6248576e-05
60696,2.6248576e-05
60697,2.6248576e-05
60698,2.6248576e-05
60699,2.6248576e-05
60700,2.6248576e-05
60701,2.6248576e-05
60702,2.6248576e-05
60703,2.6248576e-05
60704,2.6248576e-05
60705,2.6248576e-05
60706,2.6248576e-05
60707,2.6248576e-05
60708,2.6248576e-05
60709,2.6248576e-05
60710,2.6248576e-05
60711,2.6248576e-05
60712,2.6248576e-05
60713,2.6248576e-05
60714,2.6248576e-05
60715,2.6248576e-05
60716,2.6248576e-05
60717,2.6248576e-05
60718,2.6248576e-05
60719,2.6248576e-05
60720,2.6248576e-05
60721,2.6248576e-05
60722,2.6248576e-05
60723,2.6248576e-05
60724,2.6248576e-05
60725,2.6248576e-05
60726,2.6248576e-05
60727,2.6248576e-05
60728,2.6248576e-05
60729,2.6248576e-05
60730,2.6248576e-05
60731,2.6248576e-05
60732,2.6248576e-05
60733,2.6248576e-05
60734,2.6248576e-05
60735,2.6248576e-05
60736,2.6248576e-05
60737,2.6248576e-05
60738,2.6248576e-05
60739,2.6248576e-05
60740,2.6248576e-05
60741,2.6248576e-05
60742,2.6248576e-05
60743,2.6248576e-05
60744,2.6248576e-05
60745,2.6248576e-05
60746,2.6248576e-05
60747,2.6248576e-05
60748,2.6248576e-05
60749,2.6248576e-05
60750,2.6248576e-05
60751,2.6248576e-05
60752,2.6248576e-05
60753,2.6248576e-05
60754,2.6248576e-05
60755,2.6248576e-05
60756,2.6248576e-05
60757,2.6248576e-05
60758,2.6248576e-05
60759,2.6248576e-05
60760,2.6248576e-05
60761,2.6248576e-05
60762,2.6248576e-05
60763,2.6248576e-05
60764,2.6248576e-05
60765,2.6248576e-05
60766,2.6248576e-05
60767,2.6248576e-05
60768,2.6248576e-05
60769,2.6248576e-05
60770,2.6248576e-05
60771,2.6248576e-05
60772,2.6248576e-05
60773,2.6248576e-05
60774,2.6248576e-05
60775,2.6248576e-05
60776,2.6248576e-05
60777,2.6248576e-05
60778,2.6248576e-05
60779,2.6248576e-05
60780,2.6248576e-05
60781,2.6248576e-05
60782,2.6248576e-05
60783,2.6248576e-05
60784,2.6248576e-05
60785,2.6248576e-05
60786,2.6248576e-05
60787,2.6248576e-05
60788,2.6248576e-05
60789,2.6248576e-05
60790,2.6248576e-05
60791,2.6248576e-05
60792,2.6248576e-05
60793,2.6248576e-05
60794,2.6248576e-05
60795,2.6248576e-05
60796,2.6248576e-05
60797,2.6248576e-05
60798,2.6248576e-05
60799,2.6248576e-05
60800,2.6248576e-05
60801,2.6248576e-05
60802,2.6248576e-05
60803,2.6248576e-05
60804,2.6248576e-05
60805,2.6248576e-05
60806,2.6248576e-05
60807,2.6248576e-05
60808,2.6248576e-05
60809,2.6248576e-05
60810,2.6248576e-05
60811,2.6248576e-05
60812,2.6248576e-05
60813,2.6248576e-05
60814,2.6248576e-05
60815,2.6248576e-05
60816,2.6248576e-05
60817,2.6248576e-05
60818,2.6248576e-05
60819,2.6248576e-05
60820,2.6248576e-05
60821,2.6248576e-05
60822,2.6248576e-05
60823,2.6248576e-05
60824,2.6248576e-05
60825,2.6248576e-05
60826,2.6248576e-05
60827,2.6248576e-05
60828,2.6248576e-05
60829,2.6248576e-05
60830,2.6248576e-05
60831,2.6248576e-05
60832,2.6248576e-05
60833,2.6248576e-05
60834,2.6248576e-05
60835,2.6248576e-05
60836,2.6248576e-05
60837,2.6248576e-05
60838,2.6248576e-05
60839,2.6248576e-05
60840,2.6248576e-05
60841,2.6248576e-05
60842,2.6248576e-05
60843,2.6248576e-05
60844,2.6248576e-05
60845,2.6248576e-05
60846,2.6248576e-05
60847,2.6248576e-05
60848,2.6248576e-05
60849,2.6248576e-05
60850,2.6248576e-05
60851,2.6248576e-05
60852,2.6248576e-05
60853,2.6248576e-05
60854,2.6248576e-05
60855,2.6248576e-05
60856,2.6248576e-05
60857,2.6248576e-05
60858,2.6248576e-05
60859,2.6248576e-05
60860,2.6248576e-05
60861,2.6248576e-05
60862,2.6248576e-05
60863,2.6248576e-05
60864,2.6248576e-05
60865,2.6248576e-05
60866,2.6248576e-05
60867,2.6248576e-05
60868,2.6248576e-05
60869,2.6248576e-05
60870,2.6248576e-05
60871,2.6248576e-05
60872,2.6248576e-05
60873,2.6248576e-05
60874,2.6248576e-05
60875,2.6248576e-05
60876,2.6248576e-05
60877,2.6248576e-05
60878,2.6248576e-05
60879,2.6248576e-05
60880,2.6248576e-05
60881,2.6248576e-05
60882,2.6248576e-05
60883,2.6248576e-05
60884,2.6248576e-05
60885,2.6248576e-05
60886,2.6248576e-05
60887,2.6248576e-05
60888,2.6248576e-05
60889,2.6248576e-05
60890,2.6248576e-05
60891,2.6248576e-05
60892,2.6248576e-05
60893,2.6248576e-05
60894,2.6248576e-05
60895,2.6248576e-05
60896,2.6248576e-05
60897,2.6248576e-05
60898,2.6248576e-05
60899,2.6248576e-05
60900,2.6248576e-05
60901,2.6248576e-05
60902,2.6248576e-05
60903,2.6248576e-05
60904,2.6248576e-05
60905,2.6248576e-05
60906,2.6248576e-05
60907,2.6248576e-05
60908,2.6248576e-05
60909,2.6248576e-05
60910,2.6248576e-05
60911,2.6248576e-05
60912,2.6248576e-05
60913,2.6248576e-05
60914,2.6248576e-05
60915,2.6248576e-05
60916,2.6248576e-05
60917,2.6248576e-05
60918,2.6248576e-05
60919,2.6248576e-05
60920,2.6248576e-05
60921,2.6248576e-05
60922,2.6248576e-05
60923,2.6248576e-05
60924,2.6248576e-05
60925,2.6248576e-05
60926,2.6248576e-05
60927,2.6248576e-05
60928,2.6248576e-05
60929,2.6248576e-05
60930,2.6248576e-05
60931,2.6248576e-05
60932,2.6248576e-05
60933,2.6248576e-05
60934,2.6248576e-05
60935,2.6248576e-05
60936,2.6248576e-05
60937,2.6248576e-05
60938,2.6248576e-05
60939,2.6248576e-05
60940,2.6248576e-05
60941,2.6248576e-05
60942,2.6248576e-05
60943,2.6248576e-05
60944,2.6248576e-05
60945,2.6248576e-05
60946,2.6248576e-05
60947,2.6248576e-05
60948,2.6248576e-05
60949,2.6248576e-05
60950,2.6248576e-05
60951,2.6248576e-05
60952,2.6248576e-05
60953,2.6248576e-05
60954,2.6248576e-05
60955,2.6248576e-05
60956,2.6248576e-05
60957,2.6248576e-05
60958,2.6248576e-05
60959,2.6248576e-05
60960,2.6248576e-05
60961,2.6248576e-05
60962,2.6248576e-05
60963,2.6248576e-05
60964,2.6248576e-05
60965,2.6248576e-05
60966,2.6248576e-05
60967,2.6248576e-05
60968,2.6248576e-05
60969,2.6248576e-05
60970,2.6248576e-05
60971,2.6248576e-05
60972,2.6248576e-05
60973,2.6248576e-05
60974,2.6248576e-05
60975,2.6248576e-05
60976,2.6248576e-05
60977,2.6248576e-05
60978,2.6248576e-05
60979,2.6248576e-05
60980,2.6248576e-05
60981,2.6248576e-05
60982,2.6248576e-05
60983,2.6248576e-05
60984,2.6248576e-05
60985,2.6248576e-05
60986,2.6248576e-05
60987,2.6248576e-05
60988,2.6248576e-05
60989,2.6248576e-05
60990,2.6248576e-05
60991,2.6248576e-05
60992,2.6248576e-05
60993,2.6248576e-05
60994,2.6248576e-05
60995,2.6248576e-05
60996,2.6248576e-05
60997,2.6248576e-05
60998,2.6248576e-05
60999,2.6248576e-05
61000,2.6248576e-05
61001,2.6248576e-05
61002,2.6248576e-05
61003,2.6248576e-05
61004,2.6248576e-05
61005,2.6248576e-05
61006,2.6248576e-05
61007,2.6248576e-05
61008,2.6248576e-05
61009,2.6248576e-05
61010,2.6248576e-05
61011,2.6248576e-05
61012,2.6248576e-05
61013,2.6248576e-05
61014,2.6248576e-05
61015,2.6248576e-05
61016,2.6248576e-05
61017,2.6248576e-05
61018,2.6248576e-05
61019,2.6248576e-05
61020,2.6248576e-05
61021,2.6248576e-05
61022,2.6248576e-05
61023,2.6248576e-05
61024,2.6248576e-05
61025,2.6248576e-05
61026,2.6248576e-05
61027,2.6248576e-05
61028,2.6248576e-05
61029,2.6248576e-05
61030,2.6248576e-05
61031,2.6248576e-05
61032,2.6248576e-05
61033,2.6248576e-05
61034,2.6248576e-05
61035,2.6248576e-05
61036,2.6248576e-05
61037,2.6248576e-05
61038,2.6248576e-05
61039,2.6248576e-05
61040,2.6248576e-05
61041,2.6248576e-05
61042,2.6248576e-05
61043,2.6248576e-05
61044,2.6248576e-05
61045,2.6248576e-05
61046,2.6248576e-05
61047,2.6248576e-05
61048,2.6248576e-05
61049,2.6248576e-05
61050,2.6248576e-05
61051,2.6248576e-05
61052,2.6248576e-05
61053,2.6248576e-05
61054,2.6248576e-05
61055,2.6248576e-05
61056,2.6248576e-05
61057,2.6248576e-05
61058,2.6248576e-05
61059,2.6248576e-05
61060,2.6248576e-05
61061,2.6248576e-05
61062,2.6248576e-05
61063,2.6248576e-05
61064,2.6248576e-05
61065,2.6248576e-05
61066,2.6248576e-05
61067,2.6248576e-05
61068,2.6248576e-05
61069,2.6248576e-05
61070,2.6248576e-05
61071,2.6248576e-05
61072,2.6248576e-05
61073,2.6248576e-05
61074,2.6248576e-05
61075,2.6248576e-05
61076,2.6248576e-05
61077,2.6248576e-05
61078,2.6248576e-05
61079,2.6248576e-05
61080,2.6248576e-05
61081,2.6248576e-05
61082,2.6248576e-05
61083,2.6248576e-05
61084,2.6248576e-05
61085,2.6248576e-05
61086,2.6248576e-05
61087,2.6248576e-05
61088,2.6248576e-05
61089,2.6248576e-05
61090,2.6248576e-05
61091,2.6248576e-05
61092,2.6248576e-05
61093,2.6248576e-05
61094,2.6248576e-05
61095,2.6248576e-05
61096,2.6248576e-05
61097,2.6248576e-05
61098,2.6248576e-05
61099,2.6248576e-05
61100,2.6248576e-05
61101,2.6248576e-05
61102,2.6248576e-05
61103,2.6248576e-05
61104,2.6248576e-05
61105,2.6248576e-05
61106,2.6248576e-05
61107,2.6248576e-05
61108,2.6248576e-05
61109,2.6248576e-05
61110,2.6248576e-05
61111,2.6248576e-05
61112,2.6248576e-05
61113,2.6248576e-05
61114,2.6248576e-05
61115,2.6248576e-05
61116,2.6248576e-05
61117,2.6248576e-05
61118,2.6248576e-05
61119,2.6248576e-05
61120,2.6248576e-05
61121,2.6248576e-05
61122,2.6248576e-05
61123,2.6248576e-05
61124,2.6248576e-05
61125,2.6248576e-05
61126,2.6248576e-05
61127,2.6248576e-05
61128,2.6248576e-05
61129,2.6248576e-05
61130,2.6248576e-05
61131,2.6248576e-05
61132,2.6248576e-05
61133,2.6248576e-05
61134,2.6248576e-05
61135,2.6248576e-05
61136,2.6248576e-05
61137,2.6248576e-05
61138,2.6248576e-05
61139,2.6248576e-05
61140,2.6248576e-05
61141,2.6248576e-05
61142,2.6248576e-05
61143,2.6248576e-05
61144,2.6248576e-05
61145,2.6248576e-05
61146,2.6248576e-05
61147,2.6248576e-05
61148,2.6248576e-05
61149,2.6248576e-05
61150,2.6248576e-05
61151,2.6248576e-05
61152,2.6248576e-05
61153,2.6248576e-05
61154,2.6248576e-05
61155,2.6248576e-05
61156,2.6248576e-05
61157,2.6248576e-05
61158,2.6248576e-05
61159,2.6248576e-05
61160,2.6248576e-05
61161,2.6248576e-05
61162,2.6248576e-05
61163,2.6248576e-05
61164,2.6248576e-05
61165,2.6248576e-05
61166,2.6248576e-05
61167,2.6248576e-05
61168,2.6248576e-05
61169,2.6248576e-05
61170,2.6248576e-05
61171,2.6248576e-05
61172,2.6248576e-05
61173,2.6248576e-05
61174,2.6248576e-05
61175,2.6248576e-05
61176,2.6248576e-05
61177,2.6248576e-05
61178,2.6248576e-05
61179,2.6248576e-05
61180,2.6248576e-05
61181,2.6248576e-05
61182,2.6248576e-05
61183,2.6248576e-05
61184,2.6248576e-05
61185,2.6248576e-05
61186,2.6248576e-05
61187,2.6248576e-05
61188,2.6248576e-05
61189,2.6248576e-05
61190,2.6248576e-05
61191,2.6248576e-05
61192,2.6248576e-05
61193,2.6248576e-05
61194,2.6248576e-05
61195,2.6248576e-05
61196,2.6248576e-05
61197,2.6248576e-05
61198,2.6248576e-05
61199,2.6248576e-05
61200,2.6248576e-05
61201,2.6248576e-05
61202,2.6248576e-05
61203,2.6248576e-05
61204,2.6248576e-05
61205,2.6248576e-05
61206,2.6248576e-05
61207,2.6248576e-05
61208,2.6248576e-05
61209,2.6248576e-05
61210,2.6248576e-05
61211,2.6248576e-05
61212,2.6248576e-05
61213,2.6248576e-05
61214,2.6248576e-05
61215,2.6248576e-05
61216,2.6248576e-05
61217,2.6248576e-05
61218,2.6248576e-05
61219,2.6248576e-05
61220,2.6248576e-05
61221,2.6248576e-05
61222,2.6248576e-05
61223,2.6248576e-05
61224,2.6248576e-05
61225,2.6248576e-05
61226,2.6248576e-05
61227,2.6248576e-05
61228,2.6248576e-05
61229,2.6248576e-05
61230,2.6248576e-05
61231,2.6248576e-05
61232,2.6248576e-05
61233,2.6248576e-05
61234,2.6248576e-05
61235,2.6248576e-05
61236,2.6248576e-05
61237,2.6248576e-05
61238,2.6248576e-05
61239,2.6248576e-05
61240,2.6248576e-05
61241,2.6248576e-05
61242,2.6248576e-05
61243,2.6248576e-05
61244,2.6248576e-05
61245,2.6248576e-05
61246,2.6248576e-05
61247,2.6248576e-05
61248,2.6248576e-05
61249,2.6248576e-05
61250,2.6248576e-05
61251,2.6248576e-05
61252,2.6248576e-05
61253,2.6248576e-05
61254,2.6248576e-05
61255,2.6248576e-05
61256,2.6248576e-05
61257,2.6248576e-05
61258,2.6248576e-05
61259,2.6248576e-05
61260,2.6248576e-05
61261,2.6248576e-05
61262,2.6248576e-05
61263,2.6248576e-05
61264,2.6248576e-05
61265,2.6248576e-05
61266,2.6248576e-05
61267,2.6248576e-05
61268,2.6248576e-05
61269,2.6248576e-05
61270,2.6248576e-05
61271,2.6248576e-05
61272,2.6248576e-05
61273,2.6248576e-05
61274,2.6248576e-05
61275,2.6248576e-05
61276,2.6248576e-05
61277,2.6248576e-05
61278,2.6248576e-05
61279,2.6248576e-05
61280,2.6248576e-05
61281,2.6248576e-05
61282,2.6248576e-05
61283,2.6248576e-05
61284,2.6248576e-05
61285,2.6248576e-05
61286,2.6248576e-05
61287,2.6248576e-05
61288,2.6248576e-05
61289,2.6248576e-05
61290,2.6248576e-05
61291,2.6248576e-05
61292,2.6248576e-05
61293,2.6248576e-05
61294,2.6248576e-05
61295,2.6248576e-05
61296,2.6248576e-05
61297,2.6248576e-05
61298,2.6248576e-05
61299,2.6248576e-05
61300,2.6248576e-05
61301,2.6248576e-05
61302,2.6248576e-05
61303,2.6248576e-05
61304,2.6248576e-05
61305,2.6248576e-05
61306,2.6248576e-05
61307,2.6248576e-05
61308,2.6248576e-05
61309,2.6248576e-05
61310,2.6248576e-05
61311,2.6248576e-05
61312,2.6248576e-05
61313,2.6248576e-05
61314,2.6248576e-05
61315,2.6248576e-05
61316,2.6248576e-05
61317,2.6248576e-05
61318,2.6248576e-05
61319,2.6248576e-05
61320,2.6248576e-05
61321,2.6248576e-05
61322,2.6248576e-05
61323,2.6248576e-05
61324,2.6248576e-05
61325,2.6248576e-05
61326,2.6248576e-05
61327,2.6248576e-05
61328,2.6248576e-05
61329,2.6248576e-05
61330,2.6248576e-05
61331,2.6248576e-05
61332,2.6248576e-05
61333,2.6248576e-05
61334,2.6248576e-05
61335,2.6248576e-05
61336,2.6248576e-05
61337,2.6248576e-05
61338,2.6248576e-05
61339,2.6248576e-05
61340,2.6248576e-05
61341,2.6248576e-05
61342,2.6248576e-05
61343,2.6248576e-05
61344,2.6248576e-05
61345,2.6248576e-05
61346,2.6248576e-05
61347,2.6248576e-05
61348,2.6248576e-05
61349,2.6248576e-05
61350,2.6248576e-05
61351,2.6248576e-05
61352,2.6248576e-05
61353,2.6248576e-05
61354,2.6248576e-05
61355,2.6248576e-05
61356,2.6248576e-05
61357,2.6248576e-05
61358,2.6248576e-05
61359,2.6248576e-05
61360,2.6248576e-05
61361,2.6248576e-05
61362,2.6248576e-05
61363,2.6248576e-05
61364,2.6248576e-05
61365,2.6248576e-05
61366,2.6248576e-05
61367,2.6248576e-05
61368,2.6248576e-05
61369,2.6248576e-05
61370,2.6248576e-05
61371,2.6248576e-05
61372,2.6248576e-05
61373,2.6248576e-05
61374,2.6248576e-05
61375,2.6248576e-05
61376,2.6248576e-05
61377,2.6248576e-05
61378,2.6248576e-05
61379,2.6248576e-05
61380,2.6248576e-05
61381,2.6248576e-05
61382,2.6248576e-05
61383,2.6248576e-05
61384,2.6248576e-05
61385,2.6248576e-05
61386,2.6248576e-05
61387,2.6248576e-05
61388,2.6248576e-05
61389,2.6248576e-05
61390,2.6248576e-05
61391,2.6248576e-05
61392,2.6248576e-05
61393,2.6248576e-05
61394,2.6248576e-05
61395,2.6248576e-05
61396,2.6248576e-05
61397,2.6248576e-05
61398,2.6248576e-05
61399,2.6248576e-05
61400,2.6248576e-05
61401,2.6248576e-05
61402,2.6248576e-05
61403,2.6248576e-05
61404,2.6248576e-05
61405,2.6248576e-05
61406,2.6248576e-05
61407,2.6248576e-05
61408,2.6248576e-05
61409,2.6248576e-05
61410,2.6248576e-05
61411,2.6248576e-05
61412,2.6248576e-05
61413,2.6248576e-05
61414,2.6248576e-05
61415,2.6248576e-05
61416,2.6248576e-05
61417,2.6248576e-05
61418,2.6248576e-05
61419,2.6248576e-05
61420,2.6248576e-05
61421,2.6248576e-05
61422,2.6248576e-05
61423,2.6248576e-05
61424,2.6248576e-05
61425,2.6248576e-05
61426,2.6248576e-05
61427,2.6248576e-05
61428,2.6248576e-05
61429,2.6248576e-05
61430,2.6248576e-05
61431,2.6248576e-05
61432,2.6248576e-05
61433,2.6248576e-05
61434,2.6248576e-05
61435,2.6248576e-05
61436,2.6248576e-05
61437,2.6248576e-05
61438,2.6248576e-05
61439,2.6248576e-05
61440,2.6248576e-05
61441,2.6248576e-05
61442,2.6248576e-05
61443,2.6248576e-05
61444,2.6248576e-05
61445,2.6248576e-05
61446,2.6248576e-05
61447,2.6248576e-05
61448,2.6248576e-05
61449,2.6248576e-05
61450,2.6248576e-05
61451,2.6248576e-05
61452,2.6248576e-05
61453,2.6248576e-05
61454,2.6248576e-05
61455,2.6248576e-05
61456,2.6248576e-05
61457,2.6248576e-05
61458,2.6248576e-05
61459,2.6248576e-05
61460,2.6248576e-05
61461,2.6248576e-05
61462,2.6248576e-05
61463,2.6248576e-05
61464,2.6248576e-05
61465,2.6248576e-05
61466,2.6248576e-05
61467,2.6248576e-05
61468,2.6248576e-05
61469,2.6248576e-05
61470,2.6248576e-05
61471,2.6248576e-05
61472,2.6248576e-05
61473,2.6248576e-05
61474,2.6248576e-05
61475,2.6248576e-05
61476,2.6248576e-05
61477,2.6248576e-05
61478,2.6248576e-05
61479,2.6248576e-05
61480,2.6248576e-05
61481,2.6248576e-05
61482,2.6248576e-05
61483,2.6248576e-05
61484,2.6248576e-05
61485,2.6248576e-05
61486,2.6248576e-05
61487,2.6248576e-05
61488,2.6248576e-05
61489,2.6248576e-05
61490,2.6248576e-05
61491,2.6248576e-05
61492,2.6248576e-05
61493,2.6248576e-05
61494,2.6248576e-05
61495,2.6248576e-05
61496,2.6248576e-05
61497,2.6248576e-05
61498,2.6248576e-05
61499,2.6248576e-05
61500,2.6248576e-05
61501,2.6248576e-05
61502,2.6248576e-05
61503,2.6248576e-05
61504,2.6248576e-05
61505,2.6248576e-05
61506,2.6248576e-05
61507,2.6248576e-05
61508,2.6248576e-05
61509,2.6248576e-05
61510,2.6248576e-05
61511,2.6248576e-05
61512,2.6248576e-05
61513,2.6248576e-05
61514,2.6248576e-05
61515,2.6248576e-05
61516,2.6248576e-05
61517,2.6248576e-05
61518,2.6248576e-05
61519,2.6248576e-05
61520,2.6248576e-05
61521,2.6248576e-05
61522,2.6248576e-05
61523,2.6248576e-05
61524,2.6248576e-05
61525,2.6248576e-05
61526,2.6248576e-05
61527,2.6248576e-05
61528,2.6248576e-05
61529,2.6248576e-05
61530,2.6248576e-05
61531,2.6248576e-05
61532,2.6248576e-05
61533,2.6248576e-05
61534,2.6248576e-05
61535,2.6248576e-05
61536,2.6248576e-05
61537,2.6248576e-05
61538,2.6248576e-05
61539,2.6248576e-05
61540,2.6248576e-05
61541,2.6248576e-05
61542,2.6248576e-05
61543,2.6248576e-05
61544,2.6248576e-05
61545,2.6248576e-05
61546,2.6248576e-05
61547,2.6248576e-05
61548,2.6248576e-05
61549,2.6248576e-05
61550,2.6248576e-05
61551,2.6248576e-05
61552,2.6248576e-05
61553,2.6248576e-05
61554,2.6248576e-05
61555,2.6248576e-05
61556,2.6248576e-05
61557,2.6248576e-05
61558,2.6248576e-05
61559,2.6248576e-05
61560,2.6248576e-05
61561,2.6248576e-05
61562,2.6248576e-05
61563,2.6248576e-05
61564,2.6248576e-05
61565,2.6248576e-05
61566,2.6248576e-05
61567,2.6248576e-05
61568,2.6248576e-05
61569,2.6248576e-05
61570,2.6248576e-05
61571,2.6248576e-05
61572,2.6248576e-05
61573,2.6248576e-05
61574,2.6248576e-05
61575,2.6248576e-05
61576,2.6248576e-05
61577,2.6248576e-05
61578,2.6248576e-05
61579,2.6248576e-05
61580,2.6248576e-05
61581,2.6248576e-05
61582,2.6248576e-05
61583,2.6248576e-05
61584,2.6248576e-05
61585,2.6248576e-05
61586,2.6248576e-05
61587,2.6248576e-05
61588,2.6248576e-05
61589,2.6248576e-05
61590,2.6248576e-05
61591,2.6248576e-05
61592,2.6248576e-05
61593,2.6248576e-05
61594,2.6248576e-05
61595,2.6248576e-05
61596,2.6248576e-05
61597,2.6248576e-05
61598,2.6248576e-05
61599,2.6248576e-05
61600,2.6248576e-05
61601,2.6248576e-05
61602,2.6248576e-05
61603,2.6248576e-05
61604,2.6248576e-05
61605,2.6248576e-05
61606,2.6248576e-05
61607,2.6248576e-05
61608,2.6248576e-05
61609,2.6248576e-05
61610,2.6248576e-05
61611,2.6248576e-05
61612,2.6248576e-05
61613,2.6248576e-05
61614,2.6248576e-05
61615,2.6248576e-05
61616,2.6248576e-05
61617,2.6248576e-05
61618,2.6248576e-05
61619,2.6248576e-05
61620,2.6248576e-05
61621,2.6248576e-05
61622,2.6248576e-05
61623,2.6248576e-05
61624,2.6248576e-05
61625,2.6248576e-05
61626,2.6248576e-05
61627,2.6248576e-05
61628,2.6248576e-05
61629,2.6248576e-05
61630,2.6248576e-05
61631,2.6248576e-05
61632,2.6248576e-05
61633,2.6248576e-05
61634,2.6248576e-05
61635,2.6248576e-05
61636,2.6248576e-05
61637,2.6248576e-05
61638,2.6248576e-05
61639,2.6248576e-05
61640,2.6248576e-05
61641,2.6248576e-05
61642,2.6248576e-05
61643,2.6248576e-05
61644,2.6248576e-05
61645,2.6248576e-05
61646,2.6248576e-05
61647,2.6248576e-05
61648,2.6248576e-05
61649,2.6248576e-05
61650,2.6248576e-05
61651,2.6248576e-05
61652,2.6248576e-05
61653,2.6248576e-05
61654,2.6248576e-05
61655,2.6248576e-05
61656,2.6248576e-05
61657,2.6248576e-05
61658,2.6248576e-05
61659,2.6248576e-05
61660,2.6248576e-05
61661,2.6248576e-05
61662,2.6248576e-05
61663,2.6248576e-05
61664,2.6248576e-05
61665,2.6248576e-05
61666,2.6248576e-05
61667,2.6248576e-05
61668,2.6248576e-05
61669,2.6248576e-05
61670,2.6248576e-05
61671,2.6248576e-05
61672,2.6248576e-05
61673,2.6248576e-05
61674,2.6248576e-05
61675,2.6248576e-05
61676,2.6248576e-05
61677,2.6248576e-05
61678,2.6248576e-05
61679,2.6248576e-05
61680,2.6248576e-05
61681,2.6248576e-05
61682,2.6248576e-05
61683,2.6248576e-05
61684,2.6248576e-05
61685,2.6248576e-05
61686,2.6248576e-05
61687,2.6248576e-05
61688,2.6248576e-05
61689,2.6248576e-05
61690,2.6248576e-05
61691,2.6248576e-05
61692,2.6248576e-05
61693,2.6248576e-05
61694,2.6248576e-05
61695,2.6248576e-05
61696,2.6248576e-05
61697,2.6248576e-05
61698,2.6248576e-05
61699,2.6248576e-05
61700,2.6248576e-05
61701,2.6248576e-05
61702,2.6248576e-05
61703,2.6248576e-05
61704,2.6248576e-05
61705,2.6248576e-05
61706,2.6248576e-05
61707,2.6248576e-05
61708,2.6248576e-05
61709,2.6248576e-05
61710,2.6248576e-05
61711,2.6248576e-05
61712,2.6248576e-05
61713,2.6248576e-05
61714,2.6248576e-05
61715,2.6248576e-05
61716,2.6248576e-05
61717,2.6248576e-05
61718,2.6248576e-05
61719,2.6248576e-05
61720,2.6248576e-05
61721,2.6248576e-05
61722,2.6248576e-05
61723,2.6248576e-05
61724,2.6248576e-05
61725,2.6248576e-05
61726,2.6248576e-05
61727,2.6248576e-05
61728,2.6248576e-05
61729,2.6248576e-05
61730,2.6248576e-05
61731,2.6248576e-05
61732,2.6248576e-05
61733,2.6248576e-05
61734,2.6248576e-05
61735,2.6248576e-05
61736,2.6248576e-05
61737,2.6248576e-05
61738,2.6248576e-05
61739,2.6248576e-05
61740,2.6248576e-05
61741,2.6248576e-05
61742,2.6248576e-05
61743,2.6248576e-05
61744,2.6248576e-05
61745,2.6248576e-05
61746,2.6248576e-05
61747,2.6248576e-05
61748,2.6248576e-05
61749,2.6248576e-05
61750,2.6248576e-05
61751,2.6248576e-05
61752,2.6248576e-05
61753,2.6248576e-05
61754,2.6248576e-05
61755,2.6248576e-05
61756,2.6248576e-05
61757,2.6248576e-05
61758,2.6248576e-05
61759,2.6248576e-05
61760,2.6248576e-05
61761,2.6248576e-05
61762,2.6248576e-05
61763,2.6248576e-05
61764,2.6248576e-05
61765,2.6248576e-05
61766,2.6248576e-05
61767,2.6248576e-05
61768,2.6248576e-05
61769,2.6248576e-05
61770,2.6248576e-05
61771,2.6248576e-05
61772,2.6248576e-05
61773,2.6248576e-05
61774,2.6248576e-05
61775,2.6248576e-05
61776,2.6248576e-05
61777,2.6248576e-05
61778,2.6248576e-05
61779,2.6248576e-05
61780,2.6248576e-05
61781,2.6248576e-05
61782,2.6248576e-05
61783,2.6248576e-05
61784,2.6248576e-05
61785,2.6248576e-05
61786,2.6248576e-05
61787,2.6248576e-05
61788,2.6248576e-05
61789,2.6248576e-05
61790,2.6248576e-05
61791,2.6248576e-05
61792,2.6248576e-05
61793,2.6248576e-05
61794,2.6248576e-05
61795,2.6248576e-05
61796,2.6248576e-05
61797,2.6248576e-05
61798,2.6248576e-05
61799,2.6248576e-05
61800,2.6248576e-05
61801,2.6248576e-05
61802,2.6248576e-05
61803,2.6248576e-05
61804,2.6248576e-05
61805,2.6248576e-05
61806,2.6248576e-05
61807,2.6248576e-05
61808,2.6248576e-05
61809,2.6248576e-05
61810,2.6248576e-05
61811,2.6248576e-05
61812,2.6248576e-05
61813,2.6248576e-05
61814,2.6248576e-05
61815,2.6248576e-05
61816,2.6248576e-05
61817,2.6248576e-05
61818,2.6248576e-05
61819,2.6248576e-05
61820,2.6248576e-05
61821,2.6248576e-05
61822,2.6248576e-05
61823,2.6248576e-05
61824,2.6248576e-05
61825,2.6248576e-05
61826,2.6248576e-05
61827,2.6248576e-05
61828,2.6248576e-05
61829,2.6248576e-05
61830,2.6248576e-05
61831,2.6248576e-05
61832,2.6248576e-05
61833,2.6248576e-05
61834,2.6248576e-05
61835,2.6248576e-05
61836,2.6248576e-05
61837,2.6248576e-05
61838,2.6248576e-05
61839,2.6248576e-05
61840,2.6248576e-05
61841,2.6248576e-05
61842,2.6248576e-05
61843,2.6248576e-05
61844,2.6248576e-05
61845,2.6248576e-05
61846,2.6248576e-05
61847,2.6248576e-05
61848,2.6248576e-05
61849,2.6248576e-05
61850,2.6248576e-05
61851,2.6248576e-05
61852,2.6248576e-05
61853,2.6248576e-05
61854,2.6248576e-05
61855,2.6248576e-05
61856,2.6248576e-05
61857,2.6248576e-05
61858,2.6248576e-05
61859,2.6248576e-05
61860,2.6248576e-05
61861,2.6248576e-05
61862,2.6248576e-05
61863,2.6248576e-05
61864,2.6248576e-05
61865,2.6248576e-05
61866,2.6248576e-05
61867,2.6248576e-05
61868,2.6248576e-05
61869,2.6248576e-05
61870,2.6248576e-05
61871,2.6248576e-05
61872,2.6248576e-05
61873,2.6248576e-05
61874,2.6248576e-05
61875,2.6248576e-05
61876,2.6248576e-05
61877,2.6248576e-05
61878,2.6248576e-05
61879,2.6248576e-05
61880,2.6248576e-05
61881,2.6248576e-05
61882,2.6248576e-05
61883,2.6248576e-05
61884,2.6248576e-05
61885,2.6248576e-05
61886,2.6248576e-05
61887,2.6248576e-05
61888,2.6248576e-05
61889,2.6248576e-05
61890,2.6248576e-05
61891,2.6248576e-05
61892,2.6248576e-05
61893,2.6248576e-05
61894,2.6248576e-05
61895,2.6248576e-05
61896,2.6248576e-05
61897,2.6248576e-05
61898,2.6248576e-05
61899,2.6248576e-05
61900,2.6248576e-05
61901,2.6248576e-05
61902,2.6248576e-05
61903,2.6248576e-05
61904,2.6248576e-05
61905,2.6248576e-05
61906,2.6248576e-05
61907,2.6248576e-05
61908,2.6248576e-05
61909,2.6248576e-05
61910,2.6248576e-05
61911,2.6248576e-05
61912,2.6248576e-05
61913,2.6248576e-05
61914,2.6248576e-05
61915,2.6248576e-05
61916,2.6248576e-05
61917,2.6248576e-05
61918,2.6248576e-05
61919,2.6248576e-05
61920,2.6248576e-05
61921,2.6248576e-05
61922,2.6248576e-05
61923,2.6248576e-05
61924,2.6248576e-05
61925,2.6248576e-05
61926,2.6248576e-05
61927,2.6248576e-05
61928,2.6248576e-05
61929,2.6248576e-05
61930,2.6248576e-05
61931,2.6248576e-05
61932,2.6248576e-05
61933,2.6248576e-05
61934,2.6248576e-05
61935,2.6248576e-05
61936,2.6248576e-05
61937,2.6248576e-05
61938,2.6248576e-05
61939,2.6248576e-05
61940,2.6248576e-05
61941,2.6248576e-05
61942,2.6248576e-05
61943,2.6248576e-05
61944,2.6248576e-05
61945,2.6248576e-05
61946,2.6248576e-05
61947,2.6248576e-05
61948,2.6248576e-05
61949,2.6248576e-05
61950,2.6248576e-05
61951,2.6248576e-05
61952,2.6248576e-05
61953,2.6248576e-05
61954,2.6248576e-05
61955,2.6248576e-05
61956,2.6248576e-05
61957,2.6248576e-05
61958,2.6248576e-05
61959,2.6248576e-05
61960,2.6248576e-05
61961,2.6248576e-05
61962,2.6248576e-05
61963,2.6248576e-05
61964,2.6248576e-05
61965,2.6248576e-05
61966,2.6248576e-05
61967,2.6248576e-05
61968,2.6248576e-05
61969,2.6248576e-05
61970,2.6248576e-05
61971,2.6248576e-05
61972,2.6248576e-05
61973,2.6248576e-05
61974,2.6248576e-05
61975,2.6248576e-05
61976,2.6248576e-05
61977,2.6248576e-05
61978,2.6248576e-05
61979,2.6248576e-05
61980,2.6248576e-05
61981,2.6248576e-05
61982,2.6248576e-05
61983,2.6248576e-05
61984,2.6248576e-05
61985,2.6248576e-05
61986,2.6248576e-05
61987,2.6248576e-05
61988,2.6248576e-05
61989,2.6248576e-05
61990,2.6248576e-05
61991,2.6248576e-05
61992,2.6248576e-05
61993,2.6248576e-05
61994,2.6248576e-05
61995,2.6248576e-05
61996,2.6248576e-05
61997,2.6248576e-05
61998,2.6248576e-05
61999,2.6248576e-05
62000,2.6248576e-05
62001,2.6248576e-05
62002,2.6248576e-05
62003,2.6248576e-05
62004,2.6248576e-05
62005,2.6248576e-05
62006,2.6248576e-05
62007,2.6248576e-05
62008,2.6248576e-05
62009,2.6248576e-05
62010,2.6248576e-05
62011,2.6248576e-05
62012,2.6248576e-05
62013,2.6248576e-05
62014,2.6248576e-05
62015,2.6248576e-05
62016,2.6248576e-05
62017,2.6248576e-05
62018,2.6248576e-05
62019,2.6248576e-05
62020,2.6248576e-05
62021,2.6248576e-05
62022,2.6248576e-05
62023,2.6248576e-05
62024,2.6248576e-05
62025,2.6248576e-05
62026,2.6248576e-05
62027,2.6248576e-05
62028,2.6248576e-05
62029,2.6248576e-05
62030,2.6248576e-05
62031,2.6248576e-05
62032,2.6248576e-05
62033,2.6248576e-05
62034,2.6248576e-05
62035,2.6248576e-05
62036,2.6248576e-05
62037,2.6248576e-05
62038,2.6248576e-05
62039,2.6248576e-05
62040,2.6248576e-05
62041,2.6248576e-05
62042,2.6248576e-05
62043,2.6248576e-05
62044,2.6248576e-05
62045,2.6248576e-05
62046,2.6248576e-05
62047,2.6248576e-05
62048,2.6248576e-05
62049,2.6248576e-05
62050,2.6248576e-05
62051,2.6248576e-05
62052,2.6248576e-05
62053,2.6248576e-05
62054,2.6248576e-05
62055,2.6248576e-05
62056,2.6248576e-05
62057,2.6248576e-05
62058,2.6248576e-05
62059,2.6248576e-05
62060,2.6248576e-05
62061,2.6248576e-05
62062,2.6248576e-05
62063,2.6248576e-05
62064,2.6248576e-05
62065,2.6248576e-05
62066,2.6248576e-05
62067,2.6248576e-05
62068,2.6248576e-05
62069,2.6248576e-05
62070,2.6248576e-05
62071,2.6248576e-05
62072,2.6248576e-05
62073,2.6248576e-05
62074,2.6248576e-05
62075,2.6248576e-05
62076,2.6248576e-05
62077,2.6248576e-05
62078,2.6248576e-05
62079,2.6248576e-05
62080,2.6248576e-05
62081,2.6248576e-05
62082,2.6248576e-05
62083,2.6248576e-05
62084,2.6248576e-05
62085,2.6248576e-05
62086,2.6248576e-05
62087,2.6248576e-05
62088,2.6248576e-05
62089,2.6248576e-05
62090,2.6248576e-05
62091,2.6248576e-05
62092,2.6248576e-05
62093,2.6248576e-05
62094,2.6248576e-05
62095,2.6248576e-05
62096,2.6248576e-05
62097,2.6248576e-05
62098,2.6248576e-05
62099,2.6248576e-05
62100,2.6248576e-05
62101,2.6248576e-05
62102,2.6248576e-05
62103,2.6248576e-05
62104,2.6248576e-05
62105,2.6248576e-05
62106,2.6248576e-05
62107,2.6248576e-05
62108,2.6248576e-05
62109,2.6248576e-05
62110,2.6248576e-05
62111,2.6248576e-05
62112,2.6248576e-05
62113,2.6248576e-05
62114,2.6248576e-05
62115,2.6248576e-05
62116,2.6248576e-05
62117,2.6248576e-05
62118,2.6248576e-05
62119,2.6248576e-05
62120,2.6248576e-05
62121,2.6248576e-05
62122,2.6248576e-05
62123,2.6248576e-05
62124,2.6248576e-05
62125,2.6248576e-05
62126,2.6248576e-05
62127,2.6248576e-05
62128,2.6248576e-05
62129,2.6248576e-05
62130,2.6248576e-05
62131,2.6248576e-05
62132,2.6248576e-05
62133,2.6248576e-05
62134,2.6248576e-05
62135,2.6248576e-05
62136,2.6248576e-05
62137,2.6248576e-05
62138,2.6248576e-05
62139,2.6248576e-05
62140,2.6248576e-05
62141,2.6248576e-05
62142,2.6248576e-05
62143,2.6248576e-05
62144,2.6248576e-05
62145,2.6248576e-05
62146,2.6248576e-05
62147,2.6248576e-05
62148,2.6248576e-05
62149,2.6248576e-05
62150,2.6248576e-05
62151,2.6248576e-05
62152,2.6248576e-05
62153,2.6248576e-05
62154,2.6248576e-05
62155,2.6248576e-05
62156,2.6248576e-05
62157,2.6248576e-05
62158,2.6248576e-05
62159,2.6248576e-05
62160,2.6248576e-05
62161,2.6248576e-05
62162,2.6248576e-05
62163,2.6248576e-05
62164,2.6248576e-05
62165,2.6248576e-05
62166,2.6248576e-05
62167,2.6248576e-05
62168,2.6248576e-05
62169,2.6248576e-05
62170,2.6248576e-05
62171,2.6248576e-05
62172,2.6248576e-05
62173,2.6248576e-05
62174,2.6248576e-05
62175,2.6248576e-05
62176,2.6248576e-05
62177,2.6248576e-05
62178,2.6248576e-05
62179,2.6248576e-05
62180,2.6248576e-05
62181,2.6248576e-05
62182,2.6248576e-05
62183,2.6248576e-05
62184,2.6248576e-05
62185,2.6248576e-05
62186,2.6248576e-05
62187,2.6248576e-05
62188,2.6248576e-05
62189,2.6248576e-05
62190,2.6248576e-05
62191,2.6248576e-05
62192,2.6248576e-05
62193,2.6248576e-05
62194,2.6248576e-05
62195,2.6248576e-05
62196,2.6248576e-05
62197,2.6248576e-05
62198,2.6248576e-05
62199,2.6248576e-05
62200,2.6248576e-05
62201,2.6248576e-05
62202,2.6248576e-05
62203,2.6248576e-05
62204,2.6248576e-05
62205,2.6248576e-05
62206,2.6248576e-05
62207,2.6248576e-05
62208,2.6248576e-05
62209,2.6248576e-05
62210,2.6248576e-05
62211,2.6248576e-05
62212,2.6248576e-05
62213,2.6248576e-05
62214,2.6248576e-05
62215,2.6248576e-05
62216,2.6248576e-05
62217,2.6248576e-05
62218,2.6248576e-05
62219,2.6248576e-05
62220,2.6248576e-05
62221,2.6248576e-05
62222,2.6248576e-05
62223,2.6248576e-05
62224,2.6248576e-05
62225,2.6248576e-05
62226,2.6248576e-05
62227,2.6248576e-05
62228,2.6248576e-05
62229,2.6248576e-05
62230,2.6248576e-05
62231,2.6248576e-05
62232,2.6248576e-05
62233,2.6248576e-05
62234,2.6248576e-05
62235,2.6248576e-05
62236,2.6248576e-05
62237,2.6248576e-05
62238,2.6248576e-05
62239,2.6248576e-05
62240,2.6248576e-05
62241,2.6248576e-05
62242,2.6248576e-05
62243,2.6248576e-05
62244,2.6248576e-05
62245,2.6248576e-05
62246,2.6248576e-05
62247,2.6248576e-05
62248,2.6248576e-05
62249,2.6248576e-05
62250,2.6248576e-05
62251,2.6248576e-05
62252,2.6248576e-05
62253,2.6248576e-05
62254,2.6248576e-05
62255,2.6248576e-05
62256,2.6248576e-05
62257,2.6248576e-05
62258,2.6248576e-05
62259,2.6248576e-05
62260,2.6248576e-05
62261,2.6248576e-05
62262,2.6248576e-05
62263,2.6248576e-05
62264,2.6248576e-05
62265,2.6248576e-05
62266,2.6248576e-05
62267,2.6248576e-05
62268,2.6248576e-05
62269,2.6248576e-05
62270,2.6248576e-05
62271,2.6248576e-05
62272,2.6248576e-05
62273,2.6248576e-05
62274,2.6248576e-05
62275,2.6248576e-05
62276,2.6248576e-05
62277,2.6248576e-05
62278,2.6248576e-05
62279,2.6248576e-05
62280,2.6248576e-05
62281,2.6248576e-05
62282,2.6248576e-05
62283,2.6248576e-05
62284,2.6248576e-05
62285,2.6248576e-05
62286,2.6248576e-05
62287,2.6248576e-05
62288,2.6248576e-05
62289,2.6248576e-05
62290,2.6248576e-05
62291,2.6248576e-05
62292,2.6248576e-05
62293,2.6248576e-05
62294,2.6248576e-05
62295,2.6248576e-05
62296,2.6248576e-05
62297,2.6248576e-05
62298,2.6248576e-05
62299,2.6248576e-05
62300,2.6248576e-05
62301,2.6248576e-05
62302,2.6248576e-05
62303,2.6248576e-05
62304,2.6248576e-05
62305,2.6248576e-05
62306,2.6248576e-05
62307,2.6248576e-05
62308,2.6248576e-05
62309,2.6248576e-05
62310,2.6248576e-05
62311,2.6248576e-05
62312,2.6248576e-05
62313,2.6248576e-05
62314,2.6248576e-05
62315,2.6248576e-05
62316,2.6248576e-05
62317,2.6248576e-05
62318,2.6248576e-05
62319,2.6248576e-05
62320,2.6248576e-05
62321,2.6248576e-05
62322,2.6248576e-05
62323,2.6248576e-05
62324,2.6248576e-05
62325,2.6248576e-05
62326,2.6248576e-05
62327,2.6248576e-05
62328,2.6248576e-05
62329,2.6248576e-05
62330,2.6248576e-05
62331,2.6248576e-05
62332,2.6248576e-05
62333,2.6248576e-05
62334,2.6248576e-05
62335,2.6248576e-05
62336,2.6248576e-05
62337,2.6248576e-05
62338,2.6248576e-05
62339,2.6248576e-05
62340,2.6248576e-05
62341,2.6248576e-05
62342,2.6248576e-05
62343,2.6248576e-05
62344,2.6248576e-05
62345,2.6248576e-05
62346,2.6248576e-05
62347,2.6248576e-05
62348,2.6248576e-05
62349,2.6248576e-05
62350,2.6248576e-05
62351,2.6248576e-05
62352,2.6248576e-05
62353,2.6248576e-05
62354,2.6248576e-05
62355,2.6248576e-05
62356,2.6248576e-05
62357,2.6248576e-05
62358,2.6248576e-05
62359,2.6248576e-05
62360,2.6248576e-05
62361,2.6248576e-05
62362,2.6248576e-05
62363,2.6248576e-05
62364,2.6248576e-05
62365,2.6248576e-05
62366,2.6248576e-05
62367,2.6248576e-05
62368,2.6248576e-05
62369,2.6248576e-05
62370,2.6248576e-05
62371,2.6248576e-05
62372,2.6248576e-05
62373,2.6248576e-05
62374,2.6248576e-05
62375,2.6248576e-05
62376,2.6248576e-05
62377,2.6248576e-05
62378,2.6248576e-05
62379,2.6248576e-05
62380,2.6248576e-05
62381,2.6248576e-05
62382,2.6248576e-05
62383,2.6248576e-05
62384,2.6248576e-05
62385,2.6248576e-05
62386,2.6248576e-05
62387,2.6248576e-05
62388,2.6248576e-05
62389,2.6248576e-05
62390,2.6248576e-05
62391,2.6248576e-05
62392,2.6248576e-05
62393,2.6248576e-05
62394,2.6248576e-05
62395,2.6248576e-05
62396,2.6248576e-05
62397,2.6248576e-05
62398,2.6248576e-05
62399,2.6248576e-05
62400,2.6248576e-05
62401,2.6248576e-05
62402,2.6248576e-05
62403,2.6248576e-05
62404,2.6248576e-05
62405,2.6248576e-05
62406,2.6248576e-05
62407,2.6248576e-05
62408,2.6248576e-05
62409,2.6248576e-05
62410,2.6248576e-05
62411,2.6248576e-05
62412,2.6248576e-05
62413,2.6248576e-05
62414,2.6248576e-05
62415,2.6248576e-05
62416,2.6248576e-05
62417,2.6248576e-05
62418,2.6248576e-05
62419,2.6248576e-05
62420,2.6248576e-05
62421,2.6248576e-05
62422,2.6248576e-05
62423,2.6248576e-05
62424,2.6248576e-05
62425,2.6248576e-05
62426,2.6248576e-05
62427,2.6248576e-05
62428,2.6248576e-05
62429,2.6248576e-05
62430,2.6248576e-05
62431,2.6248576e-05
62432,2.6248576e-05
62433,2.6248576e-05
62434,2.6248576e-05
62435,2.6248576e-05
62436,2.6248576e-05
62437,2.6248576e-05
62438,2.6248576e-05
62439,2.6248576e-05
62440,2.6248576e-05
62441,2.6248576e-05
62442,2.6248576e-05
62443,2.6248576e-05
62444,2.6248576e-05
62445,2.6248576e-05
62446,2.6248576e-05
62447,2.6248576e-05
62448,2.6248576e-05
62449,2.6248576e-05
62450,2.6248576e-05
62451,2.6248576e-05
62452,2.6248576e-05
62453,2.6248576e-05
62454,2.6248576e-05
62455,2.6248576e-05
62456,2.6248576e-05
62457,2.6248576e-05
62458,2.6248576e-05
62459,2.6248576e-05
62460,2.6248576e-05
62461,2.6248576e-05
62462,2.6248576e-05
62463,2.6248576e-05
62464,2.6248576e-05
62465,2.6248576e-05
62466,2.6248576e-05
62467,2.6248576e-05
62468,2.6248576e-05
62469,2.6248576e-05
62470,2.6248576e-05
62471,2.6248576e-05
62472,2.6248576e-05
62473,2.6248576e-05
62474,2.6248576e-05
62475,2.6248576e-05
62476,2.6248576e-05
62477,2.6248576e-05
62478,2.6248576e-05
62479,2.6248576e-05
62480,2.6248576e-05
62481,2.6248576e-05
62482,2.6248576e-05
62483,2.6248576e-05
62484,2.6248576e-05
62485,2.6248576e-05
62486,2.6248576e-05
62487,2.6248576e-05
62488,2.6248576e-05
62489,2.6248576e-05
62490,2.6248576e-05
62491,2.6248576e-05
62492,2.6248576e-05
62493,2.6248576e-05
62494,2.6248576e-05
62495,2.6248576e-05
62496,2.6248576e-05
62497,2.6248576e-05
62498,2.6248576e-05
62499,2.6248576e-05
62500,2.6248576e-05
62501,2.6248576e-05
62502,2.6248576e-05
62503,2.6248576e-05
62504,2.6248576e-05
62505,2.6248576e-05
62506,2.6248576e-05
62507,2.6248576e-05
62508,2.6248576e-05
62509,2.6248576e-05
62510,2.6248576e-05
62511,2.6248576e-05
62512,2.6248576e-05
62513,2.6248576e-05
62514,2.6248576e-05
62515,2.6248576e-05
62516,2.6248576e-05
62517,2.6248576e-05
62518,2.6248576e-05
62519,2.6248576e-05
62520,2.6248576e-05
62521,2.6248576e-05
62522,2.6248576e-05
62523,2.6248576e-05
62524,2.6248576e-05
62525,2.6248576e-05
62526,2.6248576e-05
62527,2.6248576e-05
62528,2.6248576e-05
62529,2.6248576e-05
62530,2.6248576e-05
62531,2.6248576e-05
62532,2.6248576e-05
62533,2.6248576e-05
62534,2.6248576e-05
62535,2.6248576e-05
62536,2.6248576e-05
62537,2.6248576e-05
62538,2.6248576e-05
62539,2.6248576e-05
62540,2.6248576e-05
62541,2.6248576e-05
62542,2.6248576e-05
62543,2.6248576e-05
62544,2.6248576e-05
62545,2.6248576e-05
62546,2.6248576e-05
62547,2.6248576e-05
62548,2.6248576e-05
62549,2.6248576e-05
62550,2.6248576e-05
62551,2.6248576e-05
62552,2.6248576e-05
62553,2.6248576e-05
62554,2.6248576e-05
62555,2.6248576e-05
62556,2.6248576e-05
62557,2.6248576e-05
62558,2.6248576e-05
62559,2.6248576e-05
62560,2.6248576e-05
62561,2.6248576e-05
62562,2.6248576e-05
62563,2.6248576e-05
62564,2.6248576e-05
62565,2.6248576e-05
62566,2.6248576e-05
62567,2.6248576e-05
62568,2.6248576e-05
62569,2.6248576e-05
62570,2.6248576e-05
62571,2.6248576e-05
62572,2.6248576e-05
62573,2.6248576e-05
62574,2.6248576e-05
62575,2.6248576e-05
62576,2.6248576e-05
62577,2.6248576e-05
62578,2.6248576e-05
62579,2.6248576e-05
62580,2.6248576e-05
62581,2.6248576e-05
62582,2.6248576e-05
62583,2.6248576e-05
62584,2.6248576e-05
62585,2.6248576e-05
62586,2.6248576e-05
62587,2.6248576e-05
62588,2.6248576e-05
62589,2.6248576e-05
62590,2.6248576e-05
62591,2.6248576e-05
62592,2.6248576e-05
62593,2.6248576e-05
62594,2.6248576e-05
62595,2.6248576e-05
62596,2.6248576e-05
62597,2.6248576e-05
62598,2.6248576e-05
62599,2.6248576e-05
62600,2.6248576e-05
62601,2.6248576e-05
62602,2.6248576e-05
62603,2.6248576e-05
62604,2.6248576e-05
62605,2.6248576e-05
62606,2.6248576e-05
62607,2.6248576e-05
62608,2.6248576e-05
62609,2.6248576e-05
62610,2.6248576e-05
62611,2.6248576e-05
62612,2.6248576e-05
62613,2.6248576e-05
62614,2.6248576e-05
62615,2.6248576e-05
62616,2.6248576e-05
62617,2.6248576e-05
62618,2.6248576e-05
62619,2.6248576e-05
62620,2.6248576e-05
62621,2.6248576e-05
62622,2.6248576e-05
62623,2.6248576e-05
62624,2.6248576e-05
62625,2.6248576e-05
62626,2.6248576e-05
62627,2.6248576e-05
62628,2.6248576e-05
62629,2.6248576e-05
62630,2.6248576e-05
62631,2.6248576e-05
62632,2.6248576e-05
62633,2.6248576e-05
62634,2.6248576e-05
62635,2.6248576e-05
62636,2.6248576e-05
62637,2.6248576e-05
62638,2.6248576e-05
62639,2.6248576e-05
62640,2.6248576e-05
62641,2.6248576e-05
62642,2.6248576e-05
62643,2.6248576e-05
62644,2.6248576e-05
62645,2.6248576e-05
62646,2.6248576e-05
62647,2.6248576e-05
62648,2.6248576e-05
62649,2.6248576e-05
62650,2.6248576e-05
62651,2.6248576e-05
62652,2.6248576e-05
62653,2.6248576e-05
62654,2.6248576e-05
62655,2.6248576e-05
62656,2.6248576e-05
62657,2.6248576e-05
62658,2.6248576e-05
62659,2.6248576e-05
62660,2.6248576e-05
62661,2.6248576e-05
62662,2.6248576e-05
62663,2.6248576e-05
62664,2.6248576e-05
62665,2.6248576e-05
62666,2.6248576e-05
62667,2.6248576e-05
62668,2.6248576e-05
62669,2.6248576e-05
62670,2.6248576e-05
62671,2.6248576e-05
62672,2.6248576e-05
62673,2.6248576e-05
62674,2.6248576e-05
62675,2.6248576e-05
62676,2.6248576e-05
62677,2.6248576e-05
62678,2.6248576e-05
62679,2.6248576e-05
62680,2.6248576e-05
62681,2.6248576e-05
62682,2.6248576e-05
62683,2.6248576e-05
62684,2.6248576e-05
62685,2.6248576e-05
62686,2.6248576e-05
62687,2.6248576e-05
62688,2.6248576e-05
62689,2.6248576e-05
62690,2.6248576e-05
62691,2.6248576e-05
62692,2.6248576e-05
62693,2.6248576e-05
62694,2.6248576e-05
62695,2.6248576e-05
62696,2.6248576e-05
62697,2.6248576e-05
62698,2.6248576e-05
62699,2.6248576e-05
62700,2.6248576e-05
62701,2.6248576e-05
62702,2.6248576e-05
62703,2.6248576e-05
62704,2.6248576e-05
62705,2.6248576e-05
62706,2.6248576e-05
62707,2.6248576e-05
62708,2.6248576e-05
62709,2.6248576e-05
62710,2.6248576e-05
62711,2.6248576e-05
62712,2.6248576e-05
62713,2.6248576e-05
62714,2.6248576e-05
62715,2.6248576e-05
62716,2.6248576e-05
62717,2.6248576e-05
62718,2.6248576e-05
62719,2.6248576e-05
62720,2.6248576e-05
62721,2.6248576e-05
62722,2.6248576e-05
62723,2.6248576e-05
62724,2.6248576e-05
62725,2.6248576e-05
62726,2.6248576e-05
62727,2.6248576e-05
62728,2.6248576e-05
62729,2.6248576e-05
62730,2.6248576e-05
62731,2.6248576e-05
62732,2.6248576e-05
62733,2.6248576e-05
62734,2.6248576e-05
62735,2.6248576e-05
62736,2.6248576e-05
62737,2.6248576e-05
62738,2.6248576e-05
62739,2.6248576e-05
62740,2.6248576e-05
62741,2.6248576e-05
62742,2.6248576e-05
62743,2.6248576e-05
62744,2.6248576e-05
62745,2.6248576e-05
62746,2.6248576e-05
62747,2.6248576e-05
62748,2.6248576e-05
62749,2.6248576e-05
62750,2.6248576e-05
62751,2.6248576e-05
62752,2.6248576e-05
62753,2.6248576e-05
62754,2.6248576e-05
62755,2.6248576e-05
62756,2.6248576e-05
62757,2.6248576e-05
62758,2.6248576e-05
62759,2.6248576e-05
62760,2.6248576e-05
62761,2.6248576e-05
62762,2.6248576e-05
62763,2.6248576e-05
62764,2.6248576e-05
62765,2.6248576e-05
62766,2.6248576e-05
62767,2.6248576e-05
62768,2.6248576e-05
62769,2.6248576e-05
62770,2.6248576e-05
62771,2.6248576e-05
62772,2.6248576e-05
62773,2.6248576e-05
62774,2.6248576e-05
62775,2.6248576e-05
62776,2.6248576e-05
62777,2.6248576e-05
62778,2.6248576e-05
62779,2.6248576e-05
62780,2.6248576e-05
62781,2.6248576e-05
62782,2.6248576e-05
62783,2.6248576e-05
62784,2.6248576e-05
62785,2.6248576e-05
62786,2.6248576e-05
62787,2.6248576e-05
62788,2.6248576e-05
62789,2.6248576e-05
62790,2.6248576e-05
62791,2.6248576e-05
62792,2.6248576e-05
62793,2.6248576e-05
62794,2.6248576e-05
62795,2.6248576e-05
62796,2.6248576e-05
62797,2.6248576e-05
62798,2.6248576e-05
62799,2.6248576e-05
62800,2.6248576e-05
62801,2.6248576e-05
62802,2.6248576e-05
62803,2.6248576e-05
62804,2.6248576e-05
62805,2.6248576e-05
62806,2.6248576e-05
62807,2.6248576e-05
62808,2.6248576e-05
62809,2.6248576e-05
62810,2.6248576e-05
62811,2.6248576e-05
62812,2.6248576e-05
62813,2.6248576e-05
62814,2.6248576e-05
62815,2.6248576e-05
62816,2.6248576e-05
62817,2.6248576e-05
62818,2.6248576e-05
62819,2.6248576e-05
62820,2.6248576e-05
62821,2.6248576e-05
62822,2.6248576e-05
62823,2.6248576e-05
62824,2.6248576e-05
62825,2.6248576e-05
62826,2.6248576e-05
62827,2.6248576e-05
62828,2.6248576e-05
62829,2.6248576e-05
62830,2.6248576e-05
62831,2.6248576e-05
62832,2.6248576e-05
62833,2.6248576e-05
62834,2.6248576e-05
62835,2.6248576e-05
62836,2.6248576e-05
62837,2.6248576e-05
62838,2.6248576e-05
62839,2.6248576e-05
62840,2.6248576e-05
62841,2.6248576e-05
62842,2.6248576e-05
62843,2.6248576e-05
62844,2.6248576e-05
62845,2.6248576e-05
62846,2.6248576e-05
62847,2.6248576e-05
62848,2.6248576e-05
62849,2.6248576e-05
62850,2.6248576e-05
62851,2.6248576e-05
62852,2.6248576e-05
62853,2.6248576e-05
62854,2.6248576e-05
62855,2.6248576e-05
62856,2.6248576e-05
62857,2.6248576e-05
62858,2.6248576e-05
62859,2.6248576e-05
62860,2.6248576e-05
62861,2.6248576e-05
62862,2.6248576e-05
62863,2.6248576e-05
62864,2.6248576e-05
62865,2.6248576e-05
62866,2.6248576e-05
62867,2.6248576e-05
62868,2.6248576e-05
62869,2.6248576e-05
62870,2.6248576e-05
62871,2.6248576e-05
62872,2.6248576e-05
62873,2.6248576e-05
62874,2.6248576e-05
62875,2.6248576e-05
62876,2.6248576e-05
62877,2.6248576e-05
62878,2.6248576e-05
62879,2.6248576e-05
62880,2.6248576e-05
62881,2.6248576e-05
62882,2.6248576e-05
62883,2.6248576e-05
62884,2.6248576e-05
62885,2.6248576e-05
62886,2.6248576e-05
62887,2.6248576e-05
62888,2.6248576e-05
62889,2.6248576e-05
62890,2.6248576e-05
62891,2.6248576e-05
62892,2.6248576e-05
62893,2.6248576e-05
62894,2.6248576e-05
62895,2.6248576e-05
62896,2.6248576e-05
62897,2.6248576e-05
62898,2.6248576e-05
62899,2.6248576e-05
62900,2.6248576e-05
62901,2.6248576e-05
62902,2.6248576e-05
62903,2.6248576e-05
62904,2.6248576e-05
62905,2.6248576e-05
62906,2.6248576e-05
62907,2.6248576e-05
62908,2.6248576e-05
62909,2.6248576e-05
62910,2.6248576e-05
62911,2.6248576e-05
62912,2.6248576e-05
62913,2.6248576e-05
62914,2.6248576e-05
62915,2.6248576e-05
62916,2.6248576e-05
62917,2.6248576e-05
62918,2.6248576e-05
62919,2.6248576e-05
62920,2.6248576e-05
62921,2.6248576e-05
62922,2.6248576e-05
62923,2.6248576e-05
62924,2.6248576e-05
62925,2.6248576e-05
62926,2.6248576e-05
62927,2.6248576e-05
62928,2.6248576e-05
62929,2.6248576e-05
62930,2.6248576e-05
62931,2.6248576e-05
62932,2.6248576e-05
62933,2.6248576e-05
62934,2.6248576e-05
62935,2.6248576e-05
62936,2.6248576e-05
62937,2.6248576e-05
62938,2.6248576e-05
62939,2.6248576e-05
62940,2.6248576e-05
62941,2.6248576e-05
62942,2.6248576e-05
62943,2.6248576e-05
62944,2.6248576e-05
62945,2.6248576e-05
62946,2.6248576e-05
62947,2.6248576e-05
62948,2.6248576e-05
62949,2.6248576e-05
62950,2.6248576e-05
62951,2.6248576e-05
62952,2.6248576e-05
62953,2.6248576e-05
62954,2.6248576e-05
62955,2.6248576e-05
62956,2.6248576e-05
62957,2.6248576e-05
62958,2.6248576e-05
62959,2.6248576e-05
62960,2.6248576e-05
62961,2.6248576e-05
62962,2.6248576e-05
62963,2.6248576e-05
62964,2.6248576e-05
62965,2.6248576e-05
62966,2.6248576e-05
62967,2.6248576e-05
62968,2.6248576e-05
62969,2.6248576e-05
62970,2.6248576e-05
62971,2.6248576e-05
62972,2.6248576e-05
62973,2.6248576e-05
62974,2.6248576e-05
62975,2.6248576e-05
62976,2.6248576e-05
62977,2.6248576e-05
62978,2.6248576e-05
62979,2.6248576e-05
62980,2.6248576e-05
62981,2.6248576e-05
62982,2.6248576e-05
62983,2.6248576e-05
62984,2.6248576e-05
62985,2.6248576e-05
62986,2.6248576e-05
62987,2.6248576e-05
62988,2.6248576e-05
62989,2.6248576e-05
62990,2.6248576e-05
62991,2.6248576e-05
62992,2.6248576e-05
62993,2.6248576e-05
62994,2.6248576e-05
62995,2.6248576e-05
62996,2.6248576e-05
62997,2.6248576e-05
62998,2.6248576e-05
62999,2.6248576e-05
63000,2.6248576e-05
63001,2.6248576e-05
63002,2.6248576e-05
63003,2.6248576e-05
63004,2.6248576e-05
63005,2.6248576e-05
63006,2.6248576e-05
63007,2.6248576e-05
63008,2.6248576e-05
63009,2.6248576e-05
63010,2.6248576e-05
63011,2.6248576e-05
63012,2.6248576e-05
63013,2.6248576e-05
63014,2.6248576e-05
63015,2.6248576e-05
63016,2.6248576e-05
63017,2.6248576e-05
63018,2.6248576e-05
63019,2.6248576e-05
63020,2.6248576e-05
63021,2.6248576e-05
63022,2.6248576e-05
63023,2.6248576e-05
63024,2.6248576e-05
63025,2.6248576e-05
63026,2.6248576e-05
63027,2.6248576e-05
63028,2.6248576e-05
63029,2.6248576e-05
63030,2.6248576e-05
63031,2.6248576e-05
63032,2.6248576e-05
63033,2.6248576e-05
63034,2.6248576e-05
63035,2.6248576e-05
63036,2.6248576e-05
63037,2.6248576e-05
63038,2.6248576e-05
63039,2.6248576e-05
63040,2.6248576e-05
63041,2.6248576e-05
63042,2.6248576e-05
63043,2.6248576e-05
63044,2.6248576e-05
63045,2.6248576e-05
63046,2.6248576e-05
63047,2.6248576e-05
63048,2.6248576e-05
63049,2.6248576e-05
63050,2.6248576e-05
63051,2.6248576e-05
63052,2.6248576e-05
63053,2.6248576e-05
63054,2.6248576e-05
63055,2.6248576e-05
63056,2.6248576e-05
63057,2.6248576e-05
63058,2.6248576e-05
63059,2.6248576e-05
63060,2.6248576e-05
63061,2.6248576e-05
63062,2.6248576e-05
63063,2.6248576e-05
63064,2.6248576e-05
63065,2.6248576e-05
63066,2.6248576e-05
63067,2.6248576e-05
63068,2.6248576e-05
63069,2.6248576e-05
63070,2.6248576e-05
63071,2.6248576e-05
63072,2.6248576e-05
63073,2.6248576e-05
63074,2.6248576e-05
63075,2.6248576e-05
63076,2.6248576e-05
63077,2.6248576e-05
63078,2.6248576e-05
63079,2.6248576e-05
63080,2.6248576e-05
63081,2.6248576e-05
63082,2.6248576e-05
63083,2.6248576e-05
63084,2.6248576e-05
63085,2.6248576e-05
63086,2.6248576e-05
63087,2.6248576e-05
63088,2.6248576e-05
63089,2.6248576e-05
63090,2.6248576e-05
63091,2.6248576e-05
63092,2.6248576e-05
63093,2.6248576e-05
63094,2.6248576e-05
63095,2.6248576e-05
63096,2.6248576e-05
63097,2.6248576e-05
63098,2.6248576e-05
63099,2.6248576e-05
63100,2.6248576e-05
63101,2.6248576e-05
63102,2.6248576e-05
63103,2.6248576e-05
63104,2.6248576e-05
63105,2.6248576e-05
63106,2.6248576e-05
63107,2.6248576e-05
63108,2.6248576e-05
63109,2.6248576e-05
63110,2.6248576e-05
63111,2.6248576e-05
63112,2.6248576e-05
63113,2.6248576e-05
63114,2.6248576e-05
63115,2.6248576e-05
63116,2.6248576e-05
63117,2.6248576e-05
63118,2.6248576e-05
63119,2.6248576e-05
63120,2.6248576e-05
63121,2.6248576e-05
63122,2.6248576e-05
63123,2.6248576e-05
63124,2.6248576e-05
63125,2.6248576e-05
63126,2.6248576e-05
63127,2.6248576e-05
63128,2.6248576e-05
63129,2.6248576e-05
63130,2.6248576e-05
63131,2.6248576e-05
63132,2.6248576e-05
63133,2.6248576e-05
63134,2.6248576e-05
63135,2.6248576e-05
63136,2.6248576e-05
63137,2.6248576e-05
63138,2.6248576e-05
63139,2.6248576e-05
63140,2.6248576e-05
63141,2.6248576e-05
63142,2.6248576e-05
63143,2.6248576e-05
63144,2.6248576e-05
63145,2.6248576e-05
63146,2.6248576e-05
63147,2.6248576e-05
63148,2.6248576e-05
63149,2.6248576e-05
63150,2.6248576e-05
63151,2.6248576e-05
63152,2.6248576e-05
63153,2.6248576e-05
63154,2.6248576e-05
63155,2.6248576e-05
63156,2.6248576e-05
63157,2.6248576e-05
63158,2.6248576e-05
63159,2.6248576e-05
63160,2.6248576e-05
63161,2.6248576e-05
63162,2.6248576e-05
63163,2.6248576e-05
63164,2.6248576e-05
63165,2.6248576e-05
63166,2.6248576e-05
63167,2.6248576e-05
63168,2.6248576e-05
63169,2.6248576e-05
63170,2.6248576e-05
63171,2.6248576e-05
63172,2.6248576e-05
63173,2.6248576e-05
63174,2.6248576e-05
63175,2.6248576e-05
63176,2.6248576e-05
63177,2.6248576e-05
63178,2.6248576e-05
63179,2.6248576e-05
63180,2.6248576e-05
63181,2.6248576e-05
63182,2.6248576e-05
63183,2.6248576e-05
63184,2.6248576e-05
63185,2.6248576e-05
63186,2.6248576e-05
63187,2.6248576e-05
63188,2.6248576e-05
63189,2.6248576e-05
63190,2.6248576e-05
63191,2.6248576e-05
63192,2.6248576e-05
63193,2.6248576e-05
63194,2.6248576e-05
63195,2.6248576e-05
63196,2.6248576e-05
63197,2.6248576e-05
63198,2.6248576e-05
63199,2.6248576e-05
63200,2.6248576e-05
63201,2.6248576e-05
63202,2.6248576e-05
63203,2.6248576e-05
63204,2.6248576e-05
63205,2.6248576e-05
63206,2.6248576e-05
63207,2.6248576e-05
63208,2.6248576e-05
63209,2.6248576e-05
63210,2.6248576e-05
63211,2.6248576e-05
63212,2.6248576e-05
63213,2.6248576e-05
63214,2.6248576e-05
63215,2.6248576e-05
63216,2.6248576e-05
63217,2.6248576e-05
63218,2.6248576e-05
63219,2.6248576e-05
63220,2.6248576e-05
63221,2.6248576e-05
63222,2.6248576e-05
63223,2.6248576e-05
63224,2.6248576e-05
63225,2.6248576e-05
63226,2.6248576e-05
63227,2.6248576e-05
63228,2.6248576e-05
63229,2.6248576e-05
63230,2.6248576e-05
63231,2.6248576e-05
63232,2.6248576e-05
63233,2.6248576e-05
63234,2.6248576e-05
63235,2.6248576e-05
63236,2.6248576e-05
63237,2.6248576e-05
63238,2.6248576e-05
63239,2.6248576e-05
63240,2.6248576e-05
63241,2.6248576e-05
63242,2.6248576e-05
63243,2.6248576e-05
63244,2.6248576e-05
63245,2.6248576e-05
63246,2.6248576e-05
63247,2.6248576e-05
63248,2.6248576e-05
63249,2.6248576e-05
63250,2.6248576e-05
63251,2.6248576e-05
63252,2.6248576e-05
63253,2.6248576e-05
63254,2.6248576e-05
63255,2.6248576e-05
63256,2.6248576e-05
63257,2.6248576e-05
63258,2.6248576e-05
63259,2.6248576e-05
63260,2.6248576e-05
63261,2.6248576e-05
63262,2.6248576e-05
63263,2.6248576e-05
63264,2.6248576e-05
63265,2.6248576e-05
63266,2.6248576e-05
63267,2.6248576e-05
63268,2.6248576e-05
63269,2.6248576e-05
63270,2.6248576e-05
63271,2.6248576e-05
63272,2.6248576e-05
63273,2.6248576e-05
63274,2.6248576e-05
63275,2.6248576e-05
63276,2.6248576e-05
63277,2.6248576e-05
63278,2.6248576e-05
63279,2.6248576e-05
63280,2.6248576e-05
63281,2.6248576e-05
63282,2.6248576e-05
63283,2.6248576e-05
63284,2.6248576e-05
63285,2.6248576e-05
63286,2.6248576e-05
63287,2.6248576e-05
63288,2.6248576e-05
63289,2.6248576e-05
63290,2.6248576e-05
63291,2.6248576e-05
63292,2.6248576e-05
63293,2.6248576e-05
63294,2.6248576e-05
63295,2.6248576e-05
63296,2.6248576e-05
63297,2.6248576e-05
63298,2.6248576e-05
63299,2.6248576e-05
63300,2.6248576e-05
63301,2.6248576e-05
63302,2.6248576e-05
63303,2.6248576e-05
63304,2.6248576e-05
63305,2.6248576e-05
63306,2.6248576e-05
63307,2.6248576e-05
63308,2.6248576e-05
63309,2.6248576e-05
63310,2.6248576e-05
63311,2.6248576e-05
63312,2.6248576e-05
63313,2.6248576e-05
63314,2.6248576e-05
63315,2.6248576e-05
63316,2.6248576e-05
63317,2.6248576e-05
63318,2.6248576e-05
63319,2.6248576e-05
63320,2.6248576e-05
63321,2.6248576e-05
63322,2.6248576e-05
63323,2.6248576e-05
63324,2.6248576e-05
63325,2.6248576e-05
63326,2.6248576e-05
63327,2.6248576e-05
63328,2.6248576e-05
63329,2.6248576e-05
63330,2.6248576e-05
63331,2.6248576e-05
63332,2.6248576e-05
63333,2.6248576e-05
63334,2.6248576e-05
63335,2.6248576e-05
63336,2.6248576e-05
63337,2.6248576e-05
63338,2.6248576e-05
63339,2.6248576e-05
63340,2.6248576e-05
63341,2.6248576e-05
63342,2.6248576e-05
63343,2.6248576e-05
63344,2.6248576e-05
63345,2.6248576e-05
63346,2.6248576e-05
63347,2.6248576e-05
63348,2.6248576e-05
63349,2.6248576e-05
63350,2.6248576e-05
63351,2.6248576e-05
63352,2.6248576e-05
63353,2.6248576e-05
63354,2.6248576e-05
63355,2.6248576e-05
63356,2.6248576e-05
63357,2.6248576e-05
63358,2.6248576e-05
63359,2.6248576e-05
63360,2.6248576e-05
63361,2.6248576e-05
63362,2.6248576e-05
63363,2.6248576e-05
63364,2.6248576e-05
63365,2.6248576e-05
63366,2.6248576e-05
63367,2.6248576e-05
63368,2.6248576e-05
63369,2.6248576e-05
63370,2.6248576e-05
63371,2.6248576e-05
63372,2.6248576e-05
63373,2.6248576e-05
63374,2.6248576e-05
63375,2.6248576e-05
63376,2.6248576e-05
63377,2.6248576e-05
63378,2.6248576e-05
63379,2.6248576e-05
63380,2.6248576e-05
63381,2.6248576e-05
63382,2.6248576e-05
63383,2.6248576e-05
63384,2.6248576e-05
63385,2.6248576e-05
63386,2.6248576e-05
63387,2.6248576e-05
63388,2.6248576e-05
63389,2.6248576e-05
63390,2.6248576e-05
63391,2.6248576e-05
63392,2.6248576e-05
63393,2.6248576e-05
63394,2.6248576e-05
63395,2.6248576e-05
63396,2.6248576e-05
63397,2.6248576e-05
63398,2.6248576e-05
63399,2.6248576e-05
63400,2.6248576e-05
63401,2.6248576e-05
63402,2.6248576e-05
63403,2.6248576e-05
63404,2.6248576e-05
63405,2.6248576e-05
63406,2.6248576e-05
63407,2.6248576e-05
63408,2.6248576e-05
63409,2.6248576e-05
63410,2.6248576e-05
63411,2.6248576e-05
63412,2.6248576e-05
63413,2.6248576e-05
63414,2.6248576e-05
63415,2.6248576e-05
63416,2.6248576e-05
63417,2.6248576e-05
63418,2.6248576e-05
63419,2.6248576e-05
63420,2.6248576e-05
63421,2.6248576e-05
63422,2.6248576e-05
63423,2.6248576e-05
63424,2.6248576e-05
63425,2.6248576e-05
63426,2.6248576e-05
63427,2.6248576e-05
63428,2.6248576e-05
63429,2.6248576e-05
63430,2.6248576e-05
63431,2.6248576e-05
63432,2.6248576e-05
63433,2.6248576e-05
63434,2.6248576e-05
63435,2.6248576e-05
63436,2.6248576e-05
63437,2.6248576e-05
63438,2.6248576e-05
63439,2.6248576e-05
63440,2.6248576e-05
63441,2.6248576e-05
63442,2.6248576e-05
63443,2.6248576e-05
63444,2.6248576e-05
63445,2.6248576e-05
63446,2.6248576e-05
63447,2.6248576e-05
63448,2.6248576e-05
63449,2.6248576e-05
63450,2.6248576e-05
63451,2.6248576e-05
63452,2.6248576e-05
63453,2.6248576e-05
63454,2.6248576e-05
63455,2.6248576e-05
63456,2.6248576e-05
63457,2.6248576e-05
63458,2.6248576e-05
63459,2.6248576e-05
63460,2.6248576e-05
63461,2.6248576e-05
63462,2.6248576e-05
63463,2.6248576e-05
63464,2.6248576e-05
63465,2.6248576e-05
63466,2.6248576e-05
63467,2.6248576e-05
63468,2.6248576e-05
63469,2.6248576e-05
63470,2.6248576e-05
63471,2.6248576e-05
63472,2.6248576e-05
63473,2.6248576e-05
63474,2.6248576e-05
63475,2.6248576e-05
63476,2.6248576e-05
63477,2.6248576e-05
63478,2.6248576e-05
63479,2.6248576e-05
63480,2.6248576e-05
63481,2.6248576e-05
63482,2.6248576e-05
63483,2.6248576e-05
63484,2.6248576e-05
63485,2.6248576e-05
63486,2.6248576e-05
63487,2.6248576e-05
63488,2.6248576e-05
63489,2.6248576e-05
63490,2.6248576e-05
63491,2.6248576e-05
63492,2.6248576e-05
63493,2.6248576e-05
63494,2.6248576e-05
63495,2.6248576e-05
63496,2.6248576e-05
63497,2.6248576e-05
63498,2.6248576e-05
63499,2.6248576e-05
63500,2.6248576e-05
63501,2.6248576e-05
63502,2.6248576e-05
63503,2.6248576e-05
63504,2.6248576e-05
63505,2.6248576e-05
63506,2.6248576e-05
63507,2.6248576e-05
63508,2.6248576e-05
63509,2.6248576e-05
63510,2.6248576e-05
63511,2.6248576e-05
63512,2.6248576e-05
63513,2.6248576e-05
63514,2.6248576e-05
63515,2.6248576e-05
63516,2.6248576e-05
63517,2.6248576e-05
63518,2.6248576e-05
63519,2.6248576e-05
63520,2.6248576e-05
63521,2.6248576e-05
63522,2.6248576e-05
63523,2.6248576e-05
63524,2.6248576e-05
63525,2.6248576e-05
63526,2.6248576e-05
63527,2.6248576e-05
63528,2.6248576e-05
63529,2.6248576e-05
63530,2.6248576e-05
63531,2.6248576e-05
63532,2.6248576e-05
63533,2.6248576e-05
63534,2.6248576e-05
63535,2.6248576e-05
63536,2.6248576e-05
63537,2.6248576e-05
63538,2.6248576e-05
63539,2.6248576e-05
63540,2.6248576e-05
63541,2.6248576e-05
63542,2.6248576e-05
63543,2.6248576e-05
63544,2.6248576e-05
63545,2.6248576e-05
63546,2.6248576e-05
63547,2.6248576e-05
63548,2.6248576e-05
63549,2.6248576e-05
63550,2.6248576e-05
63551,2.6248576e-05
63552,2.6248576e-05
63553,2.6248576e-05
63554,2.6248576e-05
63555,2.6248576e-05
63556,2.6248576e-05
63557,2.6248576e-05
63558,2.6248576e-05
63559,2.6248576e-05
63560,2.6248576e-05
63561,2.6248576e-05
63562,2.6248576e-05
63563,2.6248576e-05
63564,2.6248576e-05
63565,2.6248576e-05
63566,2.6248576e-05
63567,2.6248576e-05
63568,2.6248576e-05
63569,2.6248576e-05
63570,2.6248576e-05
63571,2.6248576e-05
63572,2.6248576e-05
63573,2.6248576e-05
63574,2.6248576e-05
63575,2.6248576e-05
63576,2.6248576e-05
63577,2.6248576e-05
63578,2.6248576e-05
63579,2.6248576e-05
63580,2.6248576e-05
63581,2.6248576e-05
63582,2.6248576e-05
63583,2.6248576e-05
63584,2.6248576e-05
63585,2.6248576e-05
63586,2.6248576e-05
63587,2.6248576e-05
63588,2.6248576e-05
63589,2.6248576e-05
63590,2.6248576e-05
63591,2.6248576e-05
63592,2.6248576e-05
63593,2.6248576e-05
63594,2.6248576e-05
63595,2.6248576e-05
63596,2.6248576e-05
63597,2.6248576e-05
63598,2.6248576e-05
63599,2.6248576e-05
63600,2.6248576e-05
63601,2.6248576e-05
63602,2.6248576e-05
63603,2.6248576e-05
63604,2.6248576e-05
63605,2.6248576e-05
63606,2.6248576e-05
63607,2.6248576e-05
63608,2.6248576e-05
63609,2.6248576e-05
63610,2.6248576e-05
63611,2.6248576e-05
63612,2.6248576e-05
63613,2.6248576e-05
63614,2.6248576e-05
63615,2.6248576e-05
63616,2.6248576e-05
63617,2.6248576e-05
63618,2.6248576e-05
63619,2.6248576e-05
63620,2.6248576e-05
63621,2.6248576e-05
63622,2.6248576e-05
63623,2.6248576e-05
63624,2.6248576e-05
63625,2.6248576e-05
63626,2.6248576e-05
63627,2.6248576e-05
63628,2.6248576e-05
63629,2.6248576e-05
63630,2.6248576e-05
63631,2.6248576e-05
63632,2.6248576e-05
63633,2.6248576e-05
63634,2.6248576e-05
63635,2.6248576e-05
63636,2.6248576e-05
63637,2.6248576e-05
63638,2.6248576e-05
63639,2.6248576e-05
63640,2.6248576e-05
63641,2.6248576e-05
63642,2.6248576e-05
63643,2.6248576e-05
63644,2.6248576e-05
63645,2.6248576e-05
63646,2.6248576e-05
63647,2.6248576e-05
63648,2.6248576e-05
63649,2.6248576e-05
63650,2.6248576e-05
63651,2.6248576e-05
63652,2.6248576e-05
63653,2.6248576e-05
63654,2.6248576e-05
63655,2.6248576e-05
63656,2.6248576e-05
63657,2.6248576e-05
63658,2.6248576e-05
63659,2.6248576e-05
63660,2.6248576e-05
63661,2.6248576e-05
63662,2.6248576e-05
63663,2.6248576e-05
63664,2.6248576e-05
63665,2.6248576e-05
63666,2.6248576e-05
63667,2.6248576e-05
63668,2.6248576e-05
63669,2.6248576e-05
63670,2.6248576e-05
63671,2.6248576e-05
63672,2.6248576e-05
63673,2.6248576e-05
63674,2.6248576e-05
63675,2.6248576e-05
63676,2.6248576e-05
63677,2.6248576e-05
63678,2.6248576e-05
63679,2.6248576e-05
63680,2.6248576e-05
63681,2.6248576e-05
63682,2.6248576e-05
63683,2.6248576e-05
63684,2.6248576e-05
63685,2.6248576e-05
63686,2.6248576e-05
63687,2.6248576e-05
63688,2.6248576e-05
63689,2.6248576e-05
63690,2.6248576e-05
63691,2.6248576e-05
63692,2.6248576e-05
63693,2.6248576e-05
63694,2.6248576e-05
63695,2.6248576e-05
63696,2.6248576e-05
63697,2.6248576e-05
63698,2.6248576e-05
63699,2.6248576e-05
63700,2.6248576e-05
63701,2.6248576e-05
63702,2.6248576e-05
63703,2.6248576e-05
63704,2.6248576e-05
63705,2.6248576e-05
63706,2.6248576e-05
63707,2.6248576e-05
63708,2.6248576e-05
63709,2.6248576e-05
63710,2.6248576e-05
63711,2.6248576e-05
63712,2.6248576e-05
63713,2.6248576e-05
63714,2.6248576e-05
63715,2.6248576e-05
63716,2.6248576e-05
63717,2.6248576e-05
63718,2.6248576e-05
63719,2.6248576e-05
63720,2.6248576e-05
63721,2.6248576e-05
63722,2.6248576e-05
63723,2.6248576e-05
63724,2.6248576e-05
63725,2.6248576e-05
63726,2.6248576e-05
63727,2.6248576e-05
63728,2.6248576e-05
63729,2.6248576e-05
63730,2.6248576e-05
63731,2.6248576e-05
63732,2.6248576e-05
63733,2.6248576e-05
63734,2.6248576e-05
63735,2.6248576e-05
63736,2.6248576e-05
63737,2.6248576e-05
63738,2.6248576e-05
63739,2.6248576e-05
63740,2.6248576e-05
63741,2.6248576e-05
63742,2.6248576e-05
63743,2.6248576e-05
63744,2.6248576e-05
63745,2.6248576e-05
63746,2.6248576e-05
63747,2.6248576e-05
63748,2.6248576e-05
63749,2.6248576e-05
63750,2.6248576e-05
63751,2.6248576e-05
63752,2.6248576e-05
63753,2.6248576e-05
63754,2.6248576e-05
63755,2.6248576e-05
63756,2.6248576e-05
63757,2.6248576e-05
63758,2.6248576e-05
63759,2.6248576e-05
63760,2.6248576e-05
63761,2.6248576e-05
63762,2.6248576e-05
63763,2.6248576e-05
63764,2.6248576e-05
63765,2.6248576e-05
63766,2.6248576e-05
63767,2.6248576e-05
63768,2.6248576e-05
63769,2.6248576e-05
63770,2.6248576e-05
63771,2.6248576e-05
63772,2.6248576e-05
63773,2.6248576e-05
63774,2.6248576e-05
63775,2.6248576e-05
63776,2.6248576e-05
63777,2.6248576e-05
63778,2.6248576e-05
63779,2.6248576e-05
63780,2.6248576e-05
63781,2.6248576e-05
63782,2.6248576e-05
63783,2.6248576e-05
63784,2.6248576e-05
63785,2.6248576e-05
63786,2.6248576e-05
63787,2.6248576e-05
63788,2.6248576e-05
63789,2.6248576e-05
63790,2.6248576e-05
63791,2.6248576e-05
63792,2.6248576e-05
63793,2.6248576e-05
63794,2.6248576e-05
63795,2.6248576e-05
63796,2.6248576e-05
63797,2.6248576e-05
63798,2.6248576e-05
63799,2.6248576e-05
63800,2.6248576e-05
63801,2.6248576e-05
63802,2.6248576e-05
63803,2.6248576e-05
63804,2.6248576e-05
63805,2.6248576e-05
63806,2.6248576e-05
63807,2.6248576e-05
63808,2.6248576e-05
63809,2.6248576e-05
63810,2.6248576e-05
63811,2.6248576e-05
63812,2.6248576e-05
63813,2.6248576e-05
63814,2.6248576e-05
63815,2.6248576e-05
63816,2.6248576e-05
63817,2.6248576e-05
63818,2.6248576e-05
63819,2.6248576e-05
63820,2.6248576e-05
63821,2.6248576e-05
63822,2.6248576e-05
63823,2.6248576e-05
63824,2.6248576e-05
63825,2.6248576e-05
63826,2.6248576e-05
63827,2.6248576e-05
63828,2.6248576e-05
63829,2.6248576e-05
63830,2.6248576e-05
63831,2.6248576e-05
63832,2.6248576e-05
63833,2.6248576e-05
63834,2.6248576e-05
63835,2.6248576e-05
63836,2.6248576e-05
63837,2.6248576e-05
63838,2.6248576e-05
63839,2.6248576e-05
63840,2.6248576e-05
63841,2.6248576e-05
63842,2.6248576e-05
63843,2.6248576e-05
63844,2.6248576e-05
63845,2.6248576e-05
63846,2.6248576e-05
63847,2.6248576e-05
63848,2.6248576e-05
63849,2.6248576e-05
63850,2.6248576e-05
63851,2.6248576e-05
63852,2.6248576e-05
63853,2.6248576e-05
63854,2.6248576e-05
63855,2.6248576e-05
63856,2.6248576e-05
63857,2.6248576e-05
63858,2.6248576e-05
63859,2.6248576e-05
63860,2.6248576e-05
63861,2.6248576e-05
63862,2.6248576e-05
63863,2.6248576e-05
63864,2.6248576e-05
63865,2.6248576e-05
63866,2.6248576e-05
63867,2.6248576e-05
63868,2.6248576e-05
63869,2.6248576e-05
63870,2.6248576e-05
63871,2.6248576e-05
63872,2.6248576e-05
63873,2.6248576e-05
63874,2.6248576e-05
63875,2.6248576e-05
63876,2.6248576e-05
63877,2.6248576e-05
63878,2.6248576e-05
63879,2.6248576e-05
63880,2.6248576e-05
63881,2.6248576e-05
63882,2.6248576e-05
63883,2.6248576e-05
63884,2.6248576e-05
63885,2.6248576e-05
63886,2.6248576e-05
63887,2.6248576e-05
63888,2.6248576e-05
63889,2.6248576e-05
63890,2.6248576e-05
63891,2.6248576e-05
63892,2.6248576e-05
63893,2.6248576e-05
63894,2.6248576e-05
63895,2.6248576e-05
63896,2.6248576e-05
63897,2.6248576e-05
63898,2.6248576e-05
63899,2.6248576e-05
63900,2.6248576e-05
63901,2.6248576e-05
63902,2.6248576e-05
63903,2.6248576e-05
63904,2.6248576e-05
63905,2.6248576e-05
63906,2.6248576e-05
63907,2.6248576e-05
63908,2.6248576e-05
63909,2.6248576e-05
63910,2.6248576e-05
63911,2.6248576e-05
63912,2.6248576e-05
63913,2.6248576e-05
63914,2.6248576e-05
63915,2.6248576e-05
63916,2.6248576e-05
63917,2.6248576e-05
63918,2.6248576e-05
63919,2.6248576e-05
63920,2.6248576e-05
63921,2.6248576e-05
63922,2.6248576e-05
63923,2.6248576e-05
63924,2.6248576e-05
63925,2.6248576e-05
63926,2.6248576e-05
63927,2.6248576e-05
63928,2.6248576e-05
63929,2.6248576e-05
63930,2.6248576e-05
63931,2.6248576e-05
63932,2.6248576e-05
63933,2.6248576e-05
63934,2.6248576e-05
63935,2.6248576e-05
63936,2.6248576e-05
63937,2.6248576e-05
63938,2.6248576e-05
63939,2.6248576e-05
63940,2.6248576e-05
63941,2.6248576e-05
63942,2.6248576e-05
63943,2.6248576e-05
63944,2.6248576e-05
63945,2.6248576e-05
63946,2.6248576e-05
63947,2.6248576e-05
63948,2.6248576e-05
63949,2.6248576e-05
63950,2.6248576e-05
63951,2.6248576e-05
63952,2.6248576e-05
63953,2.6248576e-05
63954,2.6248576e-05
63955,2.6248576e-05
63956,2.6248576e-05
63957,2.6248576e-05
63958,2.6248576e-05
63959,2.6248576e-05
63960,2.6248576e-05
63961,2.6248576e-05
63962,2.6248576e-05
63963,2.6248576e-05
63964,2.6248576e-05
63965,2.6248576e-05
63966,2.6248576e-05
63967,2.6248576e-05
63968,2.6248576e-05
63969,2.6248576e-05
63970,2.6248576e-05
63971,2.6248576e-05
63972,2.6248576e-05
63973,2.6248576e-05
63974,2.6248576e-05
63975,2.6248576e-05
63976,2.6248576e-05
63977,2.6248576e-05
63978,2.6248576e-05
63979,2.6248576e-05
63980,2.6248576e-05
63981,2.6248576e-05
63982,2.6248576e-05
63983,2.6248576e-05
63984,2.6248576e-05
63985,2.6248576e-05
63986,2.6248576e-05
63987,2.6248576e-05
63988,2.6248576e-05
63989,2.6248576e-05
63990,2.6248576e-05
63991,2.6248576e-05
63992,2.6248576e-05
63993,2.6248576e-05
63994,2.6248576e-05
63995,2.6248576e-05
63996,2.6248576e-05
63997,2.6248576e-05
63998,2.6248576e-05
63999,2.6248576e-05
64000,2.6248576e-05
64001,2.6248576e-05
64002,2.6248576e-05
64003,2.6248576e-05
64004,2.6248576e-05
64005,2.6248576e-05
64006,2.6248576e-05
64007,2.6248576e-05
64008,2.6248576e-05
64009,2.6248576e-05
64010,2.6248576e-05
64011,2.6248576e-05
64012,2.6248576e-05
64013,2.6248576e-05
64014,2.6248576e-05
64015,2.6248576e-05
64016,2.6248576e-05
64017,2.6248576e-05
64018,2.6248576e-05
64019,2.6248576e-05
64020,2.6248576e-05
64021,2.6248576e-05
64022,2.6248576e-05
64023,2.6248576e-05
64024,2.6248576e-05
64025,2.6248576e-05
64026,2.6248576e-05
64027,2.6248576e-05
64028,2.6248576e-05
64029,2.6248576e-05
64030,2.6248576e-05
64031,2.6248576e-05
64032,2.6248576e-05
64033,2.6248576e-05
64034,2.6248576e-05
64035,2.6248576e-05
64036,2.6248576e-05
64037,2.6248576e-05
64038,2.6248576e-05
64039,2.6248576e-05
64040,2.6248576e-05
64041,2.6248576e-05
64042,2.6248576e-05
64043,2.6248576e-05
64044,2.6248576e-05
64045,2.6248576e-05
64046,2.6248576e-05
64047,2.6248576e-05
64048,2.6248576e-05
64049,2.6248576e-05
64050,2.6248576e-05
64051,2.6248576e-05
64052,2.6248576e-05
64053,2.6248576e-05
64054,2.6248576e-05
64055,2.6248576e-05
64056,2.6248576e-05
64057,2.6248576e-05
64058,2.6248576e-05
64059,2.6248576e-05
64060,2.6248576e-05
64061,2.6248576e-05
64062,2.6248576e-05
64063,2.6248576e-05
64064,2.6248576e-05
64065,2.6248576e-05
64066,2.6248576e-05
64067,2.6248576e-05
64068,2.6248576e-05
64069,2.6248576e-05
64070,2.6248576e-05
64071,2.6248576e-05
64072,2.6248576e-05
64073,2.6248576e-05
64074,2.6248576e-05
64075,2.6248576e-05
64076,2.6248576e-05
64077,2.6248576e-05
64078,2.6248576e-05
64079,2.6248576e-05
64080,2.6248576e-05
64081,2.6248576e-05
64082,2.6248576e-05
64083,2.6248576e-05
64084,2.6248576e-05
64085,2.6248576e-05
64086,2.6248576e-05
64087,2.6248576e-05
64088,2.6248576e-05
64089,2.6248576e-05
64090,2.6248576e-05
64091,2.6248576e-05
64092,2.6248576e-05
64093,2.6248576e-05
64094,2.6248576e-05
64095,2.6248576e-05
64096,2.6248576e-05
64097,2.6248576e-05
64098,2.6248576e-05
64099,2.6248576e-05
64100,2.6248576e-05
64101,2.6248576e-05
64102,2.6248576e-05
64103,2.6248576e-05
64104,2.6248576e-05
64105,2.6248576e-05
64106,2.6248576e-05
64107,2.6248576e-05
64108,2.6248576e-05
64109,2.6248576e-05
64110,2.6248576e-05
64111,2.6248576e-05
64112,2.6248576e-05
64113,2.6248576e-05
64114,2.6248576e-05
64115,2.6248576e-05
64116,2.6248576e-05
64117,2.6248576e-05
64118,2.6248576e-05
64119,2.6248576e-05
64120,2.6248576e-05
64121,2.6248576e-05
64122,2.6248576e-05
64123,2.6248576e-05
64124,2.6248576e-05
64125,2.6248576e-05
64126,2.6248576e-05
64127,2.6248576e-05
64128,2.6248576e-05
64129,2.6248576e-05
64130,2.6248576e-05
64131,2.6248576e-05
64132,2.6248576e-05
64133,2.6248576e-05
64134,2.6248576e-05
64135,2.6248576e-05
64136,2.6248576e-05
64137,2.6248576e-05
64138,2.6248576e-05
64139,2.6248576e-05
64140,2.6248576e-05
64141,2.6248576e-05
64142,2.6248576e-05
64143,2.6248576e-05
64144,2.6248576e-05
64145,2.6248576e-05
64146,2.6248576e-05
64147,2.6248576e-05
64148,2.6248576e-05
64149,2.6248576e-05
64150,2.6248576e-05
64151,2.6248576e-05
64152,2.6248576e-05
64153,2.6248576e-05
64154,2.6248576e-05
64155,2.6248576e-05
64156,2.6248576e-05
64157,2.6248576e-05
64158,2.6248576e-05
64159,2.6248576e-05
64160,2.6248576e-05
64161,2.6248576e-05
64162,2.6248576e-05
64163,2.6248576e-05
64164,2.6248576e-05
64165,2.6248576e-05
64166,2.6248576e-05
64167,2.6248576e-05
64168,2.6248576e-05
64169,2.6248576e-05
64170,2.6248576e-05
64171,2.6248576e-05
64172,2.6248576e-05
64173,2.6248576e-05
64174,2.6248576e-05
64175,2.6248576e-05
64176,2.6248576e-05
64177,2.6248576e-05
64178,2.6248576e-05
64179,2.6248576e-05
64180,2.6248576e-05
64181,2.6248576e-05
64182,2.6248576e-05
64183,2.6248576e-05
64184,2.6248576e-05
64185,2.6248576e-05
64186,2.6248576e-05
64187,2.6248576e-05
64188,2.6248576e-05
64189,2.6248576e-05
64190,2.6248576e-05
64191,2.6248576e-05
64192,2.6248576e-05
64193,2.6248576e-05
64194,2.6248576e-05
64195,2.6248576e-05
64196,2.6248576e-05
64197,2.6248576e-05
64198,2.6248576e-05
64199,2.6248576e-05
64200,2.6248576e-05
64201,2.6248576e-05
64202,2.6248576e-05
64203,2.6248576e-05
64204,2.6248576e-05
64205,2.6248576e-05
64206,2.6248576e-05
64207,2.6248576e-05
64208,2.6248576e-05
64209,2.6248576e-05
64210,2.6248576e-05
64211,2.6248576e-05
64212,2.6248576e-05
64213,2.6248576e-05
64214,2.6248576e-05
64215,2.6248576e-05
64216,2.6248576e-05
64217,2.6248576e-05
64218,2.6248576e-05
64219,2.6248576e-05
64220,2.6248576e-05
64221,2.6248576e-05
64222,2.6248576e-05
64223,2.6248576e-05
64224,2.6248576e-05
64225,2.6248576e-05
64226,2.6248576e-05
64227,2.6248576e-05
64228,2.6248576e-05
64229,2.6248576e-05
64230,2.6248576e-05
64231,2.6248576e-05
64232,2.6248576e-05
64233,2.6248576e-05
64234,2.6248576e-05
64235,2.6248576e-05
64236,2.6248576e-05
64237,2.6248576e-05
64238,2.6248576e-05
64239,2.6248576e-05
64240,2.6248576e-05
64241,2.6248576e-05
64242,2.6248576e-05
64243,2.6248576e-05
64244,2.6248576e-05
64245,2.6248576e-05
64246,2.6248576e-05
64247,2.6248576e-05
64248,2.6248576e-05
64249,2.6248576e-05
64250,2.6248576e-05
64251,2.6248576e-05
64252,2.6248576e-05
64253,2.6248576e-05
64254,2.6248576e-05
64255,2.6248576e-05
64256,2.6248576e-05
64257,2.6248576e-05
64258,2.6248576e-05
64259,2.6248576e-05
64260,2.6248576e-05
64261,2.6248576e-05
64262,2.6248576e-05
64263,2.6248576e-05
64264,2.6248576e-05
64265,2.6248576e-05
64266,2.6248576e-05
64267,2.6248576e-05
64268,2.6248576e-05
64269,2.6248576e-05
64270,2.6248576e-05
64271,2.6248576e-05
64272,2.6248576e-05
64273,2.6248576e-05
64274,2.6248576e-05
64275,2.6248576e-05
64276,2.6248576e-05
64277,2.6248576e-05
64278,2.6248576e-05
64279,2.6248576e-05
64280,2.6248576e-05
64281,2.6248576e-05
64282,2.6248576e-05
64283,2.6248576e-05
64284,2.6248576e-05
64285,2.6248576e-05
64286,2.6248576e-05
64287,2.6248576e-05
64288,2.6248576e-05
64289,2.6248576e-05
64290,2.6248576e-05
64291,2.6248576e-05
64292,2.6248576e-05
64293,2.6248576e-05
64294,2.6248576e-05
64295,2.6248576e-05
64296,2.6248576e-05
64297,2.6248576e-05
64298,2.6248576e-05
64299,2.6248576e-05
64300,2.6248576e-05
64301,2.6248576e-05
64302,2.6248576e-05
64303,2.6248576e-05
64304,2.6248576e-05
64305,2.6248576e-05
64306,2.6248576e-05
64307,2.6248576e-05
64308,2.6248576e-05
64309,2.6248576e-05
64310,2.6248576e-05
64311,2.6248576e-05
64312,2.6248576e-05
64313,2.6248576e-05
64314,2.6248576e-05
64315,2.6248576e-05
64316,2.6248576e-05
64317,2.6248576e-05
64318,2.6248576e-05
64319,2.6248576e-05
64320,2.6248576e-05
64321,2.6248576e-05
64322,2.6248576e-05
64323,2.6248576e-05
64324,2.6248576e-05
64325,2.6248576e-05
64326,2.6248576e-05
64327,2.6248576e-05
64328,2.6248576e-05
64329,2.6248576e-05
64330,2.6248576e-05
64331,2.6248576e-05
64332,2.6248576e-05
64333,2.6248576e-05
64334,2.6248576e-05
64335,2.6248576e-05
64336,2.6248576e-05
64337,2.6248576e-05
64338,2.6248576e-05
64339,2.6248576e-05
64340,2.6248576e-05
64341,2.6248576e-05
64342,2.6248576e-05
64343,2.6248576e-05
64344,2.6248576e-05
64345,2.6248576e-05
64346,2.6248576e-05
64347,2.6248576e-05
64348,2.6248576e-05
64349,2.6248576e-05
64350,2.6248576e-05
64351,2.6248576e-05
64352,2.6248576e-05
64353,2.6248576e-05
64354,2.6248576e-05
64355,2.6248576e-05
64356,2.6248576e-05
64357,2.6248576e-05
64358,2.6248576e-05
64359,2.6248576e-05
64360,2.6248576e-05
64361,2.6248576e-05
64362,2.6248576e-05
64363,2.6248576e-05
64364,2.6248576e-05
64365,2.6248576e-05
64366,2.6248576e-05
64367,2.6248576e-05
64368,2.6248576e-05
64369,2.6248576e-05
64370,2.6248576e-05
64371,2.6248576e-05
64372,2.6248576e-05
64373,2.6248576e-05
64374,2.6248576e-05
64375,2.6248576e-05
64376,2.6248576e-05
64377,2.6248576e-05
64378,2.6248576e-05
64379,2.6248576e-05
64380,2.6248576e-05
64381,2.6248576e-05
64382,2.6248576e-05
64383,2.6248576e-05
64384,2.6248576e-05
64385,2.6248576e-05
64386,2.6248576e-05
64387,2.6248576e-05
64388,2.6248576e-05
64389,2.6248576e-05
64390,2.6248576e-05
64391,2.6248576e-05
64392,2.6248576e-05
64393,2.6248576e-05
64394,2.6248576e-05
64395,2.6248576e-05
64396,2.6248576e-05
64397,2.6248576e-05
64398,2.6248576e-05
64399,2.6248576e-05
64400,2.6248576e-05
64401,2.6248576e-05
64402,2.6248576e-05
64403,2.6248576e-05
64404,2.6248576e-05
64405,2.6248576e-05
64406,2.6248576e-05
64407,2.6248576e-05
64408,2.6248576e-05
64409,2.6248576e-05
64410,2.6248576e-05
64411,2.6248576e-05
64412,2.6248576e-05
64413,2.6248576e-05
64414,2.6248576e-05
64415,2.6248576e-05
64416,2.6248576e-05
64417,2.6248576e-05
64418,2.6248576e-05
64419,2.6248576e-05
64420,2.6248576e-05
64421,2.6248576e-05
64422,2.6248576e-05
64423,2.6248576e-05
64424,2.6248576e-05
64425,2.6248576e-05
64426,2.6248576e-05
64427,2.6248576e-05
64428,2.6248576e-05
64429,2.6248576e-05
64430,2.6248576e-05
64431,2.6248576e-05
64432,2.6248576e-05
64433,2.6248576e-05
64434,2.6248576e-05
64435,2.6248576e-05
64436,2.6248576e-05
64437,2.6248576e-05
64438,2.6248576e-05
64439,2.6248576e-05
64440,2.6248576e-05
64441,2.6248576e-05
64442,2.6248576e-05
64443,2.6248576e-05
64444,2.6248576e-05
64445,2.6248576e-05
64446,2.6248576e-05
64447,2.6248576e-05
64448,2.6248576e-05
64449,2.6248576e-05
64450,2.6248576e-05
64451,2.6248576e-05
64452,2.6248576e-05
64453,2.6248576e-05
64454,2.6248576e-05
64455,2.6248576e-05
64456,2.6248576e-05
64457,2.6248576e-05
64458,2.6248576e-05
64459,2.6248576e-05
64460,2.6248576e-05
64461,2.6248576e-05
64462,2.6248576e-05
64463,2.6248576e-05
64464,2.6248576e-05
64465,2.6248576e-05
64466,2.6248576e-05
64467,2.6248576e-05
64468,2.6248576e-05
64469,2.6248576e-05
64470,2.6248576e-05
64471,2.6248576e-05
64472,2.6248576e-05
64473,2.6248576e-05
64474,2.6248576e-05
64475,2.6248576e-05
64476,2.6248576e-05
64477,2.6248576e-05
64478,2.6248576e-05
64479,2.6248576e-05
64480,2.6248576e-05
64481,2.6248576e-05
64482,2.6248576e-05
64483,2.6248576e-05
64484,2.6248576e-05
64485,2.6248576e-05
64486,2.6248576e-05
64487,2.6248576e-05
64488,2.6248576e-05
64489,2.6248576e-05
64490,2.6248576e-05
64491,2.6248576e-05
64492,2.6248576e-05
64493,2.6248576e-05
64494,2.6248576e-05
64495,2.6248576e-05
64496,2.6248576e-05
64497,2.6248576e-05
64498,2.6248576e-05
64499,2.6248576e-05
64500,2.6248576e-05
64501,2.6248576e-05
64502,2.6248576e-05
64503,2.6248576e-05
64504,2.6248576e-05
64505,2.6248576e-05
64506,2.6248576e-05
64507,2.6248576e-05
64508,2.6248576e-05
64509,2.6248576e-05
64510,2.6248576e-05
64511,2.6248576e-05
64512,2.6248576e-05
64513,2.6248576e-05
64514,2.6248576e-05
64515,2.6248576e-05
64516,2.6248576e-05
64517,2.6248576e-05
64518,2.6248576e-05
64519,2.6248576e-05
64520,2.6248576e-05
64521,2.6248576e-05
64522,2.6248576e-05
64523,2.6248576e-05
64524,2.6248576e-05
64525,2.6248576e-05
64526,2.6248576e-05
64527,2.6248576e-05
64528,2.6248576e-05
64529,2.6248576e-05
64530,2.6248576e-05
64531,2.6248576e-05
64532,2.6248576e-05
64533,2.6248576e-05
64534,2.6248576e-05
64535,2.6248576e-05
64536,2.6248576e-05
64537,2.6248576e-05
64538,2.6248576e-05
64539,2.6248576e-05
64540,2.6248576e-05
64541,2.6248576e-05
64542,2.6248576e-05
64543,2.6248576e-05
64544,2.6248576e-05
64545,2.6248576e-05
64546,2.6248576e-05
64547,2.6248576e-05
64548,2.6248576e-05
64549,2.6248576e-05
64550,2.6248576e-05
64551,2.6248576e-05
64552,2.6248576e-05
64553,2.6248576e-05
64554,2.6248576e-05
64555,2.6248576e-05
64556,2.6248576e-05
64557,2.6248576e-05
64558,2.6248576e-05
64559,2.6248576e-05
64560,2.6248576e-05
64561,2.6248576e-05
64562,2.6248576e-05
64563,2.6248576e-05
64564,2.6248576e-05
64565,2.6248576e-05
64566,2.6248576e-05
64567,2.6248576e-05
64568,2.6248576e-05
64569,2.6248576e-05
64570,2.6248576e-05
64571,2.6248576e-05
64572,2.6248576e-05
64573,2.6248576e-05
64574,2.6248576e-05
64575,2.6248576e-05
64576,2.6248576e-05
64577,2.6248576e-05
64578,2.6248576e-05
64579,2.6248576e-05
64580,2.6248576e-05
64581,2.6248576e-05
64582,2.6248576e-05
64583,2.6248576e-05
64584,2.6248576e-05
64585,2.6248576e-05
64586,2.6248576e-05
64587,2.6248576e-05
64588,2.6248576e-05
64589,2.6248576e-05
64590,2.6248576e-05
64591,2.6248576e-05
64592,2.6248576e-05
64593,2.6248576e-05
64594,2.6248576e-05
64595,2.6248576e-05
64596,2.6248576e-05
64597,2.6248576e-05
64598,2.6248576e-05
64599,2.6248576e-05
64600,2.6248576e-05
64601,2.6248576e-05
64602,2.6248576e-05
64603,2.6248576e-05
64604,2.6248576e-05
64605,2.6248576e-05
64606,2.6248576e-05
64607,2.6248576e-05
64608,2.6248576e-05
64609,2.6248576e-05
64610,2.6248576e-05
64611,2.6248576e-05
64612,2.6248576e-05
64613,2.6248576e-05
64614,2.6248576e-05
64615,2.6248576e-05
64616,2.6248576e-05
64617,2.6248576e-05
64618,2.6248576e-05
64619,2.6248576e-05
64620,2.6248576e-05
64621,2.6248576e-05
64622,2.6248576e-05
64623,2.6248576e-05
64624,2.6248576e-05
64625,2.6248576e-05
64626,2.6248576e-05
64627,2.6248576e-05
64628,2.6248576e-05
64629,2.6248576e-05
64630,2.6248576e-05
64631,2.6248576e-05
64632,2.6248576e-05
64633,2.6248576e-05
64634,2.6248576e-05
64635,2.6248576e-05
64636,2.6248576e-05
64637,2.6248576e-05
64638,2.6248576e-05
64639,2.6248576e-05
64640,2.6248576e-05
64641,2.6248576e-05
64642,2.6248576e-05
64643,2.6248576e-05
64644,2.6248576e-05
64645,2.6248576e-05
64646,2.6248576e-05
64647,2.6248576e-05
64648,2.6248576e-05
64649,2.6248576e-05
64650,2.6248576e-05
64651,2.6248576e-05
64652,2.6248576e-05
64653,2.6248576e-05
64654,2.6248576e-05
64655,2.6248576e-05
64656,2.6248576e-05
64657,2.6248576e-05
64658,2.6248576e-05
64659,2.6248576e-05
64660,2.6248576e-05
64661,2.6248576e-05
64662,2.6248576e-05
64663,2.6248576e-05
64664,2.6248576e-05
64665,2.6248576e-05
64666,2.6248576e-05
64667,2.6248576e-05
64668,2.6248576e-05
64669,2.6248576e-05
64670,2.6248576e-05
64671,2.6248576e-05
64672,2.6248576e-05
64673,2.6248576e-05
64674,2.6248576e-05
64675,2.6248576e-05
64676,2.6248576e-05
64677,2.6248576e-05
64678,2.6248576e-05
64679,2.6248576e-05
64680,2.6248576e-05
64681,2.6248576e-05
64682,2.6248576e-05
64683,2.6248576e-05
64684,2.6248576e-05
64685,2.6248576e-05
64686,2.6248576e-05
64687,2.6248576e-05
64688,2.6248576e-05
64689,2.6248576e-05
64690,2.6248576e-05
64691,2.6248576e-05
64692,2.6248576e-05
64693,2.6248576e-05
64694,2.6248576e-05
64695,2.6248576e-05
64696,2.6248576e-05
64697,2.6248576e-05
64698,2.6248576e-05
64699,2.6248576e-05
64700,2.6248576e-05
64701,2.6248576e-05
64702,2.6248576e-05
64703,2.6248576e-05
64704,2.6248576e-05
64705,2.6248576e-05
64706,2.6248576e-05
64707,2.6248576e-05
64708,2.6248576e-05
64709,2.6248576e-05
64710,2.6248576e-05
64711,2.6248576e-05
64712,2.6248576e-05
64713,2.6248576e-05
64714,2.6248576e-05
64715,2.6248576e-05
64716,2.6248576e-05
64717,2.6248576e-05
64718,2.6248576e-05
64719,2.6248576e-05
64720,2.6248576e-05
64721,2.6248576e-05
64722,2.6248576e-05
64723,2.6248576e-05
64724,2.6248576e-05
64725,2.6248576e-05
64726,2.6248576e-05
64727,2.6248576e-05
64728,2.6248576e-05
64729,2.6248576e-05
64730,2.6248576e-05
64731,2.6248576e-05
64732,2.6248576e-05
64733,2.6248576e-05
64734,2.6248576e-05
64735,2.6248576e-05
64736,2.6248576e-05
64737,2.6248576e-05
64738,2.6248576e-05
64739,2.6248576e-05
64740,2.6248576e-05
64741,2.6248576e-05
64742,2.6248576e-05
64743,2.6248576e-05
64744,2.6248576e-05
64745,2.6248576e-05
64746,2.6248576e-05
64747,2.6248576e-05
64748,2.6248576e-05
64749,2.6248576e-05
64750,2.6248576e-05
64751,2.6248576e-05
64752,2.6248576e-05
64753,2.6248576e-05
64754,2.6248576e-05
64755,2.6248576e-05
64756,2.6248576e-05
64757,2.6248576e-05
64758,2.6248576e-05
64759,2.6248576e-05
64760,2.6248576e-05
64761,2.6248576e-05
64762,2.6248576e-05
64763,2.6248576e-05
64764,2.6248576e-05
64765,2.6248576e-05
64766,2.6248576e-05
64767,2.6248576e-05
64768,2.6248576e-05
64769,2.6248576e-05
64770,2.6248576e-05
64771,2.6248576e-05
64772,2.6248576e-05
64773,2.6248576e-05
64774,2.6248576e-05
64775,2.6248576e-05
64776,2.6248576e-05
64777,2.6248576e-05
64778,2.6248576e-05
64779,2.6248576e-05
64780,2.6248576e-05
64781,2.6248576e-05
64782,2.6248576e-05
64783,2.6248576e-05
64784,2.6248576e-05
64785,2.6248576e-05
64786,2.6248576e-05
64787,2.6248576e-05
64788,2.6248576e-05
64789,2.6248576e-05
64790,2.6248576e-05
64791,2.6248576e-05
64792,2.6248576e-05
64793,2.6248576e-05
64794,2.6248576e-05
64795,2.6248576e-05
64796,2.6248576e-05
64797,2.6248576e-05
64798,2.6248576e-05
64799,2.6248576e-05
64800,2.6248576e-05
64801,2.6248576e-05
64802,2.6248576e-05
64803,2.6248576e-05
64804,2.6248576e-05
64805,2.6248576e-05
64806,2.6248576e-05
64807,2.6248576e-05
64808,2.6248576e-05
64809,2.6248576e-05
64810,2.6248576e-05
64811,2.6248576e-05
64812,2.6248576e-05
64813,2.6248576e-05
64814,2.6248576e-05
64815,2.6248576e-05
64816,2.6248576e-05
64817,2.6248576e-05
64818,2.6248576e-05
64819,2.6248576e-05
64820,2.6248576e-05
64821,2.6248576e-05
64822,2.6248576e-05
64823,2.6248576e-05
64824,2.6248576e-05
64825,2.6248576e-05
64826,2.6248576e-05
64827,2.6248576e-05
64828,2.6248576e-05
64829,2.6248576e-05
64830,2.6248576e-05
64831,2.6248576e-05
64832,2.6248576e-05
64833,2.6248576e-05
64834,2.6248576e-05
64835,2.6248576e-05
64836,2.6248576e-05
64837,2.6248576e-05
64838,2.6248576e-05
64839,2.6248576e-05
64840,2.6248576e-05
64841,2.6248576e-05
64842,2.6248576e-05
64843,2.6248576e-05
64844,2.6248576e-05
64845,2.6248576e-05
64846,2.6248576e-05
64847,2.6248576e-05
64848,2.6248576e-05
64849,2.6248576e-05
64850,2.6248576e-05
64851,2.6248576e-05
64852,2.6248576e-05
64853,2.6248576e-05
64854,2.6248576e-05
64855,2.6248576e-05
64856,2.6248576e-05
64857,2.6248576e-05
64858,2.6248576e-05
64859,2.6248576e-05
64860,2.6248576e-05
64861,2.6248576e-05
64862,2.6248576e-05
64863,2.6248576e-05
64864,2.6248576e-05
64865,2.6248576e-05
64866,2.6248576e-05
64867,2.6248576e-05
64868,2.6248576e-05
64869,2.6248576e-05
64870,2.6248576e-05
64871,2.6248576e-05
64872,2.6248576e-05
64873,2.6248576e-05
64874,2.6248576e-05
64875,2.6248576e-05
64876,2.6248576e-05
64877,2.6248576e-05
64878,2.6248576e-05
64879,2.6248576e-05
64880,2.6248576e-05
64881,2.6248576e-05
64882,2.6248576e-05
64883,2.6248576e-05
64884,2.6248576e-05
64885,2.6248576e-05
64886,2.6248576e-05
64887,2.6248576e-05
64888,2.6248576e-05
64889,2.6248576e-05
64890,2.6248576e-05
64891,2.6248576e-05
64892,2.6248576e-05
64893,2.6248576e-05
64894,2.6248576e-05
64895,2.6248576e-05
64896,2.6248576e-05
64897,2.6248576e-05
64898,2.6248576e-05
64899,2.6248576e-05
64900,2.6248576e-05
64901,2.6248576e-05
64902,2.6248576e-05
64903,2.6248576e-05
64904,2.6248576e-05
64905,2.6248576e-05
64906,2.6248576e-05
64907,2.6248576e-05
64908,2.6248576e-05
64909,2.6248576e-05
64910,2.6248576e-05
64911,2.6248576e-05
64912,2.6248576e-05
64913,2.6248576e-05
64914,2.6248576e-05
64915,2.6248576e-05
64916,2.6248576e-05
64917,2.6248576e-05
64918,2.6248576e-05
64919,2.6248576e-05
64920,2.6248576e-05
64921,2.6248576e-05
64922,2.6248576e-05
64923,2.6248576e-05
64924,2.6248576e-05
64925,2.6248576e-05
64926,2.6248576e-05
64927,2.6248576e-05
64928,2.6248576e-05
64929,2.6248576e-05
64930,2.6248576e-05
64931,2.6248576e-05
64932,2.6248576e-05
64933,2.6248576e-05
64934,2.6248576e-05
64935,2.6248576e-05
64936,2.6248576e-05
64937,2.6248576e-05
64938,2.6248576e-05
64939,2.6248576e-05
64940,2.6248576e-05
64941,2.6248576e-05
64942,2.6248576e-05
64943,2.6248576e-05
64944,2.6248576e-05
64945,2.6248576e-05
64946,2.6248576e-05
64947,2.6248576e-05
64948,2.6248576e-05
64949,2.6248576e-05
64950,2.6248576e-05
64951,2.6248576e-05
64952,2.6248576e-05
64953,2.6248576e-05
64954,2.6248576e-05
64955,2.6248576e-05
64956,2.6248576e-05
64957,2.6248576e-05
64958,2.6248576e-05
64959,2.6248576e-05
64960,2.6248576e-05
64961,2.6248576e-05
64962,2.6248576e-05
64963,2.6248576e-05
64964,2.6248576e-05
64965,2.6248576e-05
64966,2.6248576e-05
64967,2.6248576e-05
64968,2.6248576e-05
64969,2.6248576e-05
64970,2.6248576e-05
64971,2.6248576e-05
64972,2.6248576e-05
64973,2.6248576e-05
64974,2.6248576e-05
64975,2.6248576e-05
64976,2.6248576e-05
64977,2.6248576e-05
64978,2.6248576e-05
64979,2.6248576e-05
64980,2.6248576e-05
64981,2.6248576e-05
64982,2.6248576e-05
64983,2.6248576e-05
64984,2.6248576e-05
64985,2.6248576e-05
64986,2.6248576e-05
64987,2.6248576e-05
64988,2.6248576e-05
64989,2.6248576e-05
64990,2.6248576e-05
64991,2.6248576e-05
64992,2.6248576e-05
64993,2.6248576e-05
64994,2.6248576e-05
64995,2.6248576e-05
64996,2.6248576e-05
64997,2.6248576e-05
64998,2.6248576e-05
64999,2.6248576e-05
65000,2.6248576e-05
65001,2.6248576e-05
65002,2.6248576e-05
65003,2.6248576e-05
65004,2.6248576e-05
65005,2.6248576e-05
65006,2.6248576e-05
65007,2.6248576e-05
65008,2.6248576e-05
65009,2.6248576e-05
65010,2.6248576e-05
65011,2.6248576e-05
65012,2.6248576e-05
65013,2.6248576e-05
65014,2.6248576e-05
65015,2.6248576e-05
65016,2.6248576e-05
65017,2.6248576e-05
65018,2.6248576e-05
65019,2.6248576e-05
65020,2.6248576e-05
65021,2.6248576e-05
65022,2.6248576e-05
65023,2.6248576e-05
65024,2.6248576e-05
65025,2.6248576e-05
65026,2.6248576e-05
65027,2.6248576e-05
65028,2.6248576e-05
65029,2.6248576e-05
65030,2.6248576e-05
65031,2.6248576e-05
65032,2.6248576e-05
65033,2.6248576e-05
65034,2.6248576e-05
65035,2.6248576e-05
65036,2.6248576e-05
65037,2.6248576e-05
65038,2.6248576e-05
65039,2.6248576e-05
65040,2.6248576e-05
65041,2.6248576e-05
65042,2.6248576e-05
65043,2.6248576e-05
65044,2.6248576e-05
65045,2.6248576e-05
65046,2.6248576e-05
65047,2.6248576e-05
65048,2.6248576e-05
65049,2.6248576e-05
65050,2.6248576e-05
65051,2.6248576e-05
65052,2.6248576e-05
65053,2.6248576e-05
65054,2.6248576e-05
65055,2.6248576e-05
65056,2.6248576e-05
65057,2.6248576e-05
65058,2.6248576e-05
65059,2.6248576e-05
65060,2.6248576e-05
65061,2.6248576e-05
65062,2.6248576e-05
65063,2.6248576e-05
65064,2.6248576e-05
65065,2.6248576e-05
65066,2.6248576e-05
65067,2.6248576e-05
65068,2.6248576e-05
65069,2.6248576e-05
65070,2.6248576e-05
65071,2.6248576e-05
65072,2.6248576e-05
65073,2.6248576e-05
65074,2.6248576e-05
65075,2.6248576e-05
65076,2.6248576e-05
65077,2.6248576e-05
65078,2.6248576e-05
65079,2.6248576e-05
65080,2.6248576e-05
65081,2.6248576e-05
65082,2.6248576e-05
65083,2.6248576e-05
65084,2.6248576e-05
65085,2.6248576e-05
65086,2.6248576e-05
65087,2.6248576e-05
65088,2.6248576e-05
65089,2.6248576e-05
65090,2.6248576e-05
65091,2.6248576e-05
65092,2.6248576e-05
65093,2.6248576e-05
65094,2.6248576e-05
65095,2.6248576e-05
65096,2.6248576e-05
65097,2.6248576e-05
65098,2.6248576e-05
65099,2.6248576e-05
65100,2.6248576e-05
65101,2.6248576e-05
65102,2.6248576e-05
65103,2.6248576e-05
65104,2.6248576e-05
65105,2.6248576e-05
65106,2.6248576e-05
65107,2.6248576e-05
65108,2.6248576e-05
65109,2.6248576e-05
65110,2.6248576e-05
65111,2.6248576e-05
65112,2.6248576e-05
65113,2.6248576e-05
65114,2.6248576e-05
65115,2.6248576e-05
65116,2.6248576e-05
65117,2.6248576e-05
65118,2.6248576e-05
65119,2.6248576e-05
65120,2.6248576e-05
65121,2.6248576e-05
65122,2.6248576e-05
65123,2.6248576e-05
65124,2.6248576e-05
65125,2.6248576e-05
65126,2.6248576e-05
65127,2.6248576e-05
65128,2.6248576e-05
65129,2.6248576e-05
65130,2.6248576e-05
65131,2.6248576e-05
65132,2.6248576e-05
65133,2.6248576e-05
65134,2.6248576e-05
65135,2.6248576e-05
65136,2.6248576e-05
65137,2.6248576e-05
65138,2.6248576e-05
65139,2.6248576e-05
65140,2.6248576e-05
65141,2.6248576e-05
65142,2.6248576e-05
65143,2.6248576e-05
65144,2.6248576e-05
65145,2.6248576e-05
65146,2.6248576e-05
65147,2.6248576e-05
65148,2.6248576e-05
65149,2.6248576e-05
65150,2.6248576e-05
65151,2.6248576e-05
65152,2.6248576e-05
65153,2.6248576e-05
65154,2.6248576e-05
65155,2.6248576e-05
65156,2.6248576e-05
65157,2.6248576e-05
65158,2.6248576e-05
65159,2.6248576e-05
65160,2.6248576e-05
65161,2.6248576e-05
65162,2.6248576e-05
65163,2.6248576e-05
65164,2.6248576e-05
65165,2.6248576e-05
65166,2.6248576e-05
65167,2.6248576e-05
65168,2.6248576e-05
65169,2.6248576e-05
65170,2.6248576e-05
65171,2.6248576e-05
65172,2.6248576e-05
65173,2.6248576e-05
65174,2.6248576e-05
65175,2.6248576e-05
65176,2.6248576e-05
65177,2.6248576e-05
65178,2.6248576e-05
65179,2.6248576e-05
65180,2.6248576e-05
65181,2.6248576e-05
65182,2.6248576e-05
65183,2.6248576e-05
65184,2.6248576e-05
65185,2.6248576e-05
65186,2.6248576e-05
65187,2.6248576e-05
65188,2.6248576e-05
65189,2.6248576e-05
65190,2.6248576e-05
65191,2.6248576e-05
65192,2.6248576e-05
65193,2.6248576e-05
65194,2.6248576e-05
65195,2.6248576e-05
65196,2.6248576e-05
65197,2.6248576e-05
65198,2.6248576e-05
65199,2.6248576e-05
65200,2.6248576e-05
65201,2.6248576e-05
65202,2.6248576e-05
65203,2.6248576e-05
65204,2.6248576e-05
65205,2.6248576e-05
65206,2.6248576e-05
65207,2.6248576e-05
65208,2.6248576e-05
65209,2.6248576e-05
65210,2.6248576e-05
65211,2.6248576e-05
65212,2.6248576e-05
65213,2.6248576e-05
65214,2.6248576e-05
65215,2.6248576e-05
65216,2.6248576e-05
65217,2.6248576e-05
65218,2.6248576e-05
65219,2.6248576e-05
65220,2.6248576e-05
65221,2.6248576e-05
65222,2.6248576e-05
65223,2.6248576e-05
65224,2.6248576e-05
65225,2.6248576e-05
65226,2.6248576e-05
65227,2.6248576e-05
65228,2.6248576e-05
65229,2.6248576e-05
65230,2.6248576e-05
65231,2.6248576e-05
65232,2.6248576e-05
65233,2.6248576e-05
65234,2.6248576e-05
65235,2.6248576e-05
65236,2.6248576e-05
65237,2.6248576e-05
65238,2.6248576e-05
65239,2.6248576e-05
65240,2.6248576e-05
65241,2.6248576e-05
65242,2.6248576e-05
65243,2.6248576e-05
65244,2.6248576e-05
65245,2.6248576e-05
65246,2.6248576e-05
65247,2.6248576e-05
65248,2.6248576e-05
65249,2.6248576e-05
65250,2.6248576e-05
65251,2.6248576e-05
65252,2.6248576e-05
65253,2.6248576e-05
65254,2.6248576e-05
65255,2.6248576e-05
65256,2.6248576e-05
65257,2.6248576e-05
65258,2.6248576e-05
65259,2.6248576e-05
65260,2.6248576e-05
65261,2.6248576e-05
65262,2.6248576e-05
65263,2.6248576e-05
65264,2.6248576e-05
65265,2.6248576e-05
65266,2.6248576e-05
65267,2.6248576e-05
65268,2.6248576e-05
65269,2.6248576e-05
65270,2.6248576e-05
65271,2.6248576e-05
65272,2.6248576e-05
65273,2.6248576e-05
65274,2.6248576e-05
65275,2.6248576e-05
65276,2.6248576e-05
65277,2.6248576e-05
65278,2.6248576e-05
65279,2.6248576e-05
65280,2.6248576e-05
65281,2.6248576e-05
65282,2.6248576e-05
65283,2.6248576e-05
65284,2.6248576e-05
65285,2.6248576e-05
65286,2.6248576e-05
65287,2.6248576e-05
65288,2.6248576e-05
65289,2.6248576e-05
65290,2.6248576e-05
65291,2.6248576e-05
65292,2.6248576e-05
65293,2.6248576e-05
65294,2.6248576e-05
65295,2.6248576e-05
65296,2.6248576e-05
65297,2.6248576e-05
65298,2.6248576e-05
65299,2.6248576e-05
65300,2.6248576e-05
65301,2.6248576e-05
65302,2.6248576e-05
65303,2.6248576e-05
65304,2.6248576e-05
65305,2.6248576e-05
65306,2.6248576e-05
65307,2.6248576e-05
65308,2.6248576e-05
65309,2.6248576e-05
65310,2.6248576e-05
65311,2.6248576e-05
65312,2.6248576e-05
65313,2.6248576e-05
65314,2.6248576e-05
65315,2.6248576e-05
65316,2.6248576e-05
65317,2.6248576e-05
65318,2.6248576e-05
65319,2.6248576e-05
65320,2.6248576e-05
65321,2.6248576e-05
65322,2.6248576e-05
65323,2.6248576e-05
65324,2.6248576e-05
65325,2.6248576e-05
65326,2.6248576e-05
65327,2.6248576e-05
65328,2.6248576e-05
65329,2.6248576e-05
65330,2.6248576e-05
65331,2.6248576e-05
65332,2.6248576e-05
65333,2.6248576e-05
65334,2.6248576e-05
65335,2.6248576e-05
65336,2.6248576e-05
65337,2.6248576e-05
65338,2.6248576e-05
65339,2.6248576e-05
65340,2.6248576e-05
65341,2.6248576e-05
65342,2.6248576e-05
65343,2.6248576e-05
65344,2.6248576e-05
65345,2.6248576e-05
65346,2.6248576e-05
65347,2.6248576e-05
65348,2.6248576e-05
65349,2.6248576e-05
65350,2.6248576e-05
65351,2.6248576e-05
65352,2.6248576e-05
65353,2.6248576e-05
65354,2.6248576e-05
65355,2.6248576e-05
65356,2.6248576e-05
65357,2.6248576e-05
65358,2.6248576e-05
65359,2.6248576e-05
65360,2.6248576e-05
65361,2.6248576e-05
65362,2.6248576e-05
65363,2.6248576e-05
65364,2.6248576e-05
65365,2.6248576e-05
65366,2.6248576e-05
65367,2.6248576e-05
65368,2.6248576e-05
65369,2.6248576e-05
65370,2.6248576e-05
65371,2.6248576e-05
65372,2.6248576e-05
65373,2.6248576e-05
65374,2.6248576e-05
65375,2.6248576e-05
65376,2.6248576e-05
65377,2.6248576e-05
65378,2.6248576e-05
65379,2.6248576e-05
65380,2.6248576e-05
65381,2.6248576e-05
65382,2.6248576e-05
65383,2.6248576e-05
65384,2.6248576e-05
65385,2.6248576e-05
65386,2.6248576e-05
65387,2.6248576e-05
65388,2.6248576e-05
65389,2.6248576e-05
65390,2.6248576e-05
65391,2.6248576e-05
65392,2.6248576e-05
65393,2.6248576e-05
65394,2.6248576e-05
65395,2.6248576e-05
65396,2.6248576e-05
65397,2.6248576e-05
65398,2.6248576e-05
65399,2.6248576e-05
65400,2.6248576e-05
65401,2.6248576e-05
65402,2.6248576e-05
65403,2.6248576e-05
65404,2.6248576e-05
65405,2.6248576e-05
65406,2.6248576e-05
65407,2.6248576e-05
65408,2.6248576e-05
65409,2.6248576e-05
65410,2.6248576e-05
65411,2.6248576e-05
65412,2.6248576e-05
65413,2.6248576e-05
65414,2.6248576e-05
65415,2.6248576e-05
65416,2.6248576e-05
65417,2.6248576e-05
65418,2.6248576e-05
65419,2.6248576e-05
65420,2.6248576e-05
65421,2.6248576e-05
65422,2.6248576e-05
65423,2.6248576e-05
65424,2.6248576e-05
65425,2.6248576e-05
65426,2.6248576e-05
65427,2.6248576e-05
65428,2.6248576e-05
65429,2.6248576e-05
65430,2.6248576e-05
65431,2.6248576e-05
65432,2.6248576e-05
65433,2.6248576e-05
65434,2.6248576e-05
65435,2.6248576e-05
65436,2.6248576e-05
65437,2.6248576e-05
65438,2.6248576e-05
65439,2.6248576e-05
65440,2.6248576e-05
65441,2.6248576e-05
65442,2.6248576e-05
65443,2.6248576e-05
65444,2.6248576e-05
65445,2.6248576e-05
65446,2.6248576e-05
65447,2.6248576e-05
65448,2.6248576e-05
65449,2.6248576e-05
65450,2.6248576e-05
65451,2.6248576e-05
65452,2.6248576e-05
65453,2.6248576e-05
65454,2.6248576e-05
65455,2.6248576e-05
65456,2.6248576e-05
65457,2.6248576e-05
65458,2.6248576e-05
65459,2.6248576e-05
65460,2.6248576e-05
65461,2.6248576e-05
65462,2.6248576e-05
65463,2.6248576e-05
65464,2.6248576e-05
65465,2.6248576e-05
65466,2.6248576e-05
65467,2.6248576e-05
65468,2.6248576e-05
65469,2.6248576e-05
65470,2.6248576e-05
65471,2.6248576e-05
65472,2.6248576e-05
65473,2.6248576e-05
65474,2.6248576e-05
65475,2.6248576e-05
65476,2.6248576e-05
65477,2.6248576e-05
65478,2.6248576e-05
65479,2.6248576e-05
65480,2.6248576e-05
65481,2.6248576e-05
65482,2.6248576e-05
65483,2.6248576e-05
65484,2.6248576e-05
65485,2.6248576e-05
65486,2.6248576e-05
65487,2.6248576e-05
65488,2.6248576e-05
65489,2.6248576e-05
65490,2.6248576e-05
65491,2.6248576e-05
65492,2.6248576e-05
65493,2.6248576e-05
65494,2.6248576e-05
65495,2.6248576e-05
65496,2.6248576e-05
65497,2.6248576e-05
65498,2.6248576e-05
65499,2.6248576e-05
65500,2.6248576e-05
65501,2.6248576e-05
65502,2.6248576e-05
65503,2.6248576e-05
65504,2.6248576e-05
65505,2.6248576e-05
65506,2.6248576e-05
65507,2.6248576e-05
65508,2.6248576e-05
65509,2.6248576e-05
65510,2.6248576e-05
65511,2.6248576e-05
65512,2.6248576e-05
65513,2.6248576e-05
65514,2.6248576e-05
65515,2.6248576e-05
65516,2.6248576e-05
65517,2.6248576e-05
65518,2.6248576e-05
65519,2.6248576e-05
65520,2.6248576e-05
65521,2.6248576e-05
65522,2.6248576e-05
65523,2.6248576e-05
65524,2.6248576e-05
65525,2.6248576e-05
65526,2.6248576e-05
65527,2.6248576e-05
65528,2.6248576e-05
65529,2.6248576e-05
65530,2.6248576e-05
65531,2.6248576e-05
65532,2.6248576e-05
65533,2.6248576e-05
65534,2.6248576e-05
65535,2.6248576e-05
65536,2.6248576e-05
65537,2.6248576e-05
65538,2.6248576e-05
65539,2.6248576e-05
65540,2.6248576e-05
65541,2.6248576e-05
65542,2.6248576e-05
65543,2.6248576e-05
65544,2.6248576e-05
65545,2.6248576e-05
65546,2.6248576e-05
65547,2.6248576e-05
65548,2.6248576e-05
65549,2.6248576e-05
65550,2.6248576e-05
65551,2.6248576e-05
65552,2.6248576e-05
65553,2.6248576e-05
65554,2.6248576e-05
65555,2.6248576e-05
65556,2.6248576e-05
65557,2.6248576e-05
65558,2.6248576e-05
65559,2.6248576e-05
65560,2.6248576e-05
65561,2.6248576e-05
65562,2.6248576e-05
65563,2.6248576e-05
65564,2.6248576e-05
65565,2.6248576e-05
65566,2.6248576e-05
65567,2.6248576e-05
65568,2.6248576e-05
65569,2.6248576e-05
65570,2.6248576e-05
65571,2.6248576e-05
65572,2.6248576e-05
65573,2.6248576e-05
65574,2.6248576e-05
65575,2.6248576e-05
65576,2.6248576e-05
65577,2.6248576e-05
65578,2.6248576e-05
65579,2.6248576e-05
65580,2.6248576e-05
65581,2.6248576e-05
65582,2.6248576e-05
65583,2.6248576e-05
65584,2.6248576e-05
65585,2.6248576e-05
65586,2.6248576e-05
65587,2.6248576e-05
65588,2.6248576e-05
65589,2.6248576e-05
65590,2.6248576e-05
65591,2.6248576e-05
65592,2.6248576e-05
65593,2.6248576e-05
65594,2.6248576e-05
65595,2.6248576e-05
65596,2.6248576e-05
65597,2.6248576e-05
65598,2.6248576e-05
65599,2.6248576e-05
65600,2.6248576e-05
65601,2.6248576e-05
65602,2.6248576e-05
65603,2.6248576e-05
65604,2.6248576e-05
65605,2.6248576e-05
65606,2.6248576e-05
65607,2.6248576e-05
65608,2.6248576e-05
65609,2.6248576e-05
65610,2.6248576e-05
65611,2.6248576e-05
65612,2.6248576e-05
65613,2.6248576e-05
65614,2.6248576e-05
65615,2.6248576e-05
65616,2.6248576e-05
65617,2.6248576e-05
65618,2.6248576e-05
65619,2.6248576e-05
65620,2.6248576e-05
65621,2.6248576e-05
65622,2.6248576e-05
65623,2.6248576e-05
65624,2.6248576e-05
65625,2.6248576e-05
65626,2.6248576e-05
65627,2.6248576e-05
65628,2.6248576e-05
65629,2.6248576e-05
65630,2.6248576e-05
65631,2.6248576e-05
65632,2.6248576e-05
65633,2.6248576e-05
65634,2.6248576e-05
65635,2.6248576e-05
65636,2.6248576e-05
65637,2.6248576e-05
65638,2.6248576e-05
65639,2.6248576e-05
65640,2.6248576e-05
65641,2.6248576e-05
65642,2.6248576e-05
65643,2.6248576e-05
65644,2.6248576e-05
65645,2.6248576e-05
65646,2.6248576e-05
65647,2.6248576e-05
65648,2.6248576e-05
65649,2.6248576e-05
65650,2.6248576e-05
65651,2.6248576e-05
65652,2.6248576e-05
65653,2.6248576e-05
65654,2.6248576e-05
65655,2.6248576e-05
65656,2.6248576e-05
65657,2.6248576e-05
65658,2.6248576e-05
65659,2.6248576e-05
65660,2.6248576e-05
65661,2.6248576e-05
65662,2.6248576e-05
65663,2.6248576e-05
65664,2.6248576e-05
65665,2.6248576e-05
65666,2.6248576e-05
65667,2.6248576e-05
65668,2.6248576e-05
65669,2.6248576e-05
65670,2.6248576e-05
65671,2.6248576e-05
65672,2.6248576e-05
65673,2.6248576e-05
65674,2.6248576e-05
65675,2.6248576e-05
65676,2.6248576e-05
65677,2.6248576e-05
65678,2.6248576e-05
65679,2.6248576e-05
65680,2.6248576e-05
65681,2.6248576e-05
65682,2.6248576e-05
65683,2.6248576e-05
65684,2.6248576e-05
65685,2.6248576e-05
65686,2.6248576e-05
65687,2.6248576e-05
65688,2.6248576e-05
65689,2.6248576e-05
65690,2.6248576e-05
65691,2.6248576e-05
65692,2.6248576e-05
65693,2.6248576e-05
65694,2.6248576e-05
65695,2.6248576e-05
65696,2.6248576e-05
65697,2.6248576e-05
65698,2.6248576e-05
65699,2.6248576e-05
65700,2.6248576e-05
65701,2.6248576e-05
65702,2.6248576e-05
65703,2.6248576e-05
65704,2.6248576e-05
65705,2.6248576e-05
65706,2.6248576e-05
65707,2.6248576e-05
65708,2.6248576e-05
65709,2.6248576e-05
65710,2.6248576e-05
65711,2.6248576e-05
65712,2.6248576e-05
65713,2.6248576e-05
65714,2.6248576e-05
65715,2.6248576e-05
65716,2.6248576e-05
65717,2.6248576e-05
65718,2.6248576e-05
65719,2.6248576e-05
65720,2.6248576e-05
65721,2.6248576e-05
65722,2.6248576e-05
65723,2.6248576e-05
65724,2.6248576e-05
65725,2.6248576e-05
65726,2.6248576e-05
65727,2.6248576e-05
65728,2.6248576e-05
65729,2.6248576e-05
65730,2.6248576e-05
65731,2.6248576e-05
65732,2.6248576e-05
65733,2.6248576e-05
65734,2.6248576e-05
65735,2.6248576e-05
65736,2.6248576e-05
65737,2.6248576e-05
65738,2.6248576e-05
65739,2.6248576e-05
65740,2.6248576e-05
65741,2.6248576e-05
65742,2.6248576e-05
65743,2.6248576e-05
65744,2.6248576e-05
65745,2.6248576e-05
65746,2.6248576e-05
65747,2.6248576e-05
65748,2.6248576e-05
65749,2.6248576e-05
65750,2.6248576e-05
65751,2.6248576e-05
65752,2.6248576e-05
65753,2.6248576e-05
65754,2.6248576e-05
65755,2.6248576e-05
65756,2.6248576e-05
65757,2.6248576e-05
65758,2.6248576e-05
65759,2.6248576e-05
65760,2.6248576e-05
65761,2.6248576e-05
65762,2.6248576e-05
65763,2.6248576e-05
65764,2.6248576e-05
65765,2.6248576e-05
65766,2.6248576e-05
65767,2.6248576e-05
65768,2.6248576e-05
65769,2.6248576e-05
65770,2.6248576e-05
65771,2.6248576e-05
65772,2.6248576e-05
65773,2.6248576e-05
65774,2.6248576e-05
65775,2.6248576e-05
65776,2.6248576e-05
65777,2.6248576e-05
65778,2.6248576e-05
65779,2.6248576e-05
65780,2.6248576e-05
65781,2.6248576e-05
65782,2.6248576e-05
65783,2.6248576e-05
65784,2.6248576e-05
65785,2.6248576e-05
65786,2.6248576e-05
65787,2.6248576e-05
65788,2.6248576e-05
65789,2.6248576e-05
65790,2.6248576e-05
65791,2.6248576e-05
65792,2.6248576e-05
65793,2.6248576e-05
65794,2.6248576e-05
65795,2.6248576e-05
65796,2.6248576e-05
65797,2.6248576e-05
65798,2.6248576e-05
65799,2.6248576e-05
65800,2.6248576e-05
65801,2.6248576e-05
65802,2.6248576e-05
65803,2.6248576e-05
65804,2.6248576e-05
65805,2.6248576e-05
65806,2.6248576e-05
65807,2.6248576e-05
65808,2.6248576e-05
65809,2.6248576e-05
65810,2.6248576e-05
65811,2.6248576e-05
65812,2.6248576e-05
65813,2.6248576e-05
65814,2.6248576e-05
65815,2.6248576e-05
65816,2.6248576e-05
65817,2.6248576e-05
65818,2.6248576e-05
65819,2.6248576e-05
65820,2.6248576e-05
65821,2.6248576e-05
65822,2.6248576e-05
65823,2.6248576e-05
65824,2.6248576e-05
65825,2.6248576e-05
65826,2.6248576e-05
65827,2.6248576e-05
65828,2.6248576e-05
65829,2.6248576e-05
65830,2.6248576e-05
65831,2.6248576e-05
65832,2.6248576e-05
65833,2.6248576e-05
65834,2.6248576e-05
65835,2.6248576e-05
65836,2.6248576e-05
65837,2.6248576e-05
65838,2.6248576e-05
65839,2.6248576e-05
65840,2.6248576e-05
65841,2.6248576e-05
65842,2.6248576e-05
65843,2.6248576e-05
65844,2.6248576e-05
65845,2.6248576e-05
65846,2.6248576e-05
65847,2.6248576e-05
65848,2.6248576e-05
65849,2.6248576e-05
65850,2.6248576e-05
65851,2.6248576e-05
65852,2.6248576e-05
65853,2.6248576e-05
65854,2.6248576e-05
65855,2.6248576e-05
65856,2.6248576e-05
65857,2.6248576e-05
65858,2.6248576e-05
65859,2.6248576e-05
65860,2.6248576e-05
65861,2.6248576e-05
65862,2.6248576e-05
65863,2.6248576e-05
65864,2.6248576e-05
65865,2.6248576e-05
65866,2.6248576e-05
65867,2.6248576e-05
65868,2.6248576e-05
65869,2.6248576e-05
65870,2.6248576e-05
65871,2.6248576e-05
65872,2.6248576e-05
65873,2.6248576e-05
65874,2.6248576e-05
65875,2.6248576e-05
65876,2.6248576e-05
65877,2.6248576e-05
65878,2.6248576e-05
65879,2.6248576e-05
65880,2.6248576e-05
65881,2.6248576e-05
65882,2.6248576e-05
65883,2.6248576e-05
65884,2.6248576e-05
65885,2.6248576e-05
65886,2.6248576e-05
65887,2.6248576e-05
65888,2.6248576e-05
65889,2.6248576e-05
65890,2.6248576e-05
65891,2.6248576e-05
65892,2.6248576e-05
65893,2.6248576e-05
65894,2.6248576e-05
65895,2.6248576e-05
65896,2.6248576e-05
65897,2.6248576e-05
65898,2.6248576e-05
65899,2.6248576e-05
65900,2.6248576e-05
65901,2.6248576e-05
65902,2.6248576e-05
65903,2.6248576e-05
65904,2.6248576e-05
65905,2.6248576e-05
65906,2.6248576e-05
65907,2.6248576e-05
65908,2.6248576e-05
65909,2.6248576e-05
65910,2.6248576e-05
65911,2.6248576e-05
65912,2.6248576e-05
65913,2.6248576e-05
65914,2.6248576e-05
65915,2.6248576e-05
65916,2.6248576e-05
65917,2.6248576e-05
65918,2.6248576e-05
65919,2.6248576e-05
65920,2.6248576e-05
65921,2.6248576e-05
65922,2.6248576e-05
65923,2.6248576e-05
65924,2.6248576e-05
65925,2.6248576e-05
65926,2.6248576e-05
65927,2.6248576e-05
65928,2.6248576e-05
65929,2.6248576e-05
65930,2.6248576e-05
65931,2.6248576e-05
65932,2.6248576e-05
65933,2.6248576e-05
65934,2.6248576e-05
65935,2.6248576e-05
65936,2.6248576e-05
65937,2.6248576e-05
65938,2.6248576e-05
65939,2.6248576e-05
65940,2.6248576e-05
65941,2.6248576e-05
65942,2.6248576e-05
65943,2.6248576e-05
65944,2.6248576e-05
65945,2.6248576e-05
65946,2.6248576e-05
65947,2.6248576e-05
65948,2.6248576e-05
65949,2.6248576e-05
65950,2.6248576e-05
65951,2.6248576e-05
65952,2.6248576e-05
65953,2.6248576e-05
65954,2.6248576e-05
65955,2.6248576e-05
65956,2.6248576e-05
65957,2.6248576e-05
65958,2.6248576e-05
65959,2.6248576e-05
65960,2.6248576e-05
65961,2.6248576e-05
65962,2.6248576e-05
65963,2.6248576e-05
65964,2.6248576e-05
65965,2.6248576e-05
65966,2.6248576e-05
65967,2.6248576e-05
65968,2.6248576e-05
65969,2.6248576e-05
65970,2.6248576e-05
65971,2.6248576e-05
65972,2.6248576e-05
65973,2.6248576e-05
65974,2.6248576e-05
65975,2.6248576e-05
65976,2.6248576e-05
65977,2.6248576e-05
65978,2.6248576e-05
65979,2.6248576e-05
65980,2.6248576e-05
65981,2.6248576e-05
65982,2.6248576e-05
65983,2.6248576e-05
65984,2.6248576e-05
65985,2.6248576e-05
65986,2.6248576e-05
65987,2.6248576e-05
65988,2.6248576e-05
65989,2.6248576e-05
65990,2.6248576e-05
65991,2.6248576e-05
65992,2.6248576e-05
65993,2.6248576e-05
65994,2.6248576e-05
65995,2.6248576e-05
65996,2.6248576e-05
65997,2.6248576e-05
65998,2.6248576e-05
65999,2.6248576e-05
66000,2.6248576e-05
66001,2.6248576e-05
66002,2.6248576e-05
66003,2.6248576e-05
66004,2.6248576e-05
66005,2.6248576e-05
66006,2.6248576e-05
66007,2.6248576e-05
66008,2.6248576e-05
66009,2.6248576e-05
66010,2.6248576e-05
66011,2.6248576e-05
66012,2.6248576e-05
66013,2.6248576e-05
66014,2.6248576e-05
66015,2.6248576e-05
66016,2.6248576e-05
66017,2.6248576e-05
66018,2.6248576e-05
66019,2.6248576e-05
66020,2.6248576e-05
66021,2.6248576e-05
66022,2.6248576e-05
66023,2.6248576e-05
66024,2.6248576e-05
66025,2.6248576e-05
66026,2.6248576e-05
66027,2.6248576e-05
66028,2.6248576e-05
66029,2.6248576e-05
66030,2.6248576e-05
66031,2.6248576e-05
66032,2.6248576e-05
66033,2.6248576e-05
66034,2.6248576e-05
66035,2.6248576e-05
66036,2.6248576e-05
66037,2.6248576e-05
66038,2.6248576e-05
66039,2.6248576e-05
66040,2.6248576e-05
66041,2.6248576e-05
66042,2.6248576e-05
66043,2.6248576e-05
66044,2.6248576e-05
66045,2.6248576e-05
66046,2.6248576e-05
66047,2.6248576e-05
66048,2.6248576e-05
66049,2.6248576e-05
66050,2.6248576e-05
66051,2.6248576e-05
66052,2.6248576e-05
66053,2.6248576e-05
66054,2.6248576e-05
66055,2.6248576e-05
66056,2.6248576e-05
66057,2.6248576e-05
66058,2.6248576e-05
66059,2.6248576e-05
66060,2.6248576e-05
66061,2.6248576e-05
66062,2.6248576e-05
66063,2.6248576e-05
66064,2.6248576e-05
66065,2.6248576e-05
66066,2.6248576e-05
66067,2.6248576e-05
66068,2.6248576e-05
66069,2.6248576e-05
66070,2.6248576e-05
66071,2.6248576e-05
66072,2.6248576e-05
66073,2.6248576e-05
66074,2.6248576e-05
66075,2.6248576e-05
66076,2.6248576e-05
66077,2.6248576e-05
66078,2.6248576e-05
66079,2.6248576e-05
66080,2.6248576e-05
66081,2.6248576e-05
66082,2.6248576e-05
66083,2.6248576e-05
66084,2.6248576e-05
66085,2.6248576e-05
66086,2.6248576e-05
66087,2.6248576e-05
66088,2.6248576e-05
66089,2.6248576e-05
66090,2.6248576e-05
66091,2.6248576e-05
66092,2.6248576e-05
66093,2.6248576e-05
66094,2.6248576e-05
66095,2.6248576e-05
66096,2.6248576e-05
66097,2.6248576e-05
66098,2.6248576e-05
66099,2.6248576e-05
66100,2.6248576e-05
66101,2.6248576e-05
66102,2.6248576e-05
66103,2.6248576e-05
66104,2.6248576e-05
66105,2.6248576e-05
66106,2.6248576e-05
66107,2.6248576e-05
66108,2.6248576e-05
66109,2.6248576e-05
66110,2.6248576e-05
66111,2.6248576e-05
66112,2.6248576e-05
66113,2.6248576e-05
66114,2.6248576e-05
66115,2.6248576e-05
66116,2.6248576e-05
66117,2.6248576e-05
66118,2.6248576e-05
66119,2.6248576e-05
66120,2.6248576e-05
66121,2.6248576e-05
66122,2.6248576e-05
66123,2.6248576e-05
66124,2.6248576e-05
66125,2.6248576e-05
66126,2.6248576e-05
66127,2.6248576e-05
66128,2.6248576e-05
66129,2.6248576e-05
66130,2.6248576e-05
66131,2.6248576e-05
66132,2.6248576e-05
66133,2.6248576e-05
66134,2.6248576e-05
66135,2.6248576e-05
66136,2.6248576e-05
66137,2.6248576e-05
66138,2.6248576e-05
66139,2.6248576e-05
66140,2.6248576e-05
66141,2.6248576e-05
66142,2.6248576e-05
66143,2.6248576e-05
66144,2.6248576e-05
66145,2.6248576e-05
66146,2.6248576e-05
66147,2.6248576e-05
66148,2.6248576e-05
66149,2.6248576e-05
66150,2.6248576e-05
66151,2.6248576e-05
66152,2.6248576e-05
66153,2.6248576e-05
66154,2.6248576e-05
66155,2.6248576e-05
66156,2.6248576e-05
66157,2.6248576e-05
66158,2.6248576e-05
66159,2.6248576e-05
66160,2.6248576e-05
66161,2.6248576e-05
66162,2.6248576e-05
66163,2.6248576e-05
66164,2.6248576e-05
66165,2.6248576e-05
66166,2.6248576e-05
66167,2.6248576e-05
66168,2.6248576e-05
66169,2.6248576e-05
66170,2.6248576e-05
66171,2.6248576e-05
66172,2.6248576e-05
66173,2.6248576e-05
66174,2.6248576e-05
66175,2.6248576e-05
66176,2.6248576e-05
66177,2.6248576e-05
66178,2.6248576e-05
66179,2.6248576e-05
66180,2.6248576e-05
66181,2.6248576e-05
66182,2.6248576e-05
66183,2.6248576e-05
66184,2.6248576e-05
66185,2.6248576e-05
66186,2.6248576e-05
66187,2.6248576e-05
66188,2.6248576e-05
66189,2.6248576e-05
66190,2.6248576e-05
66191,2.6248576e-05
66192,2.6248576e-05
66193,2.6248576e-05
66194,2.6248576e-05
66195,2.6248576e-05
66196,2.6248576e-05
66197,2.6248576e-05
66198,2.6248576e-05
66199,2.6248576e-05
66200,2.6248576e-05
66201,2.6248576e-05
66202,2.6248576e-05
66203,2.6248576e-05
66204,2.6248576e-05
66205,2.6248576e-05
66206,2.6248576e-05
66207,2.6248576e-05
66208,2.6248576e-05
66209,2.6248576e-05
66210,2.6248576e-05
66211,2.6248576e-05
66212,2.6248576e-05
66213,2.6248576e-05
66214,2.6248576e-05
66215,2.6248576e-05
66216,2.6248576e-05
66217,2.6248576e-05
66218,2.6248576e-05
66219,2.6248576e-05
66220,2.6248576e-05
66221,2.6248576e-05
66222,2.6248576e-05
66223,2.6248576e-05
66224,2.6248576e-05
66225,2.6248576e-05
66226,2.6248576e-05
66227,2.6248576e-05
66228,2.6248576e-05
66229,2.6248576e-05
66230,2.6248576e-05
66231,2.6248576e-05
66232,2.6248576e-05
66233,2.6248576e-05
66234,2.6248576e-05
66235,2.6248576e-05
66236,2.6248576e-05
66237,2.6248576e-05
66238,2.6248576e-05
66239,2.6248576e-05
66240,2.6248576e-05
66241,2.6248576e-05
66242,2.6248576e-05
66243,2.6248576e-05
66244,2.6248576e-05
66245,2.6248576e-05
66246,2.6248576e-05
66247,2.6248576e-05
66248,2.6248576e-05
66249,2.6248576e-05
66250,2.6248576e-05
66251,2.6248576e-05
66252,2.6248576e-05
66253,2.6248576e-05
66254,2.6248576e-05
66255,2.6248576e-05
66256,2.6248576e-05
66257,2.6248576e-05
66258,2.6248576e-05
66259,2.6248576e-05
66260,2.6248576e-05
66261,2.6248576e-05
66262,2.6248576e-05
66263,2.6248576e-05
66264,2.6248576e-05
66265,2.6248576e-05
66266,2.6248576e-05
66267,2.6248576e-05
66268,2.6248576e-05
66269,2.6248576e-05
66270,2.6248576e-05
66271,2.6248576e-05
66272,2.6248576e-05
66273,2.6248576e-05
66274,2.6248576e-05
66275,2.6248576e-05
66276,2.6248576e-05
66277,2.6248576e-05
66278,2.6248576e-05
66279,2.6248576e-05
66280,2.6248576e-05
66281,2.6248576e-05
66282,2.6248576e-05
66283,2.6248576e-05
66284,2.6248576e-05
66285,2.6248576e-05
66286,2.6248576e-05
66287,2.6248576e-05
66288,2.6248576e-05
66289,2.6248576e-05
66290,2.6248576e-05
66291,2.6248576e-05
66292,2.6248576e-05
66293,2.6248576e-05
66294,2.6248576e-05
66295,2.6248576e-05
66296,2.6248576e-05
66297,2.6248576e-05
66298,2.6248576e-05
66299,2.6248576e-05
66300,2.6248576e-05
66301,2.6248576e-05
66302,2.6248576e-05
66303,2.6248576e-05
66304,2.6248576e-05
66305,2.6248576e-05
66306,2.6248576e-05
66307,2.6248576e-05
66308,2.6248576e-05
66309,2.6248576e-05
66310,2.6248576e-05
66311,2.6248576e-05
66312,2.6248576e-05
66313,2.6248576e-05
66314,2.6248576e-05
66315,2.6248576e-05
66316,2.6248576e-05
66317,2.6248576e-05
66318,2.6248576e-05
66319,2.6248576e-05
66320,2.6248576e-05
66321,2.6248576e-05
66322,2.6248576e-05
66323,2.6248576e-05
66324,2.6248576e-05
66325,2.6248576e-05
66326,2.6248576e-05
66327,2.6248576e-05
66328,2.6248576e-05
66329,2.6248576e-05
66330,2.6248576e-05
66331,2.6248576e-05
66332,2.6248576e-05
66333,2.6248576e-05
66334,2.6248576e-05
66335,2.6248576e-05
66336,2.6248576e-05
66337,2.6248576e-05
66338,2.6248576e-05
66339,2.6248576e-05
66340,2.6248576e-05
66341,2.6248576e-05
66342,2.6248576e-05
66343,2.6248576e-05
66344,2.6248576e-05
66345,2.6248576e-05
66346,2.6248576e-05
66347,2.6248576e-05
66348,2.6248576e-05
66349,2.6248576e-05
66350,2.6248576e-05
66351,2.6248576e-05
66352,2.6248576e-05
66353,2.6248576e-05
66354,2.6248576e-05
66355,2.6248576e-05
66356,2.6248576e-05
66357,2.6248576e-05
66358,2.6248576e-05
66359,2.6248576e-05
66360,2.6248576e-05
66361,2.6248576e-05
66362,2.6248576e-05
66363,2.6248576e-05
66364,2.6248576e-05
66365,2.6248576e-05
66366,2.6248576e-05
66367,2.6248576e-05
66368,2.6248576e-05
66369,2.6248576e-05
66370,2.6248576e-05
66371,2.6248576e-05
66372,2.6248576e-05
66373,2.6248576e-05
66374,2.6248576e-05
66375,2.6248576e-05
66376,2.6248576e-05
66377,2.6248576e-05
66378,2.6248576e-05
66379,2.6248576e-05
66380,2.6248576e-05
66381,2.6248576e-05
66382,2.6248576e-05
66383,2.6248576e-05
66384,2.6248576e-05
66385,2.6248576e-05
66386,2.6248576e-05
66387,2.6248576e-05
66388,2.6248576e-05
66389,2.6248576e-05
66390,2.6248576e-05
66391,2.6248576e-05
66392,2.6248576e-05
66393,2.6248576e-05
66394,2.6248576e-05
66395,2.6248576e-05
66396,2.6248576e-05
66397,2.6248576e-05
66398,2.6248576e-05
66399,2.6248576e-05
66400,2.6248576e-05
66401,2.6248576e-05
66402,2.6248576e-05
66403,2.6248576e-05
66404,2.6248576e-05
66405,2.6248576e-05
66406,2.6248576e-05
66407,2.6248576e-05
66408,2.6248576e-05
66409,2.6248576e-05
66410,2.6248576e-05
66411,2.6248576e-05
66412,2.6248576e-05
66413,2.6248576e-05
66414,2.6248576e-05
66415,2.6248576e-05
66416,2.6248576e-05
66417,2.6248576e-05
66418,2.6248576e-05
66419,2.6248576e-05
66420,2.6248576e-05
66421,2.6248576e-05
66422,2.6248576e-05
66423,2.6248576e-05
66424,2.6248576e-05
66425,2.6248576e-05
66426,2.6248576e-05
66427,2.6248576e-05
66428,2.6248576e-05
66429,2.6248576e-05
66430,2.6248576e-05
66431,2.6248576e-05
66432,2.6248576e-05
66433,2.6248576e-05
66434,2.6248576e-05
66435,2.6248576e-05
66436,2.6248576e-05
66437,2.6248576e-05
66438,2.6248576e-05
66439,2.6248576e-05
66440,2.6248576e-05
66441,2.6248576e-05
66442,2.6248576e-05
66443,2.6248576e-05
66444,2.6248576e-05
66445,2.6248576e-05
66446,2.6248576e-05
66447,2.6248576e-05
66448,2.6248576e-05
66449,2.6248576e-05
66450,2.6248576e-05
66451,2.6248576e-05
66452,2.6248576e-05
66453,2.6248576e-05
66454,2.6248576e-05
66455,2.6248576e-05
66456,2.6248576e-05
66457,2.6248576e-05
66458,2.6248576e-05
66459,2.6248576e-05
66460,2.6248576e-05
66461,2.6248576e-05
66462,2.6248576e-05
66463,2.6248576e-05
66464,2.6248576e-05
66465,2.6248576e-05
66466,2.6248576e-05
66467,2.6248576e-05
66468,2.6248576e-05
66469,2.6248576e-05
66470,2.6248576e-05
66471,2.6248576e-05
66472,2.6248576e-05
66473,2.6248576e-05
66474,2.6248576e-05
66475,2.6248576e-05
66476,2.6248576e-05
66477,2.6248576e-05
66478,2.6248576e-05
66479,2.6248576e-05
66480,2.6248576e-05
66481,2.6248576e-05
66482,2.6248576e-05
66483,2.6248576e-05
66484,2.6248576e-05
66485,2.6248576e-05
66486,2.6248576e-05
66487,2.6248576e-05
66488,2.6248576e-05
66489,2.6248576e-05
66490,2.6248576e-05
66491,2.6248576e-05
66492,2.6248576e-05
66493,2.6248576e-05
66494,2.6248576e-05
66495,2.6248576e-05
66496,2.6248576e-05
66497,2.6248576e-05
66498,2.6248576e-05
66499,2.6248576e-05
66500,2.6248576e-05
66501,2.6248576e-05
66502,2.6248576e-05
66503,2.6248576e-05
66504,2.6248576e-05
66505,2.6248576e-05
66506,2.6248576e-05
66507,2.6248576e-05
66508,2.6248576e-05
66509,2.6248576e-05
66510,2.6248576e-05
66511,2.6248576e-05
66512,2.6248576e-05
66513,2.6248576e-05
66514,2.6248576e-05
66515,2.6248576e-05
66516,2.6248576e-05
66517,2.6248576e-05
66518,2.6248576e-05
66519,2.6248576e-05
66520,2.6248576e-05
66521,2.6248576e-05
66522,2.6248576e-05
66523,2.6248576e-05
66524,2.6248576e-05
66525,2.6248576e-05
66526,2.6248576e-05
66527,2.6248576e-05
66528,2.6248576e-05
66529,2.6248576e-05
66530,2.6248576e-05
66531,2.6248576e-05
66532,2.6248576e-05
66533,2.6248576e-05
66534,2.6248576e-05
66535,2.6248576e-05
66536,2.6248576e-05
66537,2.6248576e-05
66538,2.6248576e-05
66539,2.6248576e-05
66540,2.6248576e-05
66541,2.6248576e-05
66542,2.6248576e-05
66543,2.6248576e-05
66544,2.6248576e-05
66545,2.6248576e-05
66546,2.6248576e-05
66547,2.6248576e-05
66548,2.6248576e-05
66549,2.6248576e-05
66550,2.6248576e-05
66551,2.6248576e-05
66552,2.6248576e-05
66553,2.6248576e-05
66554,2.6248576e-05
66555,2.6248576e-05
66556,2.6248576e-05
66557,2.6248576e-05
66558,2.6248576e-05
66559,2.6248576e-05
66560,2.6248576e-05
66561,2.6248576e-05
66562,2.6248576e-05
66563,2.6248576e-05
66564,2.6248576e-05
66565,2.6248576e-05
66566,2.6248576e-05
66567,2.6248576e-05
66568,2.6248576e-05
66569,2.6248576e-05
66570,2.6248576e-05
66571,2.6248576e-05
66572,2.6248576e-05
66573,2.6248576e-05
66574,2.6248576e-05
66575,2.6248576e-05
66576,2.6248576e-05
66577,2.6248576e-05
66578,2.6248576e-05
66579,2.6248576e-05
66580,2.6248576e-05
66581,2.6248576e-05
66582,2.6248576e-05
66583,2.6248576e-05
66584,2.6248576e-05
66585,2.6248576e-05
66586,2.6248576e-05
66587,2.6248576e-05
66588,2.6248576e-05
66589,2.6248576e-05
66590,2.6248576e-05
66591,2.6248576e-05
66592,2.6248576e-05
66593,2.6248576e-05
66594,2.6248576e-05
66595,2.6248576e-05
66596,2.6248576e-05
66597,2.6248576e-05
66598,2.6248576e-05
66599,2.6248576e-05
66600,2.6248576e-05
66601,2.6248576e-05
66602,2.6248576e-05
66603,2.6248576e-05
66604,2.6248576e-05
66605,2.6248576e-05
66606,2.6248576e-05
66607,2.6248576e-05
66608,2.6248576e-05
66609,2.6248576e-05
66610,2.6248576e-05
66611,2.6248576e-05
66612,2.6248576e-05
66613,2.6248576e-05
66614,2.6248576e-05
66615,2.6248576e-05
66616,2.6248576e-05
66617,2.6248576e-05
66618,2.6248576e-05
66619,2.6248576e-05
66620,2.6248576e-05
66621,2.6248576e-05
66622,2.6248576e-05
66623,2.6248576e-05
66624,2.6248576e-05
66625,2.6248576e-05
66626,2.6248576e-05
66627,2.6248576e-05
66628,2.6248576e-05
66629,2.6248576e-05
66630,2.6248576e-05
66631,2.6248576e-05
66632,2.6248576e-05
66633,2.6248576e-05
66634,2.6248576e-05
66635,2.6248576e-05
66636,2.6248576e-05
66637,2.6248576e-05
66638,2.6248576e-05
66639,2.6248576e-05
66640,2.6248576e-05
66641,2.6248576e-05
66642,2.6248576e-05
66643,2.6248576e-05
66644,2.6248576e-05
66645,2.6248576e-05
66646,2.6248576e-05
66647,2.6248576e-05
66648,2.6248576e-05
66649,2.6248576e-05
66650,2.6248576e-05
66651,2.6248576e-05
66652,2.6248576e-05
66653,2.6248576e-05
66654,2.6248576e-05
66655,2.6248576e-05
66656,2.6248576e-05
66657,2.6248576e-05
66658,2.6248576e-05
66659,2.6248576e-05
66660,2.6248576e-05
66661,2.6248576e-05
66662,2.6248576e-05
66663,2.6248576e-05
66664,2.6248576e-05
66665,2.6248576e-05
66666,2.6248576e-05
66667,2.6248576e-05
66668,2.6248576e-05
66669,2.6248576e-05
66670,2.6248576e-05
66671,2.6248576e-05
66672,2.6248576e-05
66673,2.6248576e-05
66674,2.6248576e-05
66675,2.6248576e-05
66676,2.6248576e-05
66677,2.6248576e-05
66678,2.6248576e-05
66679,2.6248576e-05
66680,2.6248576e-05
66681,2.6248576e-05
66682,2.6248576e-05
66683,2.6248576e-05
66684,2.6248576e-05
66685,2.6248576e-05
66686,2.6248576e-05
66687,2.6248576e-05
66688,2.6248576e-05
66689,2.6248576e-05
66690,2.6248576e-05
66691,2.6248576e-05
66692,2.6248576e-05
66693,2.6248576e-05
66694,2.6248576e-05
66695,2.6248576e-05
66696,2.6248576e-05
66697,2.6248576e-05
66698,2.6248576e-05
66699,2.6248576e-05
66700,2.6248576e-05
66701,2.6248576e-05
66702,2.6248576e-05
66703,2.6248576e-05
66704,2.6248576e-05
66705,2.6248576e-05
66706,2.6248576e-05
66707,2.6248576e-05
66708,2.6248576e-05
66709,2.6248576e-05
66710,2.6248576e-05
66711,2.6248576e-05
66712,2.6248576e-05
66713,2.6248576e-05
66714,2.6248576e-05
66715,2.6248576e-05
66716,2.6248576e-05
66717,2.6248576e-05
66718,2.6248576e-05
66719,2.6248576e-05
66720,2.6248576e-05
66721,2.6248576e-05
66722,2.6248576e-05
66723,2.6248576e-05
66724,2.6248576e-05
66725,2.6248576e-05
66726,2.6248576e-05
66727,2.6248576e-05
66728,2.6248576e-05
66729,2.6248576e-05
66730,2.6248576e-05
66731,2.6248576e-05
66732,2.6248576e-05
66733,2.6248576e-05
66734,2.6248576e-05
66735,2.6248576e-05
66736,2.6248576e-05
66737,2.6248576e-05
66738,2.6248576e-05
66739,2.6248576e-05
66740,2.6248576e-05
66741,2.6248576e-05
66742,2.6248576e-05
66743,2.6248576e-05
66744,2.6248576e-05
66745,2.6248576e-05
66746,2.6248576e-05
66747,2.6248576e-05
66748,2.6248576e-05
66749,2.6248576e-05
66750,2.6248576e-05
66751,2.6248576e-05
66752,2.6248576e-05
66753,2.6248576e-05
66754,2.6248576e-05
66755,2.6248576e-05
66756,2.6248576e-05
66757,2.6248576e-05
66758,2.6248576e-05
66759,2.6248576e-05
66760,2.6248576e-05
66761,2.6248576e-05
66762,2.6248576e-05
66763,2.6248576e-05
66764,2.6248576e-05
66765,2.6248576e-05
66766,2.6248576e-05
66767,2.6248576e-05
66768,2.6248576e-05
66769,2.6248576e-05
66770,2.6248576e-05
66771,2.6248576e-05
66772,2.6248576e-05
66773,2.6248576e-05
66774,2.6248576e-05
66775,2.6248576e-05
66776,2.6248576e-05
66777,2.6248576e-05
66778,2.6248576e-05
66779,2.6248576e-05
66780,2.6248576e-05
66781,2.6248576e-05
66782,2.6248576e-05
66783,2.6248576e-05
66784,2.6248576e-05
66785,2.6248576e-05
66786,2.6248576e-05
66787,2.6248576e-05
66788,2.6248576e-05
66789,2.6248576e-05
66790,2.6248576e-05
66791,2.6248576e-05
66792,2.6248576e-05
66793,2.6248576e-05
66794,2.6248576e-05
66795,2.6248576e-05
66796,2.6248576e-05
66797,2.6248576e-05
66798,2.6248576e-05
66799,2.6248576e-05
66800,2.6248576e-05
66801,2.6248576e-05
66802,2.6248576e-05
66803,2.6248576e-05
66804,2.6248576e-05
66805,2.6248576e-05
66806,2.6248576e-05
66807,2.6248576e-05
66808,2.6248576e-05
66809,2.6248576e-05
66810,2.6248576e-05
66811,2.6248576e-05
66812,2.6248576e-05
66813,2.6248576e-05
66814,2.6248576e-05
66815,2.6248576e-05
66816,2.6248576e-05
66817,2.6248576e-05
66818,2.6248576e-05
66819,2.6248576e-05
66820,2.6248576e-05
66821,2.6248576e-05
66822,2.6248576e-05
66823,2.6248576e-05
66824,2.6248576e-05
66825,2.6248576e-05
66826,2.6248576e-05
66827,2.6248576e-05
66828,2.6248576e-05
66829,2.6248576e-05
66830,2.6248576e-05
66831,2.6248576e-05
66832,2.6248576e-05
66833,2.6248576e-05
66834,2.6248576e-05
66835,2.6248576e-05
66836,2.6248576e-05
66837,2.6248576e-05
66838,2.6248576e-05
66839,2.6248576e-05
66840,2.6248576e-05
66841,2.6248576e-05
66842,2.6248576e-05
66843,2.6248576e-05
66844,2.6248576e-05
66845,2.6248576e-05
66846,2.6248576e-05
66847,2.6248576e-05
66848,2.6248576e-05
66849,2.6248576e-05
66850,2.6248576e-05
66851,2.6248576e-05
66852,2.6248576e-05
66853,2.6248576e-05
66854,2.6248576e-05
66855,2.6248576e-05
66856,2.6248576e-05
66857,2.6248576e-05
66858,2.6248576e-05
66859,2.6248576e-05
66860,2.6248576e-05
66861,2.6248576e-05
66862,2.6248576e-05
66863,2.6248576e-05
66864,2.6248576e-05
66865,2.6248576e-05
66866,2.6248576e-05
66867,2.6248576e-05
66868,2.6248576e-05
66869,2.6248576e-05
66870,2.6248576e-05
66871,2.6248576e-05
66872,2.6248576e-05
66873,2.6248576e-05
66874,2.6248576e-05
66875,2.6248576e-05
66876,2.6248576e-05
66877,2.6248576e-05
66878,2.6248576e-05
66879,2.6248576e-05
66880,2.6248576e-05
66881,2.6248576e-05
66882,2.6248576e-05
66883,2.6248576e-05
66884,2.6248576e-05
66885,2.6248576e-05
66886,2.6248576e-05
66887,2.6248576e-05
66888,2.6248576e-05
66889,2.6248576e-05
66890,2.6248576e-05
66891,2.6248576e-05
66892,2.6248576e-05
66893,2.6248576e-05
66894,2.6248576e-05
66895,2.6248576e-05
66896,2.6248576e-05
66897,2.6248576e-05
66898,2.6248576e-05
66899,2.6248576e-05
66900,2.6248576e-05
66901,2.6248576e-05
66902,2.6248576e-05
66903,2.6248576e-05
66904,2.6248576e-05
66905,2.6248576e-05
66906,2.6248576e-05
66907,2.6248576e-05
66908,2.6248576e-05
66909,2.6248576e-05
66910,2.6248576e-05
66911,2.6248576e-05
66912,2.6248576e-05
66913,2.6248576e-05
66914,2.6248576e-05
66915,2.6248576e-05
66916,2.6248576e-05
66917,2.6248576e-05
66918,2.6248576e-05
66919,2.6248576e-05
66920,2.6248576e-05
66921,2.6248576e-05
66922,2.6248576e-05
66923,2.6248576e-05
66924,2.6248576e-05
66925,2.6248576e-05
66926,2.6248576e-05
66927,2.6248576e-05
66928,2.6248576e-05
66929,2.6248576e-05
66930,2.6248576e-05
66931,2.6248576e-05
66932,2.6248576e-05
66933,2.6248576e-05
66934,2.6248576e-05
66935,2.6248576e-05
66936,2.6248576e-05
66937,2.6248576e-05
66938,2.6248576e-05
66939,2.6248576e-05
66940,2.6248576e-05
66941,2.6248576e-05
66942,2.6248576e-05
66943,2.6248576e-05
66944,2.6248576e-05
66945,2.6248576e-05
66946,2.6248576e-05
66947,2.6248576e-05
66948,2.6248576e-05
66949,2.6248576e-05
66950,2.6248576e-05
66951,2.6248576e-05
66952,2.6248576e-05
66953,2.6248576e-05
66954,2.6248576e-05
66955,2.6248576e-05
66956,2.6248576e-05
66957,2.6248576e-05
66958,2.6248576e-05
66959,2.6248576e-05
66960,2.6248576e-05
66961,2.6248576e-05
66962,2.6248576e-05
66963,2.6248576e-05
66964,2.6248576e-05
66965,2.6248576e-05
66966,2.6248576e-05
66967,2.6248576e-05
66968,2.6248576e-05
66969,2.6248576e-05
66970,2.6248576e-05
66971,2.6248576e-05
66972,2.6248576e-05
66973,2.6248576e-05
66974,2.6248576e-05
66975,2.6248576e-05
66976,2.6248576e-05
66977,2.6248576e-05
66978,2.6248576e-05
66979,2.6248576e-05
66980,2.6248576e-05
66981,2.6248576e-05
66982,2.6248576e-05
66983,2.6248576e-05
66984,2.6248576e-05
66985,2.6248576e-05
66986,2.6248576e-05
66987,2.6248576e-05
66988,2.6248576e-05
66989,2.6248576e-05
66990,2.6248576e-05
66991,2.6248576e-05
66992,2.6248576e-05
66993,2.6248576e-05
66994,2.6248576e-05
66995,2.6248576e-05
66996,2.6248576e-05
66997,2.6248576e-05
66998,2.6248576e-05
66999,2.6248576e-05
67000,2.6248576e-05
67001,2.6248576e-05
67002,2.6248576e-05
67003,2.6248576e-05
67004,2.6248576e-05
67005,2.6248576e-05
67006,2.6248576e-05
67007,2.6248576e-05
67008,2.6248576e-05
67009,2.6248576e-05
67010,2.6248576e-05
67011,2.6248576e-05
67012,2.6248576e-05
67013,2.6248576e-05
67014,2.6248576e-05
67015,2.6248576e-05
67016,2.6248576e-05
67017,2.6248576e-05
67018,2.6248576e-05
67019,2.6248576e-05
67020,2.6248576e-05
67021,2.6248576e-05
67022,2.6248576e-05
67023,2.6248576e-05
67024,2.6248576e-05
67025,2.6248576e-05
67026,2.6248576e-05
67027,2.6248576e-05
67028,2.6248576e-05
67029,2.6248576e-05
67030,2.6248576e-05
67031,2.6248576e-05
67032,2.6248576e-05
67033,2.6248576e-05
67034,2.6248576e-05
67035,2.6248576e-05
67036,2.6248576e-05
67037,2.6248576e-05
67038,2.6248576e-05
67039,2.6248576e-05
67040,2.6248576e-05
67041,2.6248576e-05
67042,2.6248576e-05
67043,2.6248576e-05
67044,2.6248576e-05
67045,2.6248576e-05
67046,2.6248576e-05
67047,2.6248576e-05
67048,2.6248576e-05
67049,2.6248576e-05
67050,2.6248576e-05
67051,2.6248576e-05
67052,2.6248576e-05
67053,2.6248576e-05
67054,2.6248576e-05
67055,2.6248576e-05
67056,2.6248576e-05
67057,2.6248576e-05
67058,2.6248576e-05
67059,2.6248576e-05
67060,2.6248576e-05
67061,2.6248576e-05
67062,2.6248576e-05
67063,2.6248576e-05
67064,2.6248576e-05
67065,2.6248576e-05
67066,2.6248576e-05
67067,2.6248576e-05
67068,2.6248576e-05
67069,2.6248576e-05
67070,2.6248576e-05
67071,2.6248576e-05
67072,2.6248576e-05
67073,2.6248576e-05
67074,2.6248576e-05
67075,2.6248576e-05
67076,2.6248576e-05
67077,2.6248576e-05
67078,2.6248576e-05
67079,2.6248576e-05
67080,2.6248576e-05
67081,2.6248576e-05
67082,2.6248576e-05
67083,2.6248576e-05
67084,2.6248576e-05
67085,2.6248576e-05
67086,2.6248576e-05
67087,2.6248576e-05
67088,2.6248576e-05
67089,2.6248576e-05
67090,2.6248576e-05
67091,2.6248576e-05
67092,2.6248576e-05
67093,2.6248576e-05
67094,2.6248576e-05
67095,2.6248576e-05
67096,2.6248576e-05
67097,2.6248576e-05
67098,2.6248576e-05
67099,2.6248576e-05
67100,2.6248576e-05
67101,2.6248576e-05
67102,2.6248576e-05
67103,2.6248576e-05
67104,2.6248576e-05
67105,2.6248576e-05
67106,2.6248576e-05
67107,2.6248576e-05
67108,2.6248576e-05
67109,2.6248576e-05
67110,2.6248576e-05
67111,2.6248576e-05
67112,2.6248576e-05
67113,2.6248576e-05
67114,2.6248576e-05
67115,2.6248576e-05
67116,2.6248576e-05
67117,2.6248576e-05
67118,2.6248576e-05
67119,2.6248576e-05
67120,2.6248576e-05
67121,2.6248576e-05
67122,2.6248576e-05
67123,2.6248576e-05
67124,2.6248576e-05
67125,2.6248576e-05
67126,2.6248576e-05
67127,2.6248576e-05
67128,2.6248576e-05
67129,2.6248576e-05
67130,2.6248576e-05
67131,2.6248576e-05
67132,2.6248576e-05
67133,2.6248576e-05
67134,2.6248576e-05
67135,2.6248576e-05
67136,2.6248576e-05
67137,2.6248576e-05
67138,2.6248576e-05
67139,2.6248576e-05
67140,2.6248576e-05
67141,2.6248576e-05
67142,2.6248576e-05
67143,2.6248576e-05
67144,2.6248576e-05
67145,2.6248576e-05
67146,2.6248576e-05
67147,2.6248576e-05
67148,2.6248576e-05
67149,2.6248576e-05
67150,2.6248576e-05
67151,2.6248576e-05
67152,2.6248576e-05
67153,2.6248576e-05
67154,2.6248576e-05
67155,2.6248576e-05
67156,2.6248576e-05
67157,2.6248576e-05
67158,2.6248576e-05
67159,2.6248576e-05
67160,2.6248576e-05
67161,2.6248576e-05
67162,2.6248576e-05
67163,2.6248576e-05
67164,2.6248576e-05
67165,2.6248576e-05
67166,2.6248576e-05
67167,2.6248576e-05
67168,2.6248576e-05
67169,2.6248576e-05
67170,2.6248576e-05
67171,2.6248576e-05
67172,2.6248576e-05
67173,2.6248576e-05
67174,2.6248576e-05
67175,2.6248576e-05
67176,2.6248576e-05
67177,2.6248576e-05
67178,2.6248576e-05
67179,2.6248576e-05
67180,2.6248576e-05
67181,2.6248576e-05
67182,2.6248576e-05
67183,2.6248576e-05
67184,2.6248576e-05
67185,2.6248576e-05
67186,2.6248576e-05
67187,2.6248576e-05
67188,2.6248576e-05
67189,2.6248576e-05
67190,2.6248576e-05
67191,2.6248576e-05
67192,2.6248576e-05
67193,2.6248576e-05
67194,2.6248576e-05
67195,2.6248576e-05
67196,2.6248576e-05
67197,2.6248576e-05
67198,2.6248576e-05
67199,2.6248576e-05
67200,2.6248576e-05
67201,2.6248576e-05
67202,2.6248576e-05
67203,2.6248576e-05
67204,2.6248576e-05
67205,2.6248576e-05
67206,2.6248576e-05
67207,2.6248576e-05
67208,2.6248576e-05
67209,2.6248576e-05
67210,2.6248576e-05
67211,2.6248576e-05
67212,2.6248576e-05
67213,2.6248576e-05
67214,2.6248576e-05
67215,2.6248576e-05
67216,2.6248576e-05
67217,2.6248576e-05
67218,2.6248576e-05
67219,2.6248576e-05
67220,2.6248576e-05
67221,2.6248576e-05
67222,2.6248576e-05
67223,2.6248576e-05
67224,2.6248576e-05
67225,2.6248576e-05
67226,2.6248576e-05
67227,2.6248576e-05
67228,2.6248576e-05
67229,2.6248576e-05
67230,2.6248576e-05
67231,2.6248576e-05
67232,2.6248576e-05
67233,2.6248576e-05
67234,2.6248576e-05
67235,2.6248576e-05
67236,2.6248576e-05
67237,2.6248576e-05
67238,2.6248576e-05
67239,2.6248576e-05
67240,2.6248576e-05
67241,2.6248576e-05
67242,2.6248576e-05
67243,2.6248576e-05
67244,2.6248576e-05
67245,2.6248576e-05
67246,2.6248576e-05
67247,2.6248576e-05
67248,2.6248576e-05
67249,2.6248576e-05
67250,2.6248576e-05
67251,2.6248576e-05
67252,2.6248576e-05
67253,2.6248576e-05
67254,2.6248576e-05
67255,2.6248576e-05
67256,2.6248576e-05
67257,2.6248576e-05
67258,2.6248576e-05
67259,2.6248576e-05
67260,2.6248576e-05
67261,2.6248576e-05
67262,2.6248576e-05
67263,2.6248576e-05
67264,2.6248576e-05
67265,2.6248576e-05
67266,2.6248576e-05
67267,2.6248576e-05
67268,2.6248576e-05
67269,2.6248576e-05
67270,2.6248576e-05
67271,2.6248576e-05
67272,2.6248576e-05
67273,2.6248576e-05
67274,2.6248576e-05
67275,2.6248576e-05
67276,2.6248576e-05
67277,2.6248576e-05
67278,2.6248576e-05
67279,2.6248576e-05
67280,2.6248576e-05
67281,2.6248576e-05
67282,2.6248576e-05
67283,2.6248576e-05
67284,2.6248576e-05
67285,2.6248576e-05
67286,2.6248576e-05
67287,2.6248576e-05
67288,2.6248576e-05
67289,2.6248576e-05
67290,2.6248576e-05
67291,2.6248576e-05
67292,2.6248576e-05
67293,2.6248576e-05
67294,2.6248576e-05
67295,2.6248576e-05
67296,2.6248576e-05
67297,2.6248576e-05
67298,2.6248576e-05
67299,2.6248576e-05
67300,2.6248576e-05
67301,2.6248576e-05
67302,2.6248576e-05
67303,2.6248576e-05
67304,2.6248576e-05
67305,2.6248576e-05
67306,2.6248576e-05
67307,2.6248576e-05
67308,2.6248576e-05
67309,2.6248576e-05
67310,2.6248576e-05
67311,2.6248576e-05
67312,2.6248576e-05
67313,2.6248576e-05
67314,2.6248576e-05
67315,2.6248576e-05
67316,2.6248576e-05
67317,2.6248576e-05
67318,2.6248576e-05
67319,2.6248576e-05
67320,2.6248576e-05
67321,2.6248576e-05
67322,2.6248576e-05
67323,2.6248576e-05
67324,2.6248576e-05
67325,2.6248576e-05
67326,2.6248576e-05
67327,2.6248576e-05
67328,2.6248576e-05
67329,2.6248576e-05
67330,2.6248576e-05
67331,2.6248576e-05
67332,2.6248576e-05
67333,2.6248576e-05
67334,2.6248576e-05
67335,2.6248576e-05
67336,2.6248576e-05
67337,2.6248576e-05
67338,2.6248576e-05
67339,2.6248576e-05
67340,2.6248576e-05
67341,2.6248576e-05
67342,2.6248576e-05
67343,2.6248576e-05
67344,2.6248576e-05
67345,2.6248576e-05
67346,2.6248576e-05
67347,2.6248576e-05
67348,2.6248576e-05
67349,2.6248576e-05
67350,2.6248576e-05
67351,2.6248576e-05
67352,2.6248576e-05
67353,2.6248576e-05
67354,2.6248576e-05
67355,2.6248576e-05
67356,2.6248576e-05
67357,2.6248576e-05
67358,2.6248576e-05
67359,2.6248576e-05
67360,2.6248576e-05
67361,2.6248576e-05
67362,2.6248576e-05
67363,2.6248576e-05
67364,2.6248576e-05
67365,2.6248576e-05
67366,2.6248576e-05
67367,2.6248576e-05
67368,2.6248576e-05
67369,2.6248576e-05
67370,2.6248576e-05
67371,2.6248576e-05
67372,2.6248576e-05
67373,2.6248576e-05
67374,2.6248576e-05
67375,2.6248576e-05
67376,2.6248576e-05
67377,2.6248576e-05
67378,2.6248576e-05
67379,2.6248576e-05
67380,2.6248576e-05
67381,2.6248576e-05
67382,2.6248576e-05
67383,2.6248576e-05
67384,2.6248576e-05
67385,2.6248576e-05
67386,2.6248576e-05
67387,2.6248576e-05
67388,2.6248576e-05
67389,2.6248576e-05
67390,2.6248576e-05
67391,2.6248576e-05
67392,2.6248576e-05
67393,2.6248576e-05
67394,2.6248576e-05
67395,2.6248576e-05
67396,2.6248576e-05
67397,2.6248576e-05
67398,2.6248576e-05
67399,2.6248576e-05
67400,2.6248576e-05
67401,2.6248576e-05
67402,2.6248576e-05
67403,2.6248576e-05
67404,2.6248576e-05
67405,2.6248576e-05
67406,2.6248576e-05
67407,2.6248576e-05
67408,2.6248576e-05
67409,2.6248576e-05
67410,2.6248576e-05
67411,2.6248576e-05
67412,2.6248576e-05
67413,2.6248576e-05
67414,2.6248576e-05
67415,2.6248576e-05
67416,2.6248576e-05
67417,2.6248576e-05
67418,2.6248576e-05
67419,2.6248576e-05
67420,2.6248576e-05
67421,2.6248576e-05
67422,2.6248576e-05
67423,2.6248576e-05
67424,2.6248576e-05
67425,2.6248576e-05
67426,2.6248576e-05
67427,2.6248576e-05
67428,2.6248576e-05
67429,2.6248576e-05
67430,2.6248576e-05
67431,2.6248576e-05
67432,2.6248576e-05
67433,2.6248576e-05
67434,2.6248576e-05
67435,2.6248576e-05
67436,2.6248576e-05
67437,2.6248576e-05
67438,2.6248576e-05
67439,2.6248576e-05
67440,2.6248576e-05
67441,2.6248576e-05
67442,2.6248576e-05
67443,2.6248576e-05
67444,2.6248576e-05
67445,2.6248576e-05
67446,2.6248576e-05
67447,2.6248576e-05
67448,2.6248576e-05
67449,2.6248576e-05
67450,2.6248576e-05
67451,2.6248576e-05
67452,2.6248576e-05
67453,2.6248576e-05
67454,2.6248576e-05
67455,2.6248576e-05
67456,2.6248576e-05
67457,2.6248576e-05
67458,2.6248576e-05
67459,2.6248576e-05
67460,2.6248576e-05
67461,2.6248576e-05
67462,2.6248576e-05
67463,2.6248576e-05
67464,2.6248576e-05
67465,2.6248576e-05
67466,2.6248576e-05
67467,2.6248576e-05
67468,2.6248576e-05
67469,2.6248576e-05
67470,2.6248576e-05
67471,2.6248576e-05
67472,2.6248576e-05
67473,2.6248576e-05
67474,2.6248576e-05
67475,2.6248576e-05
67476,2.6248576e-05
67477,2.6248576e-05
67478,2.6248576e-05
67479,2.6248576e-05
67480,2.6248576e-05
67481,2.6248576e-05
67482,2.6248576e-05
67483,2.6248576e-05
67484,2.6248576e-05
67485,2.6248576e-05
67486,2.6248576e-05
67487,2.6248576e-05
67488,2.6248576e-05
67489,2.6248576e-05
67490,2.6248576e-05
67491,2.6248576e-05
67492,2.6248576e-05
67493,2.6248576e-05
67494,2.6248576e-05
67495,2.6248576e-05
67496,2.6248576e-05
67497,2.6248576e-05
67498,2.6248576e-05
67499,2.6248576e-05
67500,2.6248576e-05
67501,2.6248576e-05
67502,2.6248576e-05
67503,2.6248576e-05
67504,2.6248576e-05
67505,2.6248576e-05
67506,2.6248576e-05
67507,2.6248576e-05
67508,2.6248576e-05
67509,2.6248576e-05
67510,2.6248576e-05
67511,2.6248576e-05
67512,2.6248576e-05
67513,2.6248576e-05
67514,2.6248576e-05
67515,2.6248576e-05
67516,2.6248576e-05
67517,2.6248576e-05
67518,2.6248576e-05
67519,2.6248576e-05
67520,2.6248576e-05
67521,2.6248576e-05
67522,2.6248576e-05
67523,2.6248576e-05
67524,2.6248576e-05
67525,2.6248576e-05
67526,2.6248576e-05
67527,2.6248576e-05
67528,2.6248576e-05
67529,2.6248576e-05
67530,2.6248576e-05
67531,2.6248576e-05
67532,2.6248576e-05
67533,2.6248576e-05
67534,2.6248576e-05
67535,2.6248576e-05
67536,2.6248576e-05
67537,2.6248576e-05
67538,2.6248576e-05
67539,2.6248576e-05
67540,2.6248576e-05
67541,2.6248576e-05
67542,2.6248576e-05
67543,2.6248576e-05
67544,2.6248576e-05
67545,2.6248576e-05
67546,2.6248576e-05
67547,2.6248576e-05
67548,2.6248576e-05
67549,2.6248576e-05
67550,2.6248576e-05
67551,2.6248576e-05
67552,2.6248576e-05
67553,2.6248576e-05
67554,2.6248576e-05
67555,2.6248576e-05
67556,2.6248576e-05
67557,2.6248576e-05
67558,2.6248576e-05
67559,2.6248576e-05
67560,2.6248576e-05
67561,2.6248576e-05
67562,2.6248576e-05
67563,2.6248576e-05
67564,2.6248576e-05
67565,2.6248576e-05
67566,2.6248576e-05
67567,2.6248576e-05
67568,2.6248576e-05
67569,2.6248576e-05
67570,2.6248576e-05
67571,2.6248576e-05
67572,2.6248576e-05
67573,2.6248576e-05
67574,2.6248576e-05
67575,2.6248576e-05
67576,2.6248576e-05
67577,2.6248576e-05
67578,2.6248576e-05
67579,2.6248576e-05
67580,2.6248576e-05
67581,2.6248576e-05
67582,2.6248576e-05
67583,2.6248576e-05
67584,2.6248576e-05
67585,2.6248576e-05
67586,2.6248576e-05
67587,2.6248576e-05
67588,2.6248576e-05
67589,2.6248576e-05
67590,2.6248576e-05
67591,2.6248576e-05
67592,2.6248576e-05
67593,2.6248576e-05
67594,2.6248576e-05
67595,2.6248576e-05
67596,2.6248576e-05
67597,2.6248576e-05
67598,2.6248576e-05
67599,2.6248576e-05
67600,2.6248576e-05
67601,2.6248576e-05
67602,2.6248576e-05
67603,2.6248576e-05
67604,2.6248576e-05
67605,2.6248576e-05
67606,2.6248576e-05
67607,2.6248576e-05
67608,2.6248576e-05
67609,2.6248576e-05
67610,2.6248576e-05
67611,2.6248576e-05
67612,2.6248576e-05
67613,2.6248576e-05
67614,2.6248576e-05
67615,2.6248576e-05
67616,2.6248576e-05
67617,2.6248576e-05
67618,2.6248576e-05
67619,2.6248576e-05
67620,2.6248576e-05
67621,2.6248576e-05
67622,2.6248576e-05
67623,2.6248576e-05
67624,2.6248576e-05
67625,2.6248576e-05
67626,2.6248576e-05
67627,2.6248576e-05
67628,2.6248576e-05
67629,2.6248576e-05
67630,2.6248576e-05
67631,2.6248576e-05
67632,2.6248576e-05
67633,2.6248576e-05
67634,2.6248576e-05
67635,2.6248576e-05
67636,2.6248576e-05
67637,2.6248576e-05
67638,2.6248576e-05
67639,2.6248576e-05
67640,2.6248576e-05
67641,2.6248576e-05
67642,2.6248576e-05
67643,2.6248576e-05
67644,2.6248576e-05
67645,2.6248576e-05
67646,2.6248576e-05
67647,2.6248576e-05
67648,2.6248576e-05
67649,2.6248576e-05
67650,2.6248576e-05
67651,2.6248576e-05
67652,2.6248576e-05
67653,2.6248576e-05
67654,2.6248576e-05
67655,2.6248576e-05
67656,2.6248576e-05
67657,2.6248576e-05
67658,2.6248576e-05
67659,2.6248576e-05
67660,2.6248576e-05
67661,2.6248576e-05
67662,2.6248576e-05
67663,2.6248576e-05
67664,2.6248576e-05
67665,2.6248576e-05
67666,2.6248576e-05
67667,2.6248576e-05
67668,2.6248576e-05
67669,2.6248576e-05
67670,2.6248576e-05
67671,2.6248576e-05
67672,2.6248576e-05
67673,2.6248576e-05
67674,2.6248576e-05
67675,2.6248576e-05
67676,2.6248576e-05
67677,2.6248576e-05
67678,2.6248576e-05
67679,2.6248576e-05
67680,2.6248576e-05
67681,2.6248576e-05
67682,2.6248576e-05
67683,2.6248576e-05
67684,2.6248576e-05
67685,2.6248576e-05
67686,2.6248576e-05
67687,2.6248576e-05
67688,2.6248576e-05
67689,2.6248576e-05
67690,2.6248576e-05
67691,2.6248576e-05
67692,2.6248576e-05
67693,2.6248576e-05
67694,2.6248576e-05
67695,2.6248576e-05
67696,2.6248576e-05
67697,2.6248576e-05
67698,2.6248576e-05
67699,2.6248576e-05
67700,2.6248576e-05
67701,2.6248576e-05
67702,2.6248576e-05
67703,2.6248576e-05
67704,2.6248576e-05
67705,2.6248576e-05
67706,2.6248576e-05
67707,2.6248576e-05
67708,2.6248576e-05
67709,2.6248576e-05
67710,2.6248576e-05
67711,2.6248576e-05
67712,2.6248576e-05
67713,2.6248576e-05
67714,2.6248576e-05
67715,2.6248576e-05
67716,2.6248576e-05
67717,2.6248576e-05
67718,2.6248576e-05
67719,2.6248576e-05
67720,2.6248576e-05
67721,2.6248576e-05
67722,2.6248576e-05
67723,2.6248576e-05
67724,2.6248576e-05
67725,2.6248576e-05
67726,2.6248576e-05
67727,2.6248576e-05
67728,2.6248576e-05
67729,2.6248576e-05
67730,2.6248576e-05
67731,2.6248576e-05
67732,2.6248576e-05
67733,2.6248576e-05
67734,2.6248576e-05
67735,2.6248576e-05
67736,2.6248576e-05
67737,2.6248576e-05
67738,2.6248576e-05
67739,2.6248576e-05
67740,2.6248576e-05
67741,2.6248576e-05
67742,2.6248576e-05
67743,2.6248576e-05
67744,2.6248576e-05
67745,2.6248576e-05
67746,2.6248576e-05
67747,2.6248576e-05
67748,2.6248576e-05
67749,2.6248576e-05
67750,2.6248576e-05
67751,2.6248576e-05
67752,2.6248576e-05
67753,2.6248576e-05
67754,2.6248576e-05
67755,2.6248576e-05
67756,2.6248576e-05
67757,2.6248576e-05
67758,2.6248576e-05
67759,2.6248576e-05
67760,2.6248576e-05
67761,2.6248576e-05
67762,2.6248576e-05
67763,2.6248576e-05
67764,2.6248576e-05
67765,2.6248576e-05
67766,2.6248576e-05
67767,2.6248576e-05
67768,2.6248576e-05
67769,2.6248576e-05
67770,2.6248576e-05
67771,2.6248576e-05
67772,2.6248576e-05
67773,2.6248576e-05
67774,2.6248576e-05
67775,2.6248576e-05
67776,2.6248576e-05
67777,2.6248576e-05
67778,2.6248576e-05
67779,2.6248576e-05
67780,2.6248576e-05
67781,2.6248576e-05
67782,2.6248576e-05
67783,2.6248576e-05
67784,2.6248576e-05
67785,2.6248576e-05
67786,2.6248576e-05
67787,2.6248576e-05
67788,2.6248576e-05
67789,2.6248576e-05
67790,2.6248576e-05
67791,2.6248576e-05
67792,2.6248576e-05
67793,2.6248576e-05
67794,2.6248576e-05
67795,2.6248576e-05
67796,2.6248576e-05
67797,2.6248576e-05
67798,2.6248576e-05
67799,2.6248576e-05
67800,2.6248576e-05
67801,2.6248576e-05
67802,2.6248576e-05
67803,2.6248576e-05
67804,2.6248576e-05
67805,2.6248576e-05
67806,2.6248576e-05
67807,2.6248576e-05
67808,2.6248576e-05
67809,2.6248576e-05
67810,2.6248576e-05
67811,2.6248576e-05
67812,2.6248576e-05
67813,2.6248576e-05
67814,2.6248576e-05
67815,2.6248576e-05
67816,2.6248576e-05
67817,2.6248576e-05
67818,2.6248576e-05
67819,2.6248576e-05
67820,2.6248576e-05
67821,2.6248576e-05
67822,2.6248576e-05
67823,2.6248576e-05
67824,2.6248576e-05
67825,2.6248576e-05
67826,2.6248576e-05
67827,2.6248576e-05
67828,2.6248576e-05
67829,2.6248576e-05
67830,2.6248576e-05
67831,2.6248576e-05
67832,2.6248576e-05
67833,2.6248576e-05
67834,2.6248576e-05
67835,2.6248576e-05
67836,2.6248576e-05
67837,2.6248576e-05
67838,2.6248576e-05
67839,2.6248576e-05
67840,2.6248576e-05
67841,2.6248576e-05
67842,2.6248576e-05
67843,2.6248576e-05
67844,2.6248576e-05
67845,2.6248576e-05
67846,2.6248576e-05
67847,2.6248576e-05
67848,2.6248576e-05
67849,2.6248576e-05
67850,2.6248576e-05
67851,2.6248576e-05
67852,2.6248576e-05
67853,2.6248576e-05
67854,2.6248576e-05
67855,2.6248576e-05
67856,2.6248576e-05
67857,2.6248576e-05
67858,2.6248576e-05
67859,2.6248576e-05
67860,2.6248576e-05
67861,2.6248576e-05
67862,2.6248576e-05
67863,2.6248576e-05
67864,2.6248576e-05
67865,2.6248576e-05
67866,2.6248576e-05
67867,2.6248576e-05
67868,2.6248576e-05
67869,2.6248576e-05
67870,2.6248576e-05
67871,2.6248576e-05
67872,2.6248576e-05
67873,2.6248576e-05
67874,2.6248576e-05
67875,2.6248576e-05
67876,2.6248576e-05
67877,2.6248576e-05
67878,2.6248576e-05
67879,2.6248576e-05
67880,2.6248576e-05
67881,2.6248576e-05
67882,2.6248576e-05
67883,2.6248576e-05
67884,2.6248576e-05
67885,2.6248576e-05
67886,2.6248576e-05
67887,2.6248576e-05
67888,2.6248576e-05
67889,2.6248576e-05
67890,2.6248576e-05
67891,2.6248576e-05
67892,2.6248576e-05
67893,2.6248576e-05
67894,2.6248576e-05
67895,2.6248576e-05
67896,2.6248576e-05
67897,2.6248576e-05
67898,2.6248576e-05
67899,2.6248576e-05
67900,2.6248576e-05
67901,2.6248576e-05
67902,2.6248576e-05
67903,2.6248576e-05
67904,2.6248576e-05
67905,2.6248576e-05
67906,2.6248576e-05
67907,2.6248576e-05
67908,2.6248576e-05
67909,2.6248576e-05
67910,2.6248576e-05
67911,2.6248576e-05
67912,2.6248576e-05
67913,2.6248576e-05
67914,2.6248576e-05
67915,2.6248576e-05
67916,2.6248576e-05
67917,2.6248576e-05
67918,2.6248576e-05
67919,2.6248576e-05
67920,2.6248576e-05
67921,2.6248576e-05
67922,2.6248576e-05
67923,2.6248576e-05
67924,2.6248576e-05
67925,2.6248576e-05
67926,2.6248576e-05
67927,2.6248576e-05
67928,2.6248576e-05
67929,2.6248576e-05
67930,2.6248576e-05
67931,2.6248576e-05
67932,2.6248576e-05
67933,2.6248576e-05
67934,2.6248576e-05
67935,2.6248576e-05
67936,2.6248576e-05
67937,2.6248576e-05
67938,2.6248576e-05
67939,2.6248576e-05
67940,2.6248576e-05
67941,2.6248576e-05
67942,2.6248576e-05
67943,2.6248576e-05
67944,2.6248576e-05
67945,2.6248576e-05
67946,2.6248576e-05
67947,2.6248576e-05
67948,2.6248576e-05
67949,2.6248576e-05
67950,2.6248576e-05
67951,2.6248576e-05
67952,2.6248576e-05
67953,2.6248576e-05
67954,2.6248576e-05
67955,2.6248576e-05
67956,2.6248576e-05
67957,2.6248576e-05
67958,2.6248576e-05
67959,2.6248576e-05
67960,2.6248576e-05
67961,2.6248576e-05
67962,2.6248576e-05
67963,2.6248576e-05
67964,2.6248576e-05
67965,2.6248576e-05
67966,2.6248576e-05
67967,2.6248576e-05
67968,2.6248576e-05
67969,2.6248576e-05
67970,2.6248576e-05
67971,2.6248576e-05
67972,2.6248576e-05
67973,2.6248576e-05
67974,2.6248576e-05
67975,2.6248576e-05
67976,2.6248576e-05
67977,2.6248576e-05
67978,2.6248576e-05
67979,2.6248576e-05
67980,2.6248576e-05
67981,2.6248576e-05
67982,2.6248576e-05
67983,2.6248576e-05
67984,2.6248576e-05
67985,2.6248576e-05
67986,2.6248576e-05
67987,2.6248576e-05
67988,2.6248576e-05
67989,2.6248576e-05
67990,2.6248576e-05
67991,2.6248576e-05
67992,2.6248576e-05
67993,2.6248576e-05
67994,2.6248576e-05
67995,2.6248576e-05
67996,2.6248576e-05
67997,2.6248576e-05
67998,2.6248576e-05
67999,2.6248576e-05
68000,2.6248576e-05
68001,2.6248576e-05
68002,2.6248576e-05
68003,2.6248576e-05
68004,2.6248576e-05
68005,2.6248576e-05
68006,2.6248576e-05
68007,2.6248576e-05
68008,2.6248576e-05
68009,2.6248576e-05
68010,2.6248576e-05
68011,2.6248576e-05
68012,2.6248576e-05
68013,2.6248576e-05
68014,2.6248576e-05
68015,2.6248576e-05
68016,2.6248576e-05
68017,2.6248576e-05
68018,2.6248576e-05
68019,2.6248576e-05
68020,2.6248576e-05
68021,2.6248576e-05
68022,2.6248576e-05
68023,2.6248576e-05
68024,2.6248576e-05
68025,2.6248576e-05
68026,2.6248576e-05
68027,2.6248576e-05
68028,2.6248576e-05
68029,2.6248576e-05
68030,2.6248576e-05
68031,2.6248576e-05
68032,2.6248576e-05
68033,2.6248576e-05
68034,2.6248576e-05
68035,2.6248576e-05
68036,2.6248576e-05
68037,2.6248576e-05
68038,2.6248576e-05
68039,2.6248576e-05
68040,2.6248576e-05
68041,2.6248576e-05
68042,2.6248576e-05
68043,2.6248576e-05
68044,2.6248576e-05
68045,2.6248576e-05
68046,2.6248576e-05
68047,2.6248576e-05
68048,2.6248576e-05
68049,2.6248576e-05
68050,2.6248576e-05
68051,2.6248576e-05
68052,2.6248576e-05
68053,2.6248576e-05
68054,2.6248576e-05
68055,2.6248576e-05
68056,2.6248576e-05
68057,2.6248576e-05
68058,2.6248576e-05
68059,2.6248576e-05
68060,2.6248576e-05
68061,2.6248576e-05
68062,2.6248576e-05
68063,2.6248576e-05
68064,2.6248576e-05
68065,2.6248576e-05
68066,2.6248576e-05
68067,2.6248576e-05
68068,2.6248576e-05
68069,2.6248576e-05
68070,2.6248576e-05
68071,2.6248576e-05
68072,2.6248576e-05
68073,2.6248576e-05
68074,2.6248576e-05
68075,2.6248576e-05
68076,2.6248576e-05
68077,2.6248576e-05
68078,2.6248576e-05
68079,2.6248576e-05
68080,2.6248576e-05
68081,2.6248576e-05
68082,2.6248576e-05
68083,2.6248576e-05
68084,2.6248576e-05
68085,2.6248576e-05
68086,2.6248576e-05
68087,2.6248576e-05
68088,2.6248576e-05
68089,2.6248576e-05
68090,2.6248576e-05
68091,2.6248576e-05
68092,2.6248576e-05
68093,2.6248576e-05
68094,2.6248576e-05
68095,2.6248576e-05
68096,2.6248576e-05
68097,2.6248576e-05
68098,2.6248576e-05
68099,2.6248576e-05
68100,2.6248576e-05
68101,2.6248576e-05
68102,2.6248576e-05
68103,2.6248576e-05
68104,2.6248576e-05
68105,2.6248576e-05
68106,2.6248576e-05
68107,2.6248576e-05
68108,2.6248576e-05
68109,2.6248576e-05
68110,2.6248576e-05
68111,2.6248576e-05
68112,2.6248576e-05
68113,2.6248576e-05
68114,2.6248576e-05
68115,2.6248576e-05
68116,2.6248576e-05
68117,2.6248576e-05
68118,2.6248576e-05
68119,2.6248576e-05
68120,2.6248576e-05
68121,2.6248576e-05
68122,2.6248576e-05
68123,2.6248576e-05
68124,2.6248576e-05
68125,2.6248576e-05
68126,2.6248576e-05
68127,2.6248576e-05
68128,2.6248576e-05
68129,2.6248576e-05
68130,2.6248576e-05
68131,2.6248576e-05
68132,2.6248576e-05
68133,2.6248576e-05
68134,2.6248576e-05
68135,2.6248576e-05
68136,2.6248576e-05
68137,2.6248576e-05
68138,2.6248576e-05
68139,2.6248576e-05
68140,2.6248576e-05
68141,2.6248576e-05
68142,2.6248576e-05
68143,2.6248576e-05
68144,2.6248576e-05
68145,2.6248576e-05
68146,2.6248576e-05
68147,2.6248576e-05
68148,2.6248576e-05
68149,2.6248576e-05
68150,2.6248576e-05
68151,2.6248576e-05
68152,2.6248576e-05
68153,2.6248576e-05
68154,2.6248576e-05
68155,2.6248576e-05
68156,2.6248576e-05
68157,2.6248576e-05
68158,2.6248576e-05
68159,2.6248576e-05
68160,2.6248576e-05
68161,2.6248576e-05
68162,2.6248576e-05
68163,2.6248576e-05
68164,2.6248576e-05
68165,2.6248576e-05
68166,2.6248576e-05
68167,2.6248576e-05
68168,2.6248576e-05
68169,2.6248576e-05
68170,2.6248576e-05
68171,2.6248576e-05
68172,2.6248576e-05
68173,2.6248576e-05
68174,2.6248576e-05
68175,2.6248576e-05
68176,2.6248576e-05
68177,2.6248576e-05
68178,2.6248576e-05
68179,2.6248576e-05
68180,2.6248576e-05
68181,2.6248576e-05
68182,2.6248576e-05
68183,2.6248576e-05
68184,2.6248576e-05
68185,2.6248576e-05
68186,2.6248576e-05
68187,2.6248576e-05
68188,2.6248576e-05
68189,2.6248576e-05
68190,2.6248576e-05
68191,2.6248576e-05
68192,2.6248576e-05
68193,2.6248576e-05
68194,2.6248576e-05
68195,2.6248576e-05
68196,2.6248576e-05
68197,2.6248576e-05
68198,2.6248576e-05
68199,2.6248576e-05
68200,2.6248576e-05
68201,2.6248576e-05
68202,2.6248576e-05
68203,2.6248576e-05
68204,2.6248576e-05
68205,2.6248576e-05
68206,2.6248576e-05
68207,2.6248576e-05
68208,2.6248576e-05
68209,2.6248576e-05
68210,2.6248576e-05
68211,2.6248576e-05
68212,2.6248576e-05
68213,2.6248576e-05
68214,2.6248576e-05
68215,2.6248576e-05
68216,2.6248576e-05
68217,2.6248576e-05
68218,2.6248576e-05
68219,2.6248576e-05
68220,2.6248576e-05
68221,2.6248576e-05
68222,2.6248576e-05
68223,2.6248576e-05
68224,2.6248576e-05
68225,2.6248576e-05
68226,2.6248576e-05
68227,2.6248576e-05
68228,2.6248576e-05
68229,2.6248576e-05
68230,2.6248576e-05
68231,2.6248576e-05
68232,2.6248576e-05
68233,2.6248576e-05
68234,2.6248576e-05
68235,2.6248576e-05
68236,2.6248576e-05
68237,2.6248576e-05
68238,2.6248576e-05
68239,2.6248576e-05
68240,2.6248576e-05
68241,2.6248576e-05
68242,2.6248576e-05
68243,2.6248576e-05
68244,2.6248576e-05
68245,2.6248576e-05
68246,2.6248576e-05
68247,2.6248576e-05
68248,2.6248576e-05
68249,2.6248576e-05
68250,2.6248576e-05
68251,2.6248576e-05
68252,2.6248576e-05
68253,2.6248576e-05
68254,2.6248576e-05
68255,2.6248576e-05
68256,2.6248576e-05
68257,2.6248576e-05
68258,2.6248576e-05
68259,2.6248576e-05
68260,2.6248576e-05
68261,2.6248576e-05
68262,2.6248576e-05
68263,2.6248576e-05
68264,2.6248576e-05
68265,2.6248576e-05
68266,2.6248576e-05
68267,2.6248576e-05
68268,2.6248576e-05
68269,2.6248576e-05
68270,2.6248576e-05
68271,2.6248576e-05
68272,2.6248576e-05
68273,2.6248576e-05
68274,2.6248576e-05
68275,2.6248576e-05
68276,2.6248576e-05
68277,2.6248576e-05
68278,2.6248576e-05
68279,2.6248576e-05
68280,2.6248576e-05
68281,2.6248576e-05
68282,2.6248576e-05
68283,2.6248576e-05
68284,2.6248576e-05
68285,2.6248576e-05
68286,2.6248576e-05
68287,2.6248576e-05
68288,2.6248576e-05
68289,2.6248576e-05
68290,2.6248576e-05
68291,2.6248576e-05
68292,2.6248576e-05
68293,2.6248576e-05
68294,2.6248576e-05
68295,2.6248576e-05
68296,2.6248576e-05
68297,2.6248576e-05
68298,2.6248576e-05
68299,2.6248576e-05
68300,2.6248576e-05
68301,2.6248576e-05
68302,2.6248576e-05
68303,2.6248576e-05
68304,2.6248576e-05
68305,2.6248576e-05
68306,2.6248576e-05
68307,2.6248576e-05
68308,2.6248576e-05
68309,2.6248576e-05
68310,2.6248576e-05
68311,2.6248576e-05
68312,2.6248576e-05
68313,2.6248576e-05
68314,2.6248576e-05
68315,2.6248576e-05
68316,2.6248576e-05
68317,2.6248576e-05
68318,2.6248576e-05
68319,2.6248576e-05
68320,2.6248576e-05
68321,2.6248576e-05
68322,2.6248576e-05
68323,2.6248576e-05
68324,2.6248576e-05
68325,2.6248576e-05
68326,2.6248576e-05
68327,2.6248576e-05
68328,2.6248576e-05
68329,2.6248576e-05
68330,2.6248576e-05
68331,2.6248576e-05
68332,2.6248576e-05
68333,2.6248576e-05
68334,2.6248576e-05
68335,2.6248576e-05
68336,2.6248576e-05
68337,2.6248576e-05
68338,2.6248576e-05
68339,2.6248576e-05
68340,2.6248576e-05
68341,2.6248576e-05
68342,2.6248576e-05
68343,2.6248576e-05
68344,2.6248576e-05
68345,2.6248576e-05
68346,2.6248576e-05
68347,2.6248576e-05
68348,2.6248576e-05
68349,2.6248576e-05
68350,2.6248576e-05
68351,2.6248576e-05
68352,2.6248576e-05
68353,2.6248576e-05
68354,2.6248576e-05
68355,2.6248576e-05
68356,2.6248576e-05
68357,2.6248576e-05
68358,2.6248576e-05
68359,2.6248576e-05
68360,2.6248576e-05
68361,2.6248576e-05
68362,2.6248576e-05
68363,2.6248576e-05
68364,2.6248576e-05
68365,2.6248576e-05
68366,2.6248576e-05
68367,2.6248576e-05
68368,2.6248576e-05
68369,2.6248576e-05
68370,2.6248576e-05
68371,2.6248576e-05
68372,2.6248576e-05
68373,2.6248576e-05
68374,2.6248576e-05
68375,2.6248576e-05
68376,2.6248576e-05
68377,2.6248576e-05
68378,2.6248576e-05
68379,2.6248576e-05
68380,2.6248576e-05
68381,2.6248576e-05
68382,2.6248576e-05
68383,2.6248576e-05
68384,2.6248576e-05
68385,2.6248576e-05
68386,2.6248576e-05
68387,2.6248576e-05
68388,2.6248576e-05
68389,2.6248576e-05
68390,2.6248576e-05
68391,2.6248576e-05
68392,2.6248576e-05
68393,2.6248576e-05
68394,2.6248576e-05
68395,2.6248576e-05
68396,2.6248576e-05
68397,2.6248576e-05
68398,2.6248576e-05
68399,2.6248576e-05
68400,2.6248576e-05
68401,2.6248576e-05
68402,2.6248576e-05
68403,2.6248576e-05
68404,2.6248576e-05
68405,2.6248576e-05
68406,2.6248576e-05
68407,2.6248576e-05
68408,2.6248576e-05
68409,2.6248576e-05
68410,2.6248576e-05
68411,2.6248576e-05
68412,2.6248576e-05
68413,2.6248576e-05
68414,2.6248576e-05
68415,2.6248576e-05
68416,2.6248576e-05
68417,2.6248576e-05
68418,2.6248576e-05
68419,2.6248576e-05
68420,2.6248576e-05
68421,2.6248576e-05
68422,2.6248576e-05
68423,2.6248576e-05
68424,2.6248576e-05
68425,2.6248576e-05
68426,2.6248576e-05
68427,2.6248576e-05
68428,2.6248576e-05
68429,2.6248576e-05
68430,2.6248576e-05
68431,2.6248576e-05
68432,2.6248576e-05
68433,2.6248576e-05
68434,2.6248576e-05
68435,2.6248576e-05
68436,2.6248576e-05
68437,2.6248576e-05
68438,2.6248576e-05
68439,2.6248576e-05
68440,2.6248576e-05
68441,2.6248576e-05
68442,2.6248576e-05
68443,2.6248576e-05
68444,2.6248576e-05
68445,2.6248576e-05
68446,2.6248576e-05
68447,2.6248576e-05
68448,2.6248576e-05
68449,2.6248576e-05
68450,2.6248576e-05
68451,2.6248576e-05
68452,2.6248576e-05
68453,2.6248576e-05
68454,2.6248576e-05
68455,2.6248576e-05
68456,2.6248576e-05
68457,2.6248576e-05
68458,2.6248576e-05
68459,2.6248576e-05
68460,2.6248576e-05
68461,2.6248576e-05
68462,2.6248576e-05
68463,2.6248576e-05
68464,2.6248576e-05
68465,2.6248576e-05
68466,2.6248576e-05
68467,2.6248576e-05
68468,2.6248576e-05
68469,2.6248576e-05
68470,2.6248576e-05
68471,2.6248576e-05
68472,2.6248576e-05
68473,2.6248576e-05
68474,2.6248576e-05
68475,2.6248576e-05
68476,2.6248576e-05
68477,2.6248576e-05
68478,2.6248576e-05
68479,2.6248576e-05
68480,2.6248576e-05
68481,2.6248576e-05
68482,2.6248576e-05
68483,2.6248576e-05
68484,2.6248576e-05
68485,2.6248576e-05
68486,2.6248576e-05
68487,2.6248576e-05
68488,2.6248576e-05
68489,2.6248576e-05
68490,2.6248576e-05
68491,2.6248576e-05
68492,2.6248576e-05
68493,2.6248576e-05
68494,2.6248576e-05
68495,2.6248576e-05
68496,2.6248576e-05
68497,2.6248576e-05
68498,2.6248576e-05
68499,2.6248576e-05
68500,2.6248576e-05
68501,2.6248576e-05
68502,2.6248576e-05
68503,2.6248576e-05
68504,2.6248576e-05
68505,2.6248576e-05
68506,2.6248576e-05
68507,2.6248576e-05
68508,2.6248576e-05
68509,2.6248576e-05
68510,2.6248576e-05
68511,2.6248576e-05
68512,2.6248576e-05
68513,2.6248576e-05
68514,2.6248576e-05
68515,2.6248576e-05
68516,2.6248576e-05
68517,2.6248576e-05
68518,2.6248576e-05
68519,2.6248576e-05
68520,2.6248576e-05
68521,2.6248576e-05
68522,2.6248576e-05
68523,2.6248576e-05
68524,2.6248576e-05
68525,2.6248576e-05
68526,2.6248576e-05
68527,2.6248576e-05
68528,2.6248576e-05
68529,2.6248576e-05
68530,2.6248576e-05
68531,2.6248576e-05
68532,2.6248576e-05
68533,2.6248576e-05
68534,2.6248576e-05
68535,2.6248576e-05
68536,2.6248576e-05
68537,2.6248576e-05
68538,2.6248576e-05
68539,2.6248576e-05
68540,2.6248576e-05
68541,2.6248576e-05
68542,2.6248576e-05
68543,2.6248576e-05
68544,2.6248576e-05
68545,2.6248576e-05
68546,2.6248576e-05
68547,2.6248576e-05
68548,2.6248576e-05
68549,2.6248576e-05
68550,2.6248576e-05
68551,2.6248576e-05
68552,2.6248576e-05
68553,2.6248576e-05
68554,2.6248576e-05
68555,2.6248576e-05
68556,2.6248576e-05
68557,2.6248576e-05
68558,2.6248576e-05
68559,2.6248576e-05
68560,2.6248576e-05
68561,2.6248576e-05
68562,2.6248576e-05
68563,2.6248576e-05
68564,2.6248576e-05
68565,2.6248576e-05
68566,2.6248576e-05
68567,2.6248576e-05
68568,2.6248576e-05
68569,2.6248576e-05
68570,2.6248576e-05
68571,2.6248576e-05
68572,2.6248576e-05
68573,2.6248576e-05
68574,2.6248576e-05
68575,2.6248576e-05
68576,2.6248576e-05
68577,2.6248576e-05
68578,2.6248576e-05
68579,2.6248576e-05
68580,2.6248576e-05
68581,2.6248576e-05
68582,2.6248576e-05
68583,2.6248576e-05
68584,2.6248576e-05
68585,2.6248576e-05
68586,2.6248576e-05
68587,2.6248576e-05
68588,2.6248576e-05
68589,2.6248576e-05
68590,2.6248576e-05
68591,2.6248576e-05
68592,2.6248576e-05
68593,2.6248576e-05
68594,2.6248576e-05
68595,2.6248576e-05
68596,2.6248576e-05
68597,2.6248576e-05
68598,2.6248576e-05
68599,2.6248576e-05
68600,2.6248576e-05
68601,2.6248576e-05
68602,2.6248576e-05
68603,2.6248576e-05
68604,2.6248576e-05
68605,2.6248576e-05
68606,2.6248576e-05
68607,2.6248576e-05
68608,2.6248576e-05
68609,2.6248576e-05
68610,2.6248576e-05
68611,2.6248576e-05
68612,2.6248576e-05
68613,2.6248576e-05
68614,2.6248576e-05
68615,2.6248576e-05
68616,2.6248576e-05
68617,2.6248576e-05
68618,2.6248576e-05
68619,2.6248576e-05
68620,2.6248576e-05
68621,2.6248576e-05
68622,2.6248576e-05
68623,2.6248576e-05
68624,2.6248576e-05
68625,2.6248576e-05
68626,2.6248576e-05
68627,2.6248576e-05
68628,2.6248576e-05
68629,2.6248576e-05
68630,2.6248576e-05
68631,2.6248576e-05
68632,2.6248576e-05
68633,2.6248576e-05
68634,2.6248576e-05
68635,2.6248576e-05
68636,2.6248576e-05
68637,2.6248576e-05
68638,2.6248576e-05
68639,2.6248576e-05
68640,2.6248576e-05
68641,2.6248576e-05
68642,2.6248576e-05
68643,2.6248576e-05
68644,2.6248576e-05
68645,2.6248576e-05
68646,2.6248576e-05
68647,2.6248576e-05
68648,2.6248576e-05
68649,2.6248576e-05
68650,2.6248576e-05
68651,2.6248576e-05
68652,2.6248576e-05
68653,2.6248576e-05
68654,2.6248576e-05
68655,2.6248576e-05
68656,2.6248576e-05
68657,2.6248576e-05
68658,2.6248576e-05
68659,2.6248576e-05
68660,2.6248576e-05
68661,2.6248576e-05
68662,2.6248576e-05
68663,2.6248576e-05
68664,2.6248576e-05
68665,2.6248576e-05
68666,2.6248576e-05
68667,2.6248576e-05
68668,2.6248576e-05
68669,2.6248576e-05
68670,2.6248576e-05
68671,2.6248576e-05
68672,2.6248576e-05
68673,2.6248576e-05
68674,2.6248576e-05
68675,2.6248576e-05
68676,2.6248576e-05
68677,2.6248576e-05
68678,2.6248576e-05
68679,2.6248576e-05
68680,2.6248576e-05
68681,2.6248576e-05
68682,2.6248576e-05
68683,2.6248576e-05
68684,2.6248576e-05
68685,2.6248576e-05
68686,2.6248576e-05
68687,2.6248576e-05
68688,2.6248576e-05
68689,2.6248576e-05
68690,2.6248576e-05
68691,2.6248576e-05
68692,2.6248576e-05
68693,2.6248576e-05
68694,2.6248576e-05
68695,2.6248576e-05
68696,2.6248576e-05
68697,2.6248576e-05
68698,2.6248576e-05
68699,2.6248576e-05
68700,2.6248576e-05
68701,2.6248576e-05
68702,2.6248576e-05
68703,2.6248576e-05
68704,2.6248576e-05
68705,2.6248576e-05
68706,2.6248576e-05
68707,2.6248576e-05
68708,2.6248576e-05
68709,2.6248576e-05
68710,2.6248576e-05
68711,2.6248576e-05
68712,2.6248576e-05
68713,2.6248576e-05
68714,2.6248576e-05
68715,2.6248576e-05
68716,2.6248576e-05
68717,2.6248576e-05
68718,2.6248576e-05
68719,2.6248576e-05
68720,2.6248576e-05
68721,2.6248576e-05
68722,2.6248576e-05
68723,2.6248576e-05
68724,2.6248576e-05
68725,2.6248576e-05
68726,2.6248576e-05
68727,2.6248576e-05
68728,2.6248576e-05
68729,2.6248576e-05
68730,2.6248576e-05
68731,2.6248576e-05
68732,2.6248576e-05
68733,2.6248576e-05
68734,2.6248576e-05
68735,2.6248576e-05
68736,2.6248576e-05
68737,2.6248576e-05
68738,2.6248576e-05
68739,2.6248576e-05
68740,2.6248576e-05
68741,2.6248576e-05
68742,2.6248576e-05
68743,2.6248576e-05
68744,2.6248576e-05
68745,2.6248576e-05
68746,2.6248576e-05
68747,2.6248576e-05
68748,2.6248576e-05
68749,2.6248576e-05
68750,2.6248576e-05
68751,2.6248576e-05
68752,2.6248576e-05
68753,2.6248576e-05
68754,2.6248576e-05
68755,2.6248576e-05
68756,2.6248576e-05
68757,2.6248576e-05
68758,2.6248576e-05
68759,2.6248576e-05
68760,2.6248576e-05
68761,2.6248576e-05
68762,2.6248576e-05
68763,2.6248576e-05
68764,2.6248576e-05
68765,2.6248576e-05
68766,2.6248576e-05
68767,2.6248576e-05
68768,2.6248576e-05
68769,2.6248576e-05
68770,2.6248576e-05
68771,2.6248576e-05
68772,2.6248576e-05
68773,2.6248576e-05
68774,2.6248576e-05
68775,2.6248576e-05
68776,2.6248576e-05
68777,2.6248576e-05
68778,2.6248576e-05
68779,2.6248576e-05
68780,2.6248576e-05
68781,2.6248576e-05
68782,2.6248576e-05
68783,2.6248576e-05
68784,2.6248576e-05
68785,2.6248576e-05
68786,2.6248576e-05
68787,2.6248576e-05
68788,2.6248576e-05
68789,2.6248576e-05
68790,2.6248576e-05
68791,2.6248576e-05
68792,2.6248576e-05
68793,2.6248576e-05
68794,2.6248576e-05
68795,2.6248576e-05
68796,2.6248576e-05
68797,2.6248576e-05
68798,2.6248576e-05
68799,2.6248576e-05
68800,2.6248576e-05
68801,2.6248576e-05
68802,2.6248576e-05
68803,2.6248576e-05
68804,2.6248576e-05
68805,2.6248576e-05
68806,2.6248576e-05
68807,2.6248576e-05
68808,2.6248576e-05
68809,2.6248576e-05
68810,2.6248576e-05
68811,2.6248576e-05
68812,2.6248576e-05
68813,2.6248576e-05
68814,2.6248576e-05
68815,2.6248576e-05
68816,2.6248576e-05
68817,2.6248576e-05
68818,2.6248576e-05
68819,2.6248576e-05
68820,2.6248576e-05
68821,2.6248576e-05
68822,2.6248576e-05
68823,2.6248576e-05
68824,2.6248576e-05
68825,2.6248576e-05
68826,2.6248576e-05
68827,2.6248576e-05
68828,2.6248576e-05
68829,2.6248576e-05
68830,2.6248576e-05
68831,2.6248576e-05
68832,2.6248576e-05
68833,2.6248576e-05
68834,2.6248576e-05
68835,2.6248576e-05
68836,2.6248576e-05
68837,2.6248576e-05
68838,2.6248576e-05
68839,2.6248576e-05
68840,2.6248576e-05
68841,2.6248576e-05
68842,2.6248576e-05
68843,2.6248576e-05
68844,2.6248576e-05
68845,2.6248576e-05
68846,2.6248576e-05
68847,2.6248576e-05
68848,2.6248576e-05
68849,2.6248576e-05
68850,2.6248576e-05
68851,2.6248576e-05
68852,2.6248576e-05
68853,2.6248576e-05
68854,2.6248576e-05
68855,2.6248576e-05
68856,2.6248576e-05
68857,2.6248576e-05
68858,2.6248576e-05
68859,2.6248576e-05
68860,2.6248576e-05
68861,2.6248576e-05
68862,2.6248576e-05
68863,2.6248576e-05
68864,2.6248576e-05
68865,2.6248576e-05
68866,2.6248576e-05
68867,2.6248576e-05
68868,2.6248576e-05
68869,2.6248576e-05
68870,2.6248576e-05
68871,2.6248576e-05
68872,2.6248576e-05
68873,2.6248576e-05
68874,2.6248576e-05
68875,2.6248576e-05
68876,2.6248576e-05
68877,2.6248576e-05
68878,2.6248576e-05
68879,2.6248576e-05
68880,2.6248576e-05
68881,2.6248576e-05
68882,2.6248576e-05
68883,2.6248576e-05
68884,2.6248576e-05
68885,2.6248576e-05
68886,2.6248576e-05
68887,2.6248576e-05
68888,2.6248576e-05
68889,2.6248576e-05
68890,2.6248576e-05
68891,2.6248576e-05
68892,2.6248576e-05
68893,2.6248576e-05
68894,2.6248576e-05
68895,2.6248576e-05
68896,2.6248576e-05
68897,2.6248576e-05
68898,2.6248576e-05
68899,2.6248576e-05
68900,2.6248576e-05
68901,2.6248576e-05
68902,2.6248576e-05
68903,2.6248576e-05
68904,2.6248576e-05
68905,2.6248576e-05
68906,2.6248576e-05
68907,2.6248576e-05
68908,2.6248576e-05
68909,2.6248576e-05
68910,2.6248576e-05
68911,2.6248576e-05
68912,2.6248576e-05
68913,2.6248576e-05
68914,2.6248576e-05
68915,2.6248576e-05
68916,2.6248576e-05
68917,2.6248576e-05
68918,2.6248576e-05
68919,2.6248576e-05
68920,2.6248576e-05
68921,2.6248576e-05
68922,2.6248576e-05
68923,2.6248576e-05
68924,2.6248576e-05
68925,2.6248576e-05
68926,2.6248576e-05
68927,2.6248576e-05
68928,2.6248576e-05
68929,2.6248576e-05
68930,2.6248576e-05
68931,2.6248576e-05
68932,2.6248576e-05
68933,2.6248576e-05
68934,2.6248576e-05
68935,2.6248576e-05
68936,2.6248576e-05
68937,2.6248576e-05
68938,2.6248576e-05
68939,2.6248576e-05
68940,2.6248576e-05
68941,2.6248576e-05
68942,2.6248576e-05
68943,2.6248576e-05
68944,2.6248576e-05
68945,2.6248576e-05
68946,2.6248576e-05
68947,2.6248576e-05
68948,2.6248576e-05
68949,2.6248576e-05
68950,2.6248576e-05
68951,2.6248576e-05
68952,2.6248576e-05
68953,2.6248576e-05
68954,2.6248576e-05
68955,2.6248576e-05
68956,2.6248576e-05
68957,2.6248576e-05
68958,2.6248576e-05
68959,2.6248576e-05
68960,2.6248576e-05
68961,2.6248576e-05
68962,2.6248576e-05
68963,2.6248576e-05
68964,2.6248576e-05
68965,2.6248576e-05
68966,2.6248576e-05
68967,2.6248576e-05
68968,2.6248576e-05
68969,2.6248576e-05
68970,2.6248576e-05
68971,2.6248576e-05
68972,2.6248576e-05
68973,2.6248576e-05
68974,2.6248576e-05
68975,2.6248576e-05
68976,2.6248576e-05
68977,2.6248576e-05
68978,2.6248576e-05
68979,2.6248576e-05
68980,2.6248576e-05
68981,2.6248576e-05
68982,2.6248576e-05
68983,2.6248576e-05
68984,2.6248576e-05
68985,2.6248576e-05
68986,2.6248576e-05
68987,2.6248576e-05
68988,2.6248576e-05
68989,2.6248576e-05
68990,2.6248576e-05
68991,2.6248576e-05
68992,2.6248576e-05
68993,2.6248576e-05
68994,2.6248576e-05
68995,2.6248576e-05
68996,2.6248576e-05
68997,2.6248576e-05
68998,2.6248576e-05
68999,2.6248576e-05
69000,2.6248576e-05
69001,2.6248576e-05
69002,2.6248576e-05
69003,2.6248576e-05
69004,2.6248576e-05
69005,2.6248576e-05
69006,2.6248576e-05
69007,2.6248576e-05
69008,2.6248576e-05
69009,2.6248576e-05
69010,2.6248576e-05
69011,2.6248576e-05
69012,2.6248576e-05
69013,2.6248576e-05
69014,2.6248576e-05
69015,2.6248576e-05
69016,2.6248576e-05
69017,2.6248576e-05
69018,2.6248576e-05
69019,2.6248576e-05
69020,2.6248576e-05
69021,2.6248576e-05
69022,2.6248576e-05
69023,2.6248576e-05
69024,2.6248576e-05
69025,2.6248576e-05
69026,2.6248576e-05
69027,2.6248576e-05
69028,2.6248576e-05
69029,2.6248576e-05
69030,2.6248576e-05
69031,2.6248576e-05
69032,2.6248576e-05
69033,2.6248576e-05
69034,2.6248576e-05
69035,2.6248576e-05
69036,2.6248576e-05
69037,2.6248576e-05
69038,2.6248576e-05
69039,2.6248576e-05
69040,2.6248576e-05
69041,2.6248576e-05
69042,2.6248576e-05
69043,2.6248576e-05
69044,2.6248576e-05
69045,2.6248576e-05
69046,2.6248576e-05
69047,2.6248576e-05
69048,2.6248576e-05
69049,2.6248576e-05
69050,2.6248576e-05
69051,2.6248576e-05
69052,2.6248576e-05
69053,2.6248576e-05
69054,2.6248576e-05
69055,2.6248576e-05
69056,2.6248576e-05
69057,2.6248576e-05
69058,2.6248576e-05
69059,2.6248576e-05
69060,2.6248576e-05
69061,2.6248576e-05
69062,2.6248576e-05
69063,2.6248576e-05
69064,2.6248576e-05
69065,2.6248576e-05
69066,2.6248576e-05
69067,2.6248576e-05
69068,2.6248576e-05
69069,2.6248576e-05
69070,2.6248576e-05
69071,2.6248576e-05
69072,2.6248576e-05
69073,2.6248576e-05
69074,2.6248576e-05
69075,2.6248576e-05
69076,2.6248576e-05
69077,2.6248576e-05
69078,2.6248576e-05
69079,2.6248576e-05
69080,2.6248576e-05
69081,2.6248576e-05
69082,2.6248576e-05
69083,2.6248576e-05
69084,2.6248576e-05
69085,2.6248576e-05
69086,2.6248576e-05
69087,2.6248576e-05
69088,2.6248576e-05
69089,2.6248576e-05
69090,2.6248576e-05
69091,2.6248576e-05
69092,2.6248576e-05
69093,2.6248576e-05
69094,2.6248576e-05
69095,2.6248576e-05
69096,2.6248576e-05
69097,2.6248576e-05
69098,2.6248576e-05
69099,2.6248576e-05
69100,2.6248576e-05
69101,2.6248576e-05
69102,2.6248576e-05
69103,2.6248576e-05
69104,2.6248576e-05
69105,2.6248576e-05
69106,2.6248576e-05
69107,2.6248576e-05
69108,2.6248576e-05
69109,2.6248576e-05
69110,2.6248576e-05
69111,2.6248576e-05
69112,2.6248576e-05
69113,2.6248576e-05
69114,2.6248576e-05
69115,2.6248576e-05
69116,2.6248576e-05
69117,2.6248576e-05
69118,2.6248576e-05
69119,2.6248576e-05
69120,2.6248576e-05
69121,2.6248576e-05
69122,2.6248576e-05
69123,2.6248576e-05
69124,2.6248576e-05
69125,2.6248576e-05
69126,2.6248576e-05
69127,2.6248576e-05
69128,2.6248576e-05
69129,2.6248576e-05
69130,2.6248576e-05
69131,2.6248576e-05
69132,2.6248576e-05
69133,2.6248576e-05
69134,2.6248576e-05
69135,2.6248576e-05
69136,2.6248576e-05
69137,2.6248576e-05
69138,2.6248576e-05
69139,2.6248576e-05
69140,2.6248576e-05
69141,2.6248576e-05
69142,2.6248576e-05
69143,2.6248576e-05
69144,2.6248576e-05
69145,2.6248576e-05
69146,2.6248576e-05
69147,2.6248576e-05
69148,2.6248576e-05
69149,2.6248576e-05
69150,2.6248576e-05
69151,2.6248576e-05
69152,2.6248576e-05
69153,2.6248576e-05
69154,2.6248576e-05
69155,2.6248576e-05
69156,2.6248576e-05
69157,2.6248576e-05
69158,2.6248576e-05
69159,2.6248576e-05
69160,2.6248576e-05
69161,2.6248576e-05
69162,2.6248576e-05
69163,2.6248576e-05
69164,2.6248576e-05
69165,2.6248576e-05
69166,2.6248576e-05
69167,2.6248576e-05
69168,2.6248576e-05
69169,2.6248576e-05
69170,2.6248576e-05
69171,2.6248576e-05
69172,2.6248576e-05
69173,2.6248576e-05
69174,2.6248576e-05
69175,2.6248576e-05
69176,2.6248576e-05
69177,2.6248576e-05
69178,2.6248576e-05
69179,2.6248576e-05
69180,2.6248576e-05
69181,2.6248576e-05
69182,2.6248576e-05
69183,2.6248576e-05
69184,2.6248576e-05
69185,2.6248576e-05
69186,2.6248576e-05
69187,2.6248576e-05
69188,2.6248576e-05
69189,2.6248576e-05
69190,2.6248576e-05
69191,2.6248576e-05
69192,2.6248576e-05
69193,2.6248576e-05
69194,2.6248576e-05
69195,2.6248576e-05
69196,2.6248576e-05
69197,2.6248576e-05
69198,2.6248576e-05
69199,2.6248576e-05
69200,2.6248576e-05
69201,2.6248576e-05
69202,2.6248576e-05
69203,2.6248576e-05
69204,2.6248576e-05
69205,2.6248576e-05
69206,2.6248576e-05
69207,2.6248576e-05
69208,2.6248576e-05
69209,2.6248576e-05
69210,2.6248576e-05
69211,2.6248576e-05
69212,2.6248576e-05
69213,2.6248576e-05
69214,2.6248576e-05
69215,2.6248576e-05
69216,2.6248576e-05
69217,2.6248576e-05
69218,2.6248576e-05
69219,2.6248576e-05
69220,2.6248576e-05
69221,2.6248576e-05
69222,2.6248576e-05
69223,2.6248576e-05
69224,2.6248576e-05
69225,2.6248576e-05
69226,2.6248576e-05
69227,2.6248576e-05
69228,2.6248576e-05
69229,2.6248576e-05
69230,2.6248576e-05
69231,2.6248576e-05
69232,2.6248576e-05
69233,2.6248576e-05
69234,2.6248576e-05
69235,2.6248576e-05
69236,2.6248576e-05
69237,2.6248576e-05
69238,2.6248576e-05
69239,2.6248576e-05
69240,2.6248576e-05
69241,2.6248576e-05
69242,2.6248576e-05
69243,2.6248576e-05
69244,2.6248576e-05
69245,2.6248576e-05
69246,2.6248576e-05
69247,2.6248576e-05
69248,2.6248576e-05
69249,2.6248576e-05
69250,2.6248576e-05
69251,2.6248576e-05
69252,2.6248576e-05
69253,2.6248576e-05
69254,2.6248576e-05
69255,2.6248576e-05
69256,2.6248576e-05
69257,2.6248576e-05
69258,2.6248576e-05
69259,2.6248576e-05
69260,2.6248576e-05
69261,2.6248576e-05
69262,2.6248576e-05
69263,2.6248576e-05
69264,2.6248576e-05
69265,2.6248576e-05
69266,2.6248576e-05
69267,2.6248576e-05
69268,2.6248576e-05
69269,2.6248576e-05
69270,2.6248576e-05
69271,2.6248576e-05
69272,2.6248576e-05
69273,2.6248576e-05
69274,2.6248576e-05
69275,2.6248576e-05
69276,2.6248576e-05
69277,2.6248576e-05
69278,2.6248576e-05
69279,2.6248576e-05
69280,2.6248576e-05
69281,2.6248576e-05
69282,2.6248576e-05
69283,2.6248576e-05
69284,2.6248576e-05
69285,2.6248576e-05
69286,2.6248576e-05
69287,2.6248576e-05
69288,2.6248576e-05
69289,2.6248576e-05
69290,2.6248576e-05
69291,2.6248576e-05
69292,2.6248576e-05
69293,2.6248576e-05
69294,2.6248576e-05
69295,2.6248576e-05
69296,2.6248576e-05
69297,2.6248576e-05
69298,2.6248576e-05
69299,2.6248576e-05
69300,2.6248576e-05
69301,2.6248576e-05
69302,2.6248576e-05
69303,2.6248576e-05
69304,2.6248576e-05
69305,2.6248576e-05
69306,2.6248576e-05
69307,2.6248576e-05
69308,2.6248576e-05
69309,2.6248576e-05
69310,2.6248576e-05
69311,2.6248576e-05
69312,2.6248576e-05
69313,2.6248576e-05
69314,2.6248576e-05
69315,2.6248576e-05
69316,2.6248576e-05
69317,2.6248576e-05
69318,2.6248576e-05
69319,2.6248576e-05
69320,2.6248576e-05
69321,2.6248576e-05
69322,2.6248576e-05
69323,2.6248576e-05
69324,2.6248576e-05
69325,2.6248576e-05
69326,2.6248576e-05
69327,2.6248576e-05
69328,2.6248576e-05
69329,2.6248576e-05
69330,2.6248576e-05
69331,2.6248576e-05
69332,2.6248576e-05
69333,2.6248576e-05
69334,2.6248576e-05
69335,2.6248576e-05
69336,2.6248576e-05
69337,2.6248576e-05
69338,2.6248576e-05
69339,2.6248576e-05
69340,2.6248576e-05
69341,2.6248576e-05
69342,2.6248576e-05
69343,2.6248576e-05
69344,2.6248576e-05
69345,2.6248576e-05
69346,2.6248576e-05
69347,2.6248576e-05
69348,2.6248576e-05
69349,2.6248576e-05
69350,2.6248576e-05
69351,2.6248576e-05
69352,2.6248576e-05
69353,2.6248576e-05
69354,2.6248576e-05
69355,2.6248576e-05
69356,2.6248576e-05
69357,2.6248576e-05
69358,2.6248576e-05
69359,2.6248576e-05
69360,2.6248576e-05
69361,2.6248576e-05
69362,2.6248576e-05
69363,2.6248576e-05
69364,2.6248576e-05
69365,2.6248576e-05
69366,2.6248576e-05
69367,2.6248576e-05
69368,2.6248576e-05
69369,2.6248576e-05
69370,2.6248576e-05
69371,2.6248576e-05
69372,2.6248576e-05
69373,2.6248576e-05
69374,2.6248576e-05
69375,2.6248576e-05
69376,2.6248576e-05
69377,2.6248576e-05
69378,2.6248576e-05
69379,2.6248576e-05
69380,2.6248576e-05
69381,2.6248576e-05
69382,2.6248576e-05
69383,2.6248576e-05
69384,2.6248576e-05
69385,2.6248576e-05
69386,2.6248576e-05
69387,2.6248576e-05
69388,2.6248576e-05
69389,2.6248576e-05
69390,2.6248576e-05
69391,2.6248576e-05
69392,2.6248576e-05
69393,2.6248576e-05
69394,2.6248576e-05
69395,2.6248576e-05
69396,2.6248576e-05
69397,2.6248576e-05
69398,2.6248576e-05
69399,2.6248576e-05
69400,2.6248576e-05
69401,2.6248576e-05
69402,2.6248576e-05
69403,2.6248576e-05
69404,2.6248576e-05
69405,2.6248576e-05
69406,2.6248576e-05
69407,2.6248576e-05
69408,2.6248576e-05
69409,2.6248576e-05
69410,2.6248576e-05
69411,2.6248576e-05
69412,2.6248576e-05
69413,2.6248576e-05
69414,2.6248576e-05
69415,2.6248576e-05
69416,2.6248576e-05
69417,2.6248576e-05
69418,2.6248576e-05
69419,2.6248576e-05
69420,2.6248576e-05
69421,2.6248576e-05
69422,2.6248576e-05
69423,2.6248576e-05
69424,2.6248576e-05
69425,2.6248576e-05
69426,2.6248576e-05
69427,2.6248576e-05
69428,2.6248576e-05
69429,2.6248576e-05
69430,2.6248576e-05
69431,2.6248576e-05
69432,2.6248576e-05
69433,2.6248576e-05
69434,2.6248576e-05
69435,2.6248576e-05
69436,2.6248576e-05
69437,2.6248576e-05
69438,2.6248576e-05
69439,2.6248576e-05
69440,2.6248576e-05
69441,2.6248576e-05
69442,2.6248576e-05
69443,2.6248576e-05
69444,2.6248576e-05
69445,2.6248576e-05
69446,2.6248576e-05
69447,2.6248576e-05
69448,2.6248576e-05
69449,2.6248576e-05
69450,2.6248576e-05
69451,2.6248576e-05
69452,2.6248576e-05
69453,2.6248576e-05
69454,2.6248576e-05
69455,2.6248576e-05
69456,2.6248576e-05
69457,2.6248576e-05
69458,2.6248576e-05
69459,2.6248576e-05
69460,2.6248576e-05
69461,2.6248576e-05
69462,2.6248576e-05
69463,2.6248576e-05
69464,2.6248576e-05
69465,2.6248576e-05
69466,2.6248576e-05
69467,2.6248576e-05
69468,2.6248576e-05
69469,2.6248576e-05
69470,2.6248576e-05
69471,2.6248576e-05
69472,2.6248576e-05
69473,2.6248576e-05
69474,2.6248576e-05
69475,2.6248576e-05
69476,2.6248576e-05
69477,2.6248576e-05
69478,2.6248576e-05
69479,2.6248576e-05
69480,2.6248576e-05
69481,2.6248576e-05
69482,2.6248576e-05
69483,2.6248576e-05
69484,2.6248576e-05
69485,2.6248576e-05
69486,2.6248576e-05
69487,2.6248576e-05
69488,2.6248576e-05
69489,2.6248576e-05
69490,2.6248576e-05
69491,2.6248576e-05
69492,2.6248576e-05
69493,2.6248576e-05
69494,2.6248576e-05
69495,2.6248576e-05
69496,2.6248576e-05
69497,2.6248576e-05
69498,2.6248576e-05
69499,2.6248576e-05
69500,2.6248576e-05
69501,2.6248576e-05
69502,2.6248576e-05
69503,2.6248576e-05
69504,2.6248576e-05
69505,2.6248576e-05
69506,2.6248576e-05
69507,2.6248576e-05
69508,2.6248576e-05
69509,2.6248576e-05
69510,2.6248576e-05
69511,2.6248576e-05
69512,2.6248576e-05
69513,2.6248576e-05
69514,2.6248576e-05
69515,2.6248576e-05
69516,2.6248576e-05
69517,2.6248576e-05
69518,2.6248576e-05
69519,2.6248576e-05
69520,2.6248576e-05
69521,2.6248576e-05
69522,2.6248576e-05
69523,2.6248576e-05
69524,2.6248576e-05
69525,2.6248576e-05
69526,2.6248576e-05
69527,2.6248576e-05
69528,2.6248576e-05
69529,2.6248576e-05
69530,2.6248576e-05
69531,2.6248576e-05
69532,2.6248576e-05
69533,2.6248576e-05
69534,2.6248576e-05
69535,2.6248576e-05
69536,2.6248576e-05
69537,2.6248576e-05
69538,2.6248576e-05
69539,2.6248576e-05
69540,2.6248576e-05
69541,2.6248576e-05
69542,2.6248576e-05
69543,2.6248576e-05
69544,2.6248576e-05
69545,2.6248576e-05
69546,2.6248576e-05
69547,2.6248576e-05
69548,2.6248576e-05
69549,2.6248576e-05
69550,2.6248576e-05
69551,2.6248576e-05
69552,2.6248576e-05
69553,2.6248576e-05
69554,2.6248576e-05
69555,2.6248576e-05
69556,2.6248576e-05
69557,2.6248576e-05
69558,2.6248576e-05
69559,2.6248576e-05
69560,2.6248576e-05
69561,2.6248576e-05
69562,2.6248576e-05
69563,2.6248576e-05
69564,2.6248576e-05
69565,2.6248576e-05
69566,2.6248576e-05
69567,2.6248576e-05
69568,2.6248576e-05
69569,2.6248576e-05
69570,2.6248576e-05
69571,2.6248576e-05
69572,2.6248576e-05
69573,2.6248576e-05
69574,2.6248576e-05
69575,2.6248576e-05
69576,2.6248576e-05
69577,2.6248576e-05
69578,2.6248576e-05
69579,2.6248576e-05
69580,2.6248576e-05
69581,2.6248576e-05
69582,2.6248576e-05
69583,2.6248576e-05
69584,2.6248576e-05
69585,2.6248576e-05
69586,2.6248576e-05
69587,2.6248576e-05
69588,2.6248576e-05
69589,2.6248576e-05
69590,2.6248576e-05
69591,2.6248576e-05
69592,2.6248576e-05
69593,2.6248576e-05
69594,2.6248576e-05
69595,2.6248576e-05
69596,2.6248576e-05
69597,2.6248576e-05
69598,2.6248576e-05
69599,2.6248576e-05
69600,2.6248576e-05
69601,2.6248576e-05
69602,2.6248576e-05
69603,2.6248576e-05
69604,2.6248576e-05
69605,2.6248576e-05
69606,2.6248576e-05
69607,2.6248576e-05
69608,2.6248576e-05
69609,2.6248576e-05
69610,2.6248576e-05
69611,2.6248576e-05
69612,2.6248576e-05
69613,2.6248576e-05
69614,2.6248576e-05
69615,2.6248576e-05
69616,2.6248576e-05
69617,2.6248576e-05
69618,2.6248576e-05
69619,2.6248576e-05
69620,2.6248576e-05
69621,2.6248576e-05
69622,2.6248576e-05
69623,2.6248576e-05
69624,2.6248576e-05
69625,2.6248576e-05
69626,2.6248576e-05
69627,2.6248576e-05
69628,2.6248576e-05
69629,2.6248576e-05
69630,2.6248576e-05
69631,2.6248576e-05
69632,2.6248576e-05
69633,2.6248576e-05
69634,2.6248576e-05
69635,2.6248576e-05
69636,2.6248576e-05
69637,2.6248576e-05
69638,2.6248576e-05
69639,2.6248576e-05
69640,2.6248576e-05
69641,2.6248576e-05
69642,2.6248576e-05
69643,2.6248576e-05
69644,2.6248576e-05
69645,2.6248576e-05
69646,2.6248576e-05
69647,2.6248576e-05
69648,2.6248576e-05
69649,2.6248576e-05
69650,2.6248576e-05
69651,2.6248576e-05
69652,2.6248576e-05
69653,2.6248576e-05
69654,2.6248576e-05
69655,2.6248576e-05
69656,2.6248576e-05
69657,2.6248576e-05
69658,2.6248576e-05
69659,2.6248576e-05
69660,2.6248576e-05
69661,2.6248576e-05
69662,2.6248576e-05
69663,2.6248576e-05
69664,2.6248576e-05
69665,2.6248576e-05
69666,2.6248576e-05
69667,2.6248576e-05
69668,2.6248576e-05
69669,2.6248576e-05
69670,2.6248576e-05
69671,2.6248576e-05
69672,2.6248576e-05
69673,2.6248576e-05
69674,2.6248576e-05
69675,2.6248576e-05
69676,2.6248576e-05
69677,2.6248576e-05
69678,2.6248576e-05
69679,2.6248576e-05
69680,2.6248576e-05
69681,2.6248576e-05
69682,2.6248576e-05
69683,2.6248576e-05
69684,2.6248576e-05
69685,2.6248576e-05
69686,2.6248576e-05
69687,2.6248576e-05
69688,2.6248576e-05
69689,2.6248576e-05
69690,2.6248576e-05
69691,2.6248576e-05
69692,2.6248576e-05
69693,2.6248576e-05
69694,2.6248576e-05
69695,2.6248576e-05
69696,2.6248576e-05
69697,2.6248576e-05
69698,2.6248576e-05
69699,2.6248576e-05
69700,2.6248576e-05
69701,2.6248576e-05
69702,2.6248576e-05
69703,2.6248576e-05
69704,2.6248576e-05
69705,2.6248576e-05
69706,2.6248576e-05
69707,2.6248576e-05
69708,2.6248576e-05
69709,2.6248576e-05
69710,2.6248576e-05
69711,2.6248576e-05
69712,2.6248576e-05
69713,2.6248576e-05
69714,2.6248576e-05
69715,2.6248576e-05
69716,2.6248576e-05
69717,2.6248576e-05
69718,2.6248576e-05
69719,2.6248576e-05
69720,2.6248576e-05
69721,2.6248576e-05
69722,2.6248576e-05
69723,2.6248576e-05
69724,2.6248576e-05
69725,2.6248576e-05
69726,2.6248576e-05
69727,2.6248576e-05
69728,2.6248576e-05
69729,2.6248576e-05
69730,2.6248576e-05
69731,2.6248576e-05
69732,2.6248576e-05
69733,2.6248576e-05
69734,2.6248576e-05
69735,2.6248576e-05
69736,2.6248576e-05
69737,2.6248576e-05
69738,2.6248576e-05
69739,2.6248576e-05
69740,2.6248576e-05
69741,2.6248576e-05
69742,2.6248576e-05
69743,2.6248576e-05
69744,2.6248576e-05
69745,2.6248576e-05
69746,2.6248576e-05
69747,2.6248576e-05
69748,2.6248576e-05
69749,2.6248576e-05
69750,2.6248576e-05
69751,2.6248576e-05
69752,2.6248576e-05
69753,2.6248576e-05
69754,2.6248576e-05
69755,2.6248576e-05
69756,2.6248576e-05
69757,2.6248576e-05
69758,2.6248576e-05
69759,2.6248576e-05
69760,2.6248576e-05
69761,2.6248576e-05
69762,2.6248576e-05
69763,2.6248576e-05
69764,2.6248576e-05
69765,2.6248576e-05
69766,2.6248576e-05
69767,2.6248576e-05
69768,2.6248576e-05
69769,2.6248576e-05
69770,2.6248576e-05
69771,2.6248576e-05
69772,2.6248576e-05
69773,2.6248576e-05
69774,2.6248576e-05
69775,2.6248576e-05
69776,2.6248576e-05
69777,2.6248576e-05
69778,2.6248576e-05
69779,2.6248576e-05
69780,2.6248576e-05
69781,2.6248576e-05
69782,2.6248576e-05
69783,2.6248576e-05
69784,2.6248576e-05
69785,2.6248576e-05
69786,2.6248576e-05
69787,2.6248576e-05
69788,2.6248576e-05
69789,2.6248576e-05
69790,2.6248576e-05
69791,2.6248576e-05
69792,2.6248576e-05
69793,2.6248576e-05
69794,2.6248576e-05
69795,2.6248576e-05
69796,2.6248576e-05
69797,2.6248576e-05
69798,2.6248576e-05
69799,2.6248576e-05
69800,2.6248576e-05
69801,2.6248576e-05
69802,2.6248576e-05
69803,2.6248576e-05
69804,2.6248576e-05
69805,2.6248576e-05
69806,2.6248576e-05
69807,2.6248576e-05
69808,2.6248576e-05
69809,2.6248576e-05
69810,2.6248576e-05
69811,2.6248576e-05
69812,2.6248576e-05
69813,2.6248576e-05
69814,2.6248576e-05
69815,2.6248576e-05
69816,2.6248576e-05
69817,2.6248576e-05
69818,2.6248576e-05
69819,2.6248576e-05
69820,2.6248576e-05
69821,2.6248576e-05
69822,2.6248576e-05
69823,2.6248576e-05
69824,2.6248576e-05
69825,2.6248576e-05
69826,2.6248576e-05
69827,2.6248576e-05
69828,2.6248576e-05
69829,2.6248576e-05
69830,2.6248576e-05
69831,2.6248576e-05
69832,2.6248576e-05
69833,2.6248576e-05
69834,2.6248576e-05
69835,2.6248576e-05
69836,2.6248576e-05
69837,2.6248576e-05
69838,2.6248576e-05
69839,2.6248576e-05
69840,2.6248576e-05
69841,2.6248576e-05
69842,2.6248576e-05
69843,2.6248576e-05
69844,2.6248576e-05
69845,2.6248576e-05
69846,2.6248576e-05
69847,2.6248576e-05
69848,2.6248576e-05
69849,2.6248576e-05
69850,2.6248576e-05
69851,2.6248576e-05
69852,2.6248576e-05
69853,2.6248576e-05
69854,2.6248576e-05
69855,2.6248576e-05
69856,2.6248576e-05
69857,2.6248576e-05
69858,2.6248576e-05
69859,2.6248576e-05
69860,2.6248576e-05
69861,2.6248576e-05
69862,2.6248576e-05
69863,2.6248576e-05
69864,2.6248576e-05
69865,2.6248576e-05
69866,2.6248576e-05
69867,2.6248576e-05
69868,2.6248576e-05
69869,2.6248576e-05
69870,2.6248576e-05
69871,2.6248576e-05
69872,2.6248576e-05
69873,2.6248576e-05
69874,2.6248576e-05
69875,2.6248576e-05
69876,2.6248576e-05
69877,2.6248576e-05
69878,2.6248576e-05
69879,2.6248576e-05
69880,2.6248576e-05
69881,2.6248576e-05
69882,2.6248576e-05
69883,2.6248576e-05
69884,2.6248576e-05
69885,2.6248576e-05
69886,2.6248576e-05
69887,2.6248576e-05
69888,2.6248576e-05
69889,2.6248576e-05
69890,2.6248576e-05
69891,2.6248576e-05
69892,2.6248576e-05
69893,2.6248576e-05
69894,2.6248576e-05
69895,2.6248576e-05
69896,2.6248576e-05
69897,2.6248576e-05
69898,2.6248576e-05
69899,2.6248576e-05
69900,2.6248576e-05
69901,2.6248576e-05
69902,2.6248576e-05
69903,2.6248576e-05
69904,2.6248576e-05
69905,2.6248576e-05
69906,2.6248576e-05
69907,2.6248576e-05
69908,2.6248576e-05
69909,2.6248576e-05
69910,2.6248576e-05
69911,2.6248576e-05
69912,2.6248576e-05
69913,2.6248576e-05
69914,2.6248576e-05
69915,2.6248576e-05
69916,2.6248576e-05
69917,2.6248576e-05
69918,2.6248576e-05
69919,2.6248576e-05
69920,2.6248576e-05
69921,2.6248576e-05
69922,2.6248576e-05
69923,2.6248576e-05
69924,2.6248576e-05
69925,2.6248576e-05
69926,2.6248576e-05
69927,2.6248576e-05
69928,2.6248576e-05
69929,2.6248576e-05
69930,2.6248576e-05
69931,2.6248576e-05
69932,2.6248576e-05
69933,2.6248576e-05
69934,2.6248576e-05
69935,2.6248576e-05
69936,2.6248576e-05
69937,2.6248576e-05
69938,2.6248576e-05
69939,2.6248576e-05
69940,2.6248576e-05
69941,2.6248576e-05
69942,2.6248576e-05
69943,2.6248576e-05
69944,2.6248576e-05
69945,2.6248576e-05
69946,2.6248576e-05
69947,2.6248576e-05
69948,2.6248576e-05
69949,2.6248576e-05
69950,2.6248576e-05
69951,2.6248576e-05
69952,2.6248576e-05
69953,2.6248576e-05
69954,2.6248576e-05
69955,2.6248576e-05
69956,2.6248576e-05
69957,2.6248576e-05
69958,2.6248576e-05
69959,2.6248576e-05
69960,2.6248576e-05
69961,2.6248576e-05
69962,2.6248576e-05
69963,2.6248576e-05
69964,2.6248576e-05
69965,2.6248576e-05
69966,2.6248576e-05
69967,2.6248576e-05
69968,2.6248576e-05
69969,2.6248576e-05
69970,2.6248576e-05
69971,2.6248576e-05
69972,2.6248576e-05
69973,2.6248576e-05
69974,2.6248576e-05
69975,2.6248576e-05
69976,2.6248576e-05
69977,2.6248576e-05
69978,2.6248576e-05
69979,2.6248576e-05
69980,2.6248576e-05
69981,2.6248576e-05
69982,2.6248576e-05
69983,2.6248576e-05
69984,2.6248576e-05
69985,2.6248576e-05
69986,2.6248576e-05
69987,2.6248576e-05
69988,2.6248576e-05
69989,2.6248576e-05
69990,2.6248576e-05
69991,2.6248576e-05
69992,2.6248576e-05
69993,2.6248576e-05
69994,2.6248576e-05
69995,2.6248576e-05
69996,2.6248576e-05
69997,2.6248576e-05
69998,2.6248576e-05
69999,2.6248576e-05
70000,2.6248576e-05
70001,2.6248576e-05
70002,2.6248576e-05
70003,2.6248576e-05
70004,2.6248576e-05
70005,2.6248576e-05
70006,2.6248576e-05
70007,2.6248576e-05
70008,2.6248576e-05
70009,2.6248576e-05
70010,2.6248576e-05
70011,2.6248576e-05
70012,2.6248576e-05
70013,2.6248576e-05
70014,2.6248576e-05
70015,2.6248576e-05
70016,2.6248576e-05
70017,2.6248576e-05
70018,2.6248576e-05
70019,2.6248576e-05
70020,2.6248576e-05
70021,2.6248576e-05
70022,2.6248576e-05
70023,2.6248576e-05
70024,2.6248576e-05
70025,2.6248576e-05
70026,2.6248576e-05
70027,2.6248576e-05
70028,2.6248576e-05
70029,2.6248576e-05
70030,2.6248576e-05
70031,2.6248576e-05
70032,2.6248576e-05
70033,2.6248576e-05
70034,2.6248576e-05
70035,2.6248576e-05
70036,2.6248576e-05
70037,2.6248576e-05
70038,2.6248576e-05
70039,2.6248576e-05
70040,2.6248576e-05
70041,2.6248576e-05
70042,2.6248576e-05
70043,2.6248576e-05
70044,2.6248576e-05
70045,2.6248576e-05
70046,2.6248576e-05
70047,2.6248576e-05
70048,2.6248576e-05
70049,2.6248576e-05
70050,2.6248576e-05
70051,2.6248576e-05
70052,2.6248576e-05
70053,2.6248576e-05
70054,2.6248576e-05
70055,2.6248576e-05
70056,2.6248576e-05
70057,2.6248576e-05
70058,2.6248576e-05
70059,2.6248576e-05
70060,2.6248576e-05
70061,2.6248576e-05
70062,2.6248576e-05
70063,2.6248576e-05
70064,2.6248576e-05
70065,2.6248576e-05
70066,2.6248576e-05
70067,2.6248576e-05
70068,2.6248576e-05
70069,2.6248576e-05
70070,2.6248576e-05
70071,2.6248576e-05
70072,2.6248576e-05
70073,2.6248576e-05
70074,2.6248576e-05
70075,2.6248576e-05
70076,2.6248576e-05
70077,2.6248576e-05
70078,2.6248576e-05
70079,2.6248576e-05
70080,2.6248576e-05
70081,2.6248576e-05
70082,2.6248576e-05
70083,2.6248576e-05
70084,2.6248576e-05
70085,2.6248576e-05
70086,2.6248576e-05
70087,2.6248576e-05
70088,2.6248576e-05
70089,2.6248576e-05
70090,2.6248576e-05
70091,2.6248576e-05
70092,2.6248576e-05
70093,2.6248576e-05
70094,2.6248576e-05
70095,2.6248576e-05
70096,2.6248576e-05
70097,2.6248576e-05
70098,2.6248576e-05
70099,2.6248576e-05
70100,2.6248576e-05
70101,2.6248576e-05
70102,2.6248576e-05
70103,2.6248576e-05
70104,2.6248576e-05
70105,2.6248576e-05
70106,2.6248576e-05
70107,2.6248576e-05
70108,2.6248576e-05
70109,2.6248576e-05
70110,2.6248576e-05
70111,2.6248576e-05
70112,2.6248576e-05
70113,2.6248576e-05
70114,2.6248576e-05
70115,2.6248576e-05
70116,2.6248576e-05
70117,2.6248576e-05
70118,2.6248576e-05
70119,2.6248576e-05
70120,2.6248576e-05
70121,2.6248576e-05
70122,2.6248576e-05
70123,2.6248576e-05
70124,2.6248576e-05
70125,2.6248576e-05
70126,2.6248576e-05
70127,2.6248576e-05
70128,2.6248576e-05
70129,2.6248576e-05
70130,2.6248576e-05
70131,2.6248576e-05
70132,2.6248576e-05
70133,2.6248576e-05
70134,2.6248576e-05
70135,2.6248576e-05
70136,2.6248576e-05
70137,2.6248576e-05
70138,2.6248576e-05
70139,2.6248576e-05
70140,2.6248576e-05
70141,2.6248576e-05
70142,2.6248576e-05
70143,2.6248576e-05
70144,2.6248576e-05
70145,2.6248576e-05
70146,2.6248576e-05
70147,2.6248576e-05
70148,2.6248576e-05
70149,2.6248576e-05
70150,2.6248576e-05
70151,2.6248576e-05
70152,2.6248576e-05
70153,2.6248576e-05
70154,2.6248576e-05
70155,2.6248576e-05
70156,2.6248576e-05
70157,2.6248576e-05
70158,2.6248576e-05
70159,2.6248576e-05
70160,2.6248576e-05
70161,2.6248576e-05
70162,2.6248576e-05
70163,2.6248576e-05
70164,2.6248576e-05
70165,2.6248576e-05
70166,2.6248576e-05
70167,2.6248576e-05
70168,2.6248576e-05
70169,2.6248576e-05
70170,2.6248576e-05
70171,2.6248576e-05
70172,2.6248576e-05
70173,2.6248576e-05
70174,2.6248576e-05
70175,2.6248576e-05
70176,2.6248576e-05
70177,2.6248576e-05
70178,2.6248576e-05
70179,2.6248576e-05
70180,2.6248576e-05
70181,2.6248576e-05
70182,2.6248576e-05
70183,2.6248576e-05
70184,2.6248576e-05
70185,2.6248576e-05
70186,2.6248576e-05
70187,2.6248576e-05
70188,2.6248576e-05
70189,2.6248576e-05
70190,2.6248576e-05
70191,2.6248576e-05
70192,2.6248576e-05
70193,2.6248576e-05
70194,2.6248576e-05
70195,2.6248576e-05
70196,2.6248576e-05
70197,2.6248576e-05
70198,2.6248576e-05
70199,2.6248576e-05
70200,2.6248576e-05
70201,2.6248576e-05
70202,2.6248576e-05
70203,2.6248576e-05
70204,2.6248576e-05
70205,2.6248576e-05
70206,2.6248576e-05
70207,2.6248576e-05
70208,2.6248576e-05
70209,2.6248576e-05
70210,2.6248576e-05
70211,2.6248576e-05
70212,2.6248576e-05
70213,2.6248576e-05
70214,2.6248576e-05
70215,2.6248576e-05
70216,2.6248576e-05
70217,2.6248576e-05
70218,2.6248576e-05
70219,2.6248576e-05
70220,2.6248576e-05
70221,2.6248576e-05
70222,2.6248576e-05
70223,2.6248576e-05
70224,2.6248576e-05
70225,2.6248576e-05
70226,2.6248576e-05
70227,2.6248576e-05
70228,2.6248576e-05
70229,2.6248576e-05
70230,2.6248576e-05
70231,2.6248576e-05
70232,2.6248576e-05
70233,2.6248576e-05
70234,2.6248576e-05
70235,2.6248576e-05
70236,2.6248576e-05
70237,2.6248576e-05
70238,2.6248576e-05
70239,2.6248576e-05
70240,2.6248576e-05
70241,2.6248576e-05
70242,2.6248576e-05
70243,2.6248576e-05
70244,2.6248576e-05
70245,2.6248576e-05
70246,2.6248576e-05
70247,2.6248576e-05
70248,2.6248576e-05
70249,2.6248576e-05
70250,2.6248576e-05
70251,2.6248576e-05
70252,2.6248576e-05
70253,2.6248576e-05
70254,2.6248576e-05
70255,2.6248576e-05
70256,2.6248576e-05
70257,2.6248576e-05
70258,2.6248576e-05
70259,2.6248576e-05
70260,2.6248576e-05
70261,2.6248576e-05
70262,2.6248576e-05
70263,2.6248576e-05
70264,2.6248576e-05
70265,2.6248576e-05
70266,2.6248576e-05
70267,2.6248576e-05
70268,2.6248576e-05
70269,2.6248576e-05
70270,2.6248576e-05
70271,2.6248576e-05
70272,2.6248576e-05
70273,2.6248576e-05
70274,2.6248576e-05
70275,2.6248576e-05
70276,2.6248576e-05
70277,2.6248576e-05
70278,2.6248576e-05
70279,2.6248576e-05
70280,2.6248576e-05
70281,2.6248576e-05
70282,2.6248576e-05
70283,2.6248576e-05
70284,2.6248576e-05
70285,2.6248576e-05
70286,2.6248576e-05
70287,2.6248576e-05
70288,2.6248576e-05
70289,2.6248576e-05
70290,2.6248576e-05
70291,2.6248576e-05
70292,2.6248576e-05
70293,2.6248576e-05
70294,2.6248576e-05
70295,2.6248576e-05
70296,2.6248576e-05
70297,2.6248576e-05
70298,2.6248576e-05
70299,2.6248576e-05
70300,2.6248576e-05
70301,2.6248576e-05
70302,2.6248576e-05
70303,2.6248576e-05
70304,2.6248576e-05
70305,2.6248576e-05
70306,2.6248576e-05
70307,2.6248576e-05
70308,2.6248576e-05
70309,2.6248576e-05
70310,2.6248576e-05
70311,2.6248576e-05
70312,2.6248576e-05
70313,2.6248576e-05
70314,2.6248576e-05
70315,2.6248576e-05
70316,2.6248576e-05
70317,2.6248576e-05
70318,2.6248576e-05
70319,2.6248576e-05
70320,2.6248576e-05
70321,2.6248576e-05
70322,2.6248576e-05
70323,2.6248576e-05
70324,2.6248576e-05
70325,2.6248576e-05
70326,2.6248576e-05
70327,2.6248576e-05
70328,2.6248576e-05
70329,2.6248576e-05
70330,2.6248576e-05
70331,2.6248576e-05
70332,2.6248576e-05
70333,2.6248576e-05
70334,2.6248576e-05
70335,2.6248576e-05
70336,2.6248576e-05
70337,2.6248576e-05
70338,2.6248576e-05
70339,2.6248576e-05
70340,2.6248576e-05
70341,2.6248576e-05
70342,2.6248576e-05
70343,2.6248576e-05
70344,2.6248576e-05
70345,2.6248576e-05
70346,2.6248576e-05
70347,2.6248576e-05
70348,2.6248576e-05
70349,2.6248576e-05
70350,2.6248576e-05
70351,2.6248576e-05
70352,2.6248576e-05
70353,2.6248576e-05
70354,2.6248576e-05
70355,2.6248576e-05
70356,2.6248576e-05
70357,2.6248576e-05
70358,2.6248576e-05
70359,2.6248576e-05
70360,2.6248576e-05
70361,2.6248576e-05
70362,2.6248576e-05
70363,2.6248576e-05
70364,2.6248576e-05
70365,2.6248576e-05
70366,2.6248576e-05
70367,2.6248576e-05
70368,2.6248576e-05
70369,2.6248576e-05
70370,2.6248576e-05
70371,2.6248576e-05
70372,2.6248576e-05
70373,2.6248576e-05
70374,2.6248576e-05
70375,2.6248576e-05
70376,2.6248576e-05
70377,2.6248576e-05
70378,2.6248576e-05
70379,2.6248576e-05
70380,2.6248576e-05
70381,2.6248576e-05
70382,2.6248576e-05
70383,2.6248576e-05
70384,2.6248576e-05
70385,2.6248576e-05
70386,2.6248576e-05
70387,2.6248576e-05
70388,2.6248576e-05
70389,2.6248576e-05
70390,2.6248576e-05
70391,2.6248576e-05
70392,2.6248576e-05
70393,2.6248576e-05
70394,2.6248576e-05
70395,2.6248576e-05
70396,2.6248576e-05
70397,2.6248576e-05
70398,2.6248576e-05
70399,2.6248576e-05
70400,2.6248576e-05
70401,2.6248576e-05
70402,2.6248576e-05
70403,2.6248576e-05
70404,2.6248576e-05
70405,2.6248576e-05
70406,2.6248576e-05
70407,2.6248576e-05
70408,2.6248576e-05
70409,2.6248576e-05
70410,2.6248576e-05
70411,2.6248576e-05
70412,2.6248576e-05
70413,2.6248576e-05
70414,2.6248576e-05
70415,2.6248576e-05
70416,2.6248576e-05
70417,2.6248576e-05
70418,2.6248576e-05
70419,2.6248576e-05
70420,2.6248576e-05
70421,2.6248576e-05
70422,2.6248576e-05
70423,2.6248576e-05
70424,2.6248576e-05
70425,2.6248576e-05
70426,2.6248576e-05
70427,2.6248576e-05
70428,2.6248576e-05
70429,2.6248576e-05
70430,2.6248576e-05
70431,2.6248576e-05
70432,2.6248576e-05
70433,2.6248576e-05
70434,2.6248576e-05
70435,2.6248576e-05
70436,2.6248576e-05
70437,2.6248576e-05
70438,2.6248576e-05
70439,2.6248576e-05
70440,2.6248576e-05
70441,2.6248576e-05
70442,2.6248576e-05
70443,2.6248576e-05
70444,2.6248576e-05
70445,2.6248576e-05
70446,2.6248576e-05
70447,2.6248576e-05
70448,2.6248576e-05
70449,2.6248576e-05
70450,2.6248576e-05
70451,2.6248576e-05
70452,2.6248576e-05
70453,2.6248576e-05
70454,2.6248576e-05
70455,2.6248576e-05
70456,2.6248576e-05
70457,2.6248576e-05
70458,2.6248576e-05
70459,2.6248576e-05
70460,2.6248576e-05
70461,2.6248576e-05
70462,2.6248576e-05
70463,2.6248576e-05
70464,2.6248576e-05
70465,2.6248576e-05
70466,2.6248576e-05
70467,2.6248576e-05
70468,2.6248576e-05
70469,2.6248576e-05
70470,2.6248576e-05
70471,2.6248576e-05
70472,2.6248576e-05
70473,2.6248576e-05
70474,2.6248576e-05
70475,2.6248576e-05
70476,2.6248576e-05
70477,2.6248576e-05
70478,2.6248576e-05
70479,2.6248576e-05
70480,2.6248576e-05
70481,2.6248576e-05
70482,2.6248576e-05
70483,2.6248576e-05
70484,2.6248576e-05
70485,2.6248576e-05
70486,2.6248576e-05
70487,2.6248576e-05
70488,2.6248576e-05
70489,2.6248576e-05
70490,2.6248576e-05
70491,2.6248576e-05
70492,2.6248576e-05
70493,2.6248576e-05
70494,2.6248576e-05
70495,2.6248576e-05
70496,2.6248576e-05
70497,2.6248576e-05
70498,2.6248576e-05
70499,2.6248576e-05
70500,2.6248576e-05
70501,2.6248576e-05
70502,2.6248576e-05
70503,2.6248576e-05
70504,2.6248576e-05
70505,2.6248576e-05
70506,2.6248576e-05
70507,2.6248576e-05
70508,2.6248576e-05
70509,2.6248576e-05
70510,2.6248576e-05
70511,2.6248576e-05
70512,2.6248576e-05
70513,2.6248576e-05
70514,2.6248576e-05
70515,2.6248576e-05
70516,2.6248576e-05
70517,2.6248576e-05
70518,2.6248576e-05
70519,2.6248576e-05
70520,2.6248576e-05
70521,2.6248576e-05
70522,2.6248576e-05
70523,2.6248576e-05
70524,2.6248576e-05
70525,2.6248576e-05
70526,2.6248576e-05
70527,2.6248576e-05
70528,2.6248576e-05
70529,2.6248576e-05
70530,2.6248576e-05
70531,2.6248576e-05
70532,2.6248576e-05
70533,2.6248576e-05
70534,2.6248576e-05
70535,2.6248576e-05
70536,2.6248576e-05
70537,2.6248576e-05
70538,2.6248576e-05
70539,2.6248576e-05
70540,2.6248576e-05
70541,2.6248576e-05
70542,2.6248576e-05
70543,2.6248576e-05
70544,2.6248576e-05
70545,2.6248576e-05
70546,2.6248576e-05
70547,2.6248576e-05
70548,2.6248576e-05
70549,2.6248576e-05
70550,2.6248576e-05
70551,2.6248576e-05
70552,2.6248576e-05
70553,2.6248576e-05
70554,2.6248576e-05
70555,2.6248576e-05
70556,2.6248576e-05
70557,2.6248576e-05
70558,2.6248576e-05
70559,2.6248576e-05
70560,2.6248576e-05
70561,2.6248576e-05
70562,2.6248576e-05
70563,2.6248576e-05
70564,2.6248576e-05
70565,2.6248576e-05
70566,2.6248576e-05
70567,2.6248576e-05
70568,2.6248576e-05
70569,2.6248576e-05
70570,2.6248576e-05
70571,2.6248576e-05
70572,2.6248576e-05
70573,2.6248576e-05
70574,2.6248576e-05
70575,2.6248576e-05
70576,2.6248576e-05
70577,2.6248576e-05
70578,2.6248576e-05
70579,2.6248576e-05
70580,2.6248576e-05
70581,2.6248576e-05
70582,2.6248576e-05
70583,2.6248576e-05
70584,2.6248576e-05
70585,2.6248576e-05
70586,2.6248576e-05
70587,2.6248576e-05
70588,2.6248576e-05
70589,2.6248576e-05
70590,2.6248576e-05
70591,2.6248576e-05
70592,2.6248576e-05
70593,2.6248576e-05
70594,2.6248576e-05
70595,2.6248576e-05
70596,2.6248576e-05
70597,2.6248576e-05
70598,2.6248576e-05
70599,2.6248576e-05
70600,2.6248576e-05
70601,2.6248576e-05
70602,2.6248576e-05
70603,2.6248576e-05
70604,2.6248576e-05
70605,2.6248576e-05
70606,2.6248576e-05
70607,2.6248576e-05
70608,2.6248576e-05
70609,2.6248576e-05
70610,2.6248576e-05
70611,2.6248576e-05
70612,2.6248576e-05
70613,2.6248576e-05
70614,2.6248576e-05
70615,2.6248576e-05
70616,2.6248576e-05
70617,2.6248576e-05
70618,2.6248576e-05
70619,2.6248576e-05
70620,2.6248576e-05
70621,2.6248576e-05
70622,2.6248576e-05
70623,2.6248576e-05
70624,2.6248576e-05
70625,2.6248576e-05
70626,2.6248576e-05
70627,2.6248576e-05
70628,2.6248576e-05
70629,2.6248576e-05
70630,2.6248576e-05
70631,2.6248576e-05
70632,2.6248576e-05
70633,2.6248576e-05
70634,2.6248576e-05
70635,2.6248576e-05
70636,2.6248576e-05
70637,2.6248576e-05
70638,2.6248576e-05
70639,2.6248576e-05
70640,2.6248576e-05
70641,2.6248576e-05
70642,2.6248576e-05
70643,2.6248576e-05
70644,2.6248576e-05
70645,2.6248576e-05
70646,2.6248576e-05
70647,2.6248576e-05
70648,2.6248576e-05
70649,2.6248576e-05
70650,2.6248576e-05
70651,2.6248576e-05
70652,2.6248576e-05
70653,2.6248576e-05
70654,2.6248576e-05
70655,2.6248576e-05
70656,2.6248576e-05
70657,2.6248576e-05
70658,2.6248576e-05
70659,2.6248576e-05
70660,2.6248576e-05
70661,2.6248576e-05
70662,2.6248576e-05
70663,2.6248576e-05
70664,2.6248576e-05
70665,2.6248576e-05
70666,2.6248576e-05
70667,2.6248576e-05
70668,2.6248576e-05
70669,2.6248576e-05
70670,2.6248576e-05
70671,2.6248576e-05
70672,2.6248576e-05
70673,2.6248576e-05
70674,2.6248576e-05
70675,2.6248576e-05
70676,2.6248576e-05
70677,2.6248576e-05
70678,2.6248576e-05
70679,2.6248576e-05
70680,2.6248576e-05
70681,2.6248576e-05
70682,2.6248576e-05
70683,2.6248576e-05
70684,2.6248576e-05
70685,2.6248576e-05
70686,2.6248576e-05
70687,2.6248576e-05
70688,2.6248576e-05
70689,2.6248576e-05
70690,2.6248576e-05
70691,2.6248576e-05
70692,2.6248576e-05
70693,2.6248576e-05
70694,2.6248576e-05
70695,2.6248576e-05
70696,2.6248576e-05
70697,2.6248576e-05
70698,2.6248576e-05
70699,2.6248576e-05
70700,2.6248576e-05
70701,2.6248576e-05
70702,2.6248576e-05
70703,2.6248576e-05
70704,2.6248576e-05
70705,2.6248576e-05
70706,2.6248576e-05
70707,2.6248576e-05
70708,2.6248576e-05
70709,2.6248576e-05
70710,2.6248576e-05
70711,2.6248576e-05
70712,2.6248576e-05
70713,2.6248576e-05
70714,2.6248576e-05
70715,2.6248576e-05
70716,2.6248576e-05
70717,2.6248576e-05
70718,2.6248576e-05
70719,2.6248576e-05
70720,2.6248576e-05
70721,2.6248576e-05
70722,2.6248576e-05
70723,2.6248576e-05
70724,2.6248576e-05
70725,2.6248576e-05
70726,2.6248576e-05
70727,2.6248576e-05
70728,2.6248576e-05
70729,2.6248576e-05
70730,2.6248576e-05
70731,2.6248576e-05
70732,2.6248576e-05
70733,2.6248576e-05
70734,2.6248576e-05
70735,2.6248576e-05
70736,2.6248576e-05
70737,2.6248576e-05
70738,2.6248576e-05
70739,2.6248576e-05
70740,2.6248576e-05
70741,2.6248576e-05
70742,2.6248576e-05
70743,2.6248576e-05
70744,2.6248576e-05
70745,2.6248576e-05
70746,2.6248576e-05
70747,2.6248576e-05
70748,2.6248576e-05
70749,2.6248576e-05
70750,2.6248576e-05
70751,2.6248576e-05
70752,2.6248576e-05
70753,2.6248576e-05
70754,2.6248576e-05
70755,2.6248576e-05
70756,2.6248576e-05
70757,2.6248576e-05
70758,2.6248576e-05
70759,2.6248576e-05
70760,2.6248576e-05
70761,2.6248576e-05
70762,2.6248576e-05
70763,2.6248576e-05
70764,2.6248576e-05
70765,2.6248576e-05
70766,2.6248576e-05
70767,2.6248576e-05
70768,2.6248576e-05
70769,2.6248576e-05
70770,2.6248576e-05
70771,2.6248576e-05
70772,2.6248576e-05
70773,2.6248576e-05
70774,2.6248576e-05
70775,2.6248576e-05
70776,2.6248576e-05
70777,2.6248576e-05
70778,2.6248576e-05
70779,2.6248576e-05
70780,2.6248576e-05
70781,2.6248576e-05
70782,2.6248576e-05
70783,2.6248576e-05
70784,2.6248576e-05
70785,2.6248576e-05
70786,2.6248576e-05
70787,2.6248576e-05
70788,2.6248576e-05
70789,2.6248576e-05
70790,2.6248576e-05
70791,2.6248576e-05
70792,2.6248576e-05
70793,2.6248576e-05
70794,2.6248576e-05
70795,2.6248576e-05
70796,2.6248576e-05
70797,2.6248576e-05
70798,2.6248576e-05
70799,2.6248576e-05
70800,2.6248576e-05
70801,2.6248576e-05
70802,2.6248576e-05
70803,2.6248576e-05
70804,2.6248576e-05
70805,2.6248576e-05
70806,2.6248576e-05
70807,2.6248576e-05
70808,2.6248576e-05
70809,2.6248576e-05
70810,2.6248576e-05
70811,2.6248576e-05
70812,2.6248576e-05
70813,2.6248576e-05
70814,2.6248576e-05
70815,2.6248576e-05
70816,2.6248576e-05
70817,2.6248576e-05
70818,2.6248576e-05
70819,2.6248576e-05
70820,2.6248576e-05
70821,2.6248576e-05
70822,2.6248576e-05
70823,2.6248576e-05
70824,2.6248576e-05
70825,2.6248576e-05
70826,2.6248576e-05
70827,2.6248576e-05
70828,2.6248576e-05
70829,2.6248576e-05
70830,2.6248576e-05
70831,2.6248576e-05
70832,2.6248576e-05
70833,2.6248576e-05
70834,2.6248576e-05
70835,2.6248576e-05
70836,2.6248576e-05
70837,2.6248576e-05
70838,2.6248576e-05
70839,2.6248576e-05
70840,2.6248576e-05
70841,2.6248576e-05
70842,2.6248576e-05
70843,2.6248576e-05
70844,2.6248576e-05
70845,2.6248576e-05
70846,2.6248576e-05
70847,2.6248576e-05
70848,2.6248576e-05
70849,2.6248576e-05
70850,2.6248576e-05
70851,2.6248576e-05
70852,2.6248576e-05
70853,2.6248576e-05
70854,2.6248576e-05
70855,2.6248576e-05
70856,2.6248576e-05
70857,2.6248576e-05
70858,2.6248576e-05
70859,2.6248576e-05
70860,2.6248576e-05
70861,2.6248576e-05
70862,2.6248576e-05
70863,2.6248576e-05
70864,2.6248576e-05
70865,2.6248576e-05
70866,2.6248576e-05
70867,2.6248576e-05
70868,2.6248576e-05
70869,2.6248576e-05
70870,2.6248576e-05
70871,2.6248576e-05
70872,2.6248576e-05
70873,2.6248576e-05
70874,2.6248576e-05
70875,2.6248576e-05
70876,2.6248576e-05
70877,2.6248576e-05
70878,2.6248576e-05
70879,2.6248576e-05
70880,2.6248576e-05
70881,2.6248576e-05
70882,2.6248576e-05
70883,2.6248576e-05
70884,2.6248576e-05
70885,2.6248576e-05
70886,2.6248576e-05
70887,2.6248576e-05
70888,2.6248576e-05
70889,2.6248576e-05
70890,2.6248576e-05
70891,2.6248576e-05
70892,2.6248576e-05
70893,2.6248576e-05
70894,2.6248576e-05
70895,2.6248576e-05
70896,2.6248576e-05
70897,2.6248576e-05
70898,2.6248576e-05
70899,2.6248576e-05
70900,2.6248576e-05
70901,2.6248576e-05
70902,2.6248576e-05
70903,2.6248576e-05
70904,2.6248576e-05
70905,2.6248576e-05
70906,2.6248576e-05
70907,2.6248576e-05
70908,2.6248576e-05
70909,2.6248576e-05
70910,2.6248576e-05
70911,2.6248576e-05
70912,2.6248576e-05
70913,2.6248576e-05
70914,2.6248576e-05
70915,2.6248576e-05
70916,2.6248576e-05
70917,2.6248576e-05
70918,2.6248576e-05
70919,2.6248576e-05
70920,2.6248576e-05
70921,2.6248576e-05
70922,2.6248576e-05
70923,2.6248576e-05
70924,2.6248576e-05
70925,2.6248576e-05
70926,2.6248576e-05
70927,2.6248576e-05
70928,2.6248576e-05
70929,2.6248576e-05
70930,2.6248576e-05
70931,2.6248576e-05
70932,2.6248576e-05
70933,2.6248576e-05
70934,2.6248576e-05
70935,2.6248576e-05
70936,2.6248576e-05
70937,2.6248576e-05
70938,2.6248576e-05
70939,2.6248576e-05
70940,2.6248576e-05
70941,2.6248576e-05
70942,2.6248576e-05
70943,2.6248576e-05
70944,2.6248576e-05
70945,2.6248576e-05
70946,2.6248576e-05
70947,2.6248576e-05
70948,2.6248576e-05
70949,2.6248576e-05
70950,2.6248576e-05
70951,2.6248576e-05
70952,2.6248576e-05
70953,2.6248576e-05
70954,2.6248576e-05
70955,2.6248576e-05
70956,2.6248576e-05
70957,2.6248576e-05
70958,2.6248576e-05
70959,2.6248576e-05
70960,2.6248576e-05
70961,2.6248576e-05
70962,2.6248576e-05
70963,2.6248576e-05
70964,2.6248576e-05
70965,2.6248576e-05
70966,2.6248576e-05
70967,2.6248576e-05
70968,2.6248576e-05
70969,2.6248576e-05
70970,2.6248576e-05
70971,2.6248576e-05
70972,2.6248576e-05
70973,2.6248576e-05
70974,2.6248576e-05
70975,2.6248576e-05
70976,2.6248576e-05
70977,2.6248576e-05
70978,2.6248576e-05
70979,2.6248576e-05
70980,2.6248576e-05
70981,2.6248576e-05
70982,2.6248576e-05
70983,2.6248576e-05
70984,2.6248576e-05
70985,2.6248576e-05
70986,2.6248576e-05
70987,2.6248576e-05
70988,2.6248576e-05
70989,2.6248576e-05
70990,2.6248576e-05
70991,2.6248576e-05
70992,2.6248576e-05
70993,2.6248576e-05
70994,2.6248576e-05
70995,2.6248576e-05
70996,2.6248576e-05
70997,2.6248576e-05
70998,2.6248576e-05
70999,2.6248576e-05
71000,2.6248576e-05
71001,2.6248576e-05
71002,2.6248576e-05
71003,2.6248576e-05
71004,2.6248576e-05
71005,2.6248576e-05
71006,2.6248576e-05
71007,2.6248576e-05
71008,2.6248576e-05
71009,2.6248576e-05
71010,2.6248576e-05
71011,2.6248576e-05
71012,2.6248576e-05
71013,2.6248576e-05
71014,2.6248576e-05
71015,2.6248576e-05
71016,2.6248576e-05
71017,2.6248576e-05
71018,2.6248576e-05
71019,2.6248576e-05
71020,2.6248576e-05
71021,2.6248576e-05
71022,2.6248576e-05
71023,2.6248576e-05
71024,2.6248576e-05
71025,2.6248576e-05
71026,2.6248576e-05
71027,2.6248576e-05
71028,2.6248576e-05
71029,2.6248576e-05
71030,2.6248576e-05
71031,2.6248576e-05
71032,2.6248576e-05
71033,2.6248576e-05
71034,2.6248576e-05
71035,2.6248576e-05
71036,2.6248576e-05
71037,2.6248576e-05
71038,2.6248576e-05
71039,2.6248576e-05
71040,2.6248576e-05
71041,2.6248576e-05
71042,2.6248576e-05
71043,2.6248576e-05
71044,2.6248576e-05
71045,2.6248576e-05
71046,2.6248576e-05
71047,2.6248576e-05
71048,2.6248576e-05
71049,2.6248576e-05
71050,2.6248576e-05
71051,2.6248576e-05
71052,2.6248576e-05
71053,2.6248576e-05
71054,2.6248576e-05
71055,2.6248576e-05
71056,2.6248576e-05
71057,2.6248576e-05
71058,2.6248576e-05
71059,2.6248576e-05
71060,2.6248576e-05
71061,2.6248576e-05
71062,2.6248576e-05
71063,2.6248576e-05
71064,2.6248576e-05
71065,2.6248576e-05
71066,2.6248576e-05
71067,2.6248576e-05
71068,2.6248576e-05
71069,2.6248576e-05
71070,2.6248576e-05
71071,2.6248576e-05
71072,2.6248576e-05
71073,2.6248576e-05
71074,2.6248576e-05
71075,2.6248576e-05
71076,2.6248576e-05
71077,2.6248576e-05
71078,2.6248576e-05
71079,2.6248576e-05
71080,2.6248576e-05
71081,2.6248576e-05
71082,2.6248576e-05
71083,2.6248576e-05
71084,2.6248576e-05
71085,2.6248576e-05
71086,2.6248576e-05
71087,2.6248576e-05
71088,2.6248576e-05
71089,2.6248576e-05
71090,2.6248576e-05
71091,2.6248576e-05
71092,2.6248576e-05
71093,2.6248576e-05
71094,2.6248576e-05
71095,2.6248576e-05
71096,2.6248576e-05
71097,2.6248576e-05
71098,2.6248576e-05
71099,2.6248576e-05
71100,2.6248576e-05
71101,2.6248576e-05
71102,2.6248576e-05
71103,2.6248576e-05
71104,2.6248576e-05
71105,2.6248576e-05
71106,2.6248576e-05
71107,2.6248576e-05
71108,2.6248576e-05
71109,2.6248576e-05
71110,2.6248576e-05
71111,2.6248576e-05
71112,2.6248576e-05
71113,2.6248576e-05
71114,2.6248576e-05
71115,2.6248576e-05
71116,2.6248576e-05
71117,2.6248576e-05
71118,2.6248576e-05
71119,2.6248576e-05
71120,2.6248576e-05
71121,2.6248576e-05
71122,2.6248576e-05
71123,2.6248576e-05
71124,2.6248576e-05
71125,2.6248576e-05
71126,2.6248576e-05
71127,2.6248576e-05
71128,2.6248576e-05
71129,2.6248576e-05
71130,2.6248576e-05
71131,2.6248576e-05
71132,2.6248576e-05
71133,2.6248576e-05
71134,2.6248576e-05
71135,2.6248576e-05
71136,2.6248576e-05
71137,2.6248576e-05
71138,2.6248576e-05
71139,2.6248576e-05
71140,2.6248576e-05
71141,2.6248576e-05
71142,2.6248576e-05
71143,2.6248576e-05
71144,2.6248576e-05
71145,2.6248576e-05
71146,2.6248576e-05
71147,2.6248576e-05
71148,2.6248576e-05
71149,2.6248576e-05
71150,2.6248576e-05
71151,2.6248576e-05
71152,2.6248576e-05
71153,2.6248576e-05
71154,2.6248576e-05
71155,2.6248576e-05
71156,2.6248576e-05
71157,2.6248576e-05
71158,2.6248576e-05
71159,2.6248576e-05
71160,2.6248576e-05
71161,2.6248576e-05
71162,2.6248576e-05
71163,2.6248576e-05
71164,2.6248576e-05
71165,2.6248576e-05
71166,2.6248576e-05
71167,2.6248576e-05
71168,2.6248576e-05
71169,2.6248576e-05
71170,2.6248576e-05
71171,2.6248576e-05
71172,2.6248576e-05
71173,2.6248576e-05
71174,2.6248576e-05
71175,2.6248576e-05
71176,2.6248576e-05
71177,2.6248576e-05
71178,2.6248576e-05
71179,2.6248576e-05
71180,2.6248576e-05
71181,2.6248576e-05
71182,2.6248576e-05
71183,2.6248576e-05
71184,2.6248576e-05
71185,2.6248576e-05
71186,2.6248576e-05
71187,2.6248576e-05
71188,2.6248576e-05
71189,2.6248576e-05
71190,2.6248576e-05
71191,2.6248576e-05
71192,2.6248576e-05
71193,2.6248576e-05
71194,2.6248576e-05
71195,2.6248576e-05
71196,2.6248576e-05
71197,2.6248576e-05
71198,2.6248576e-05
71199,2.6248576e-05
71200,2.6248576e-05
71201,2.6248576e-05
71202,2.6248576e-05
71203,2.6248576e-05
71204,2.6248576e-05
71205,2.6248576e-05
71206,2.6248576e-05
71207,2.6248576e-05
71208,2.6248576e-05
71209,2.6248576e-05
71210,2.6248576e-05
71211,2.6248576e-05
71212,2.6248576e-05
71213,2.6248576e-05
71214,2.6248576e-05
71215,2.6248576e-05
71216,2.6248576e-05
71217,2.6248576e-05
71218,2.6248576e-05
71219,2.6248576e-05
71220,2.6248576e-05
71221,2.6248576e-05
71222,2.6248576e-05
71223,2.6248576e-05
71224,2.6248576e-05
71225,2.6248576e-05
71226,2.6248576e-05
71227,2.6248576e-05
71228,2.6248576e-05
71229,2.6248576e-05
71230,2.6248576e-05
71231,2.6248576e-05
71232,2.6248576e-05
71233,2.6248576e-05
71234,2.6248576e-05
71235,2.6248576e-05
71236,2.6248576e-05
71237,2.6248576e-05
71238,2.6248576e-05
71239,2.6248576e-05
71240,2.6248576e-05
71241,2.6248576e-05
71242,2.6248576e-05
71243,2.6248576e-05
71244,2.6248576e-05
71245,2.6248576e-05
71246,2.6248576e-05
71247,2.6248576e-05
71248,2.6248576e-05
71249,2.6248576e-05
71250,2.6248576e-05
71251,2.6248576e-05
71252,2.6248576e-05
71253,2.6248576e-05
71254,2.6248576e-05
71255,2.6248576e-05
71256,2.6248576e-05
71257,2.6248576e-05
71258,2.6248576e-05
71259,2.6248576e-05
71260,2.6248576e-05
71261,2.6248576e-05
71262,2.6248576e-05
71263,2.6248576e-05
71264,2.6248576e-05
71265,2.6248576e-05
71266,2.6248576e-05
71267,2.6248576e-05
71268,2.6248576e-05
71269,2.6248576e-05
71270,2.6248576e-05
71271,2.6248576e-05
71272,2.6248576e-05
71273,2.6248576e-05
71274,2.6248576e-05
71275,2.6248576e-05
71276,2.6248576e-05
71277,2.6248576e-05
71278,2.6248576e-05
71279,2.6248576e-05
71280,2.6248576e-05
71281,2.6248576e-05
71282,2.6248576e-05
71283,2.6248576e-05
71284,2.6248576e-05
71285,2.6248576e-05
71286,2.6248576e-05
71287,2.6248576e-05
71288,2.6248576e-05
71289,2.6248576e-05
71290,2.6248576e-05
71291,2.6248576e-05
71292,2.6248576e-05
71293,2.6248576e-05
71294,2.6248576e-05
71295,2.6248576e-05
71296,2.6248576e-05
71297,2.6248576e-05
71298,2.6248576e-05
71299,2.6248576e-05
71300,2.6248576e-05
71301,2.6248576e-05
71302,2.6248576e-05
71303,2.6248576e-05
71304,2.6248576e-05
71305,2.6248576e-05
71306,2.6248576e-05
71307,2.6248576e-05
71308,2.6248576e-05
71309,2.6248576e-05
71310,2.6248576e-05
71311,2.6248576e-05
71312,2.6248576e-05
71313,2.6248576e-05
71314,2.6248576e-05
71315,2.6248576e-05
71316,2.6248576e-05
71317,2.6248576e-05
71318,2.6248576e-05
71319,2.6248576e-05
71320,2.6248576e-05
71321,2.6248576e-05
71322,2.6248576e-05
71323,2.6248576e-05
71324,2.6248576e-05
71325,2.6248576e-05
71326,2.6248576e-05
71327,2.6248576e-05
71328,2.6248576e-05
71329,2.6248576e-05
71330,2.6248576e-05
71331,2.6248576e-05
71332,2.6248576e-05
71333,2.6248576e-05
71334,2.6248576e-05
71335,2.6248576e-05
71336,2.6248576e-05
71337,2.6248576e-05
71338,2.6248576e-05
71339,2.6248576e-05
71340,2.6248576e-05
71341,2.6248576e-05
71342,2.6248576e-05
71343,2.6248576e-05
71344,2.6248576e-05
71345,2.6248576e-05
71346,2.6248576e-05
71347,2.6248576e-05
71348,2.6248576e-05
71349,2.6248576e-05
71350,2.6248576e-05
71351,2.6248576e-05
71352,2.6248576e-05
71353,2.6248576e-05
71354,2.6248576e-05
71355,2.6248576e-05
71356,2.6248576e-05
71357,2.6248576e-05
71358,2.6248576e-05
71359,2.6248576e-05
71360,2.6248576e-05
71361,2.6248576e-05
71362,2.6248576e-05
71363,2.6248576e-05
71364,2.6248576e-05
71365,2.6248576e-05
71366,2.6248576e-05
71367,2.6248576e-05
71368,2.6248576e-05
71369,2.6248576e-05
71370,2.6248576e-05
71371,2.6248576e-05
71372,2.6248576e-05
71373,2.6248576e-05
71374,2.6248576e-05
71375,2.6248576e-05
71376,2.6248576e-05
71377,2.6248576e-05
71378,2.6248576e-05
71379,2.6248576e-05
71380,2.6248576e-05
71381,2.6248576e-05
71382,2.6248576e-05
71383,2.6248576e-05
71384,2.6248576e-05
71385,2.6248576e-05
71386,2.6248576e-05
71387,2.6248576e-05
71388,2.6248576e-05
71389,2.6248576e-05
71390,2.6248576e-05
71391,2.6248576e-05
71392,2.6248576e-05
71393,2.6248576e-05
71394,2.6248576e-05
71395,2.6248576e-05
71396,2.6248576e-05
71397,2.6248576e-05
71398,2.6248576e-05
71399,2.6248576e-05
71400,2.6248576e-05
71401,2.6248576e-05
71402,2.6248576e-05
71403,2.6248576e-05
71404,2.6248576e-05
71405,2.6248576e-05
71406,2.6248576e-05
71407,2.6248576e-05
71408,2.6248576e-05
71409,2.6248576e-05
71410,2.6248576e-05
71411,2.6248576e-05
71412,2.6248576e-05
71413,2.6248576e-05
71414,2.6248576e-05
71415,2.6248576e-05
71416,2.6248576e-05
71417,2.6248576e-05
71418,2.6248576e-05
71419,2.6248576e-05
71420,2.6248576e-05
71421,2.6248576e-05
71422,2.6248576e-05
71423,2.6248576e-05
71424,2.6248576e-05
71425,2.6248576e-05
71426,2.6248576e-05
71427,2.6248576e-05
71428,2.6248576e-05
71429,2.6248576e-05
71430,2.6248576e-05
71431,2.6248576e-05
71432,2.6248576e-05
71433,2.6248576e-05
71434,2.6248576e-05
71435,2.6248576e-05
71436,2.6248576e-05
71437,2.6248576e-05
71438,2.6248576e-05
71439,2.6248576e-05
71440,2.6248576e-05
71441,2.6248576e-05
71442,2.6248576e-05
71443,2.6248576e-05
71444,2.6248576e-05
71445,2.6248576e-05
71446,2.6248576e-05
71447,2.6248576e-05
71448,2.6248576e-05
71449,2.6248576e-05
71450,2.6248576e-05
71451,2.6248576e-05
71452,2.6248576e-05
71453,2.6248576e-05
71454,2.6248576e-05
71455,2.6248576e-05
71456,2.6248576e-05
71457,2.6248576e-05
71458,2.6248576e-05
71459,2.6248576e-05
71460,2.6248576e-05
71461,2.6248576e-05
71462,2.6248576e-05
71463,2.6248576e-05
71464,2.6248576e-05
71465,2.6248576e-05
71466,2.6248576e-05
71467,2.6248576e-05
71468,2.6248576e-05
71469,2.6248576e-05
71470,2.6248576e-05
71471,2.6248576e-05
71472,2.6248576e-05
71473,2.6248576e-05
71474,2.6248576e-05
71475,2.6248576e-05
71476,2.6248576e-05
71477,2.6248576e-05
71478,2.6248576e-05
71479,2.6248576e-05
71480,2.6248576e-05
71481,2.6248576e-05
71482,2.6248576e-05
71483,2.6248576e-05
71484,2.6248576e-05
71485,2.6248576e-05
71486,2.6248576e-05
71487,2.6248576e-05
71488,2.6248576e-05
71489,2.6248576e-05
71490,2.6248576e-05
71491,2.6248576e-05
71492,2.6248576e-05
71493,2.6248576e-05
71494,2.6248576e-05
71495,2.6248576e-05
71496,2.6248576e-05
71497,2.6248576e-05
71498,2.6248576e-05
71499,2.6248576e-05
71500,2.6248576e-05
71501,2.6248576e-05
71502,2.6248576e-05
71503,2.6248576e-05
71504,2.6248576e-05
71505,2.6248576e-05
71506,2.6248576e-05
71507,2.6248576e-05
71508,2.6248576e-05
71509,2.6248576e-05
71510,2.6248576e-05
71511,2.6248576e-05
71512,2.6248576e-05
71513,2.6248576e-05
71514,2.6248576e-05
71515,2.6248576e-05
71516,2.6248576e-05
71517,2.6248576e-05
71518,2.6248576e-05
71519,2.6248576e-05
71520,2.6248576e-05
71521,2.6248576e-05
71522,2.6248576e-05
71523,2.6248576e-05
71524,2.6248576e-05
71525,2.6248576e-05
71526,2.6248576e-05
71527,2.6248576e-05
71528,2.6248576e-05
71529,2.6248576e-05
71530,2.6248576e-05
71531,2.6248576e-05
71532,2.6248576e-05
71533,2.6248576e-05
71534,2.6248576e-05
71535,2.6248576e-05
71536,2.6248576e-05
71537,2.6248576e-05
71538,2.6248576e-05
71539,2.6248576e-05
71540,2.6248576e-05
71541,2.6248576e-05
71542,2.6248576e-05
71543,2.6248576e-05
71544,2.6248576e-05
71545,2.6248576e-05
71546,2.6248576e-05
71547,2.6248576e-05
71548,2.6248576e-05
71549,2.6248576e-05
71550,2.6248576e-05
71551,2.6248576e-05
71552,2.6248576e-05
71553,2.6248576e-05
71554,2.6248576e-05
71555,2.6248576e-05
71556,2.6248576e-05
71557,2.6248576e-05
71558,2.6248576e-05
71559,2.6248576e-05
71560,2.6248576e-05
71561,2.6248576e-05
71562,2.6248576e-05
71563,2.6248576e-05
71564,2.6248576e-05
71565,2.6248576e-05
71566,2.6248576e-05
71567,2.6248576e-05
71568,2.6248576e-05
71569,2.6248576e-05
71570,2.6248576e-05
71571,2.6248576e-05
71572,2.6248576e-05
71573,2.6248576e-05
71574,2.6248576e-05
71575,2.6248576e-05
71576,2.6248576e-05
71577,2.6248576e-05
71578,2.6248576e-05
71579,2.6248576e-05
71580,2.6248576e-05
71581,2.6248576e-05
71582,2.6248576e-05
71583,2.6248576e-05
71584,2.6248576e-05
71585,2.6248576e-05
71586,2.6248576e-05
71587,2.6248576e-05
71588,2.6248576e-05
71589,2.6248576e-05
71590,2.6248576e-05
71591,2.6248576e-05
71592,2.6248576e-05
71593,2.6248576e-05
71594,2.6248576e-05
71595,2.6248576e-05
71596,2.6248576e-05
71597,2.6248576e-05
71598,2.6248576e-05
71599,2.6248576e-05
71600,2.6248576e-05
71601,2.6248576e-05
71602,2.6248576e-05
71603,2.6248576e-05
71604,2.6248576e-05
71605,2.6248576e-05
71606,2.6248576e-05
71607,2.6248576e-05
71608,2.6248576e-05
71609,2.6248576e-05
71610,2.6248576e-05
71611,2.6248576e-05
71612,2.6248576e-05
71613,2.6248576e-05
71614,2.6248576e-05
71615,2.6248576e-05
71616,2.6248576e-05
71617,2.6248576e-05
71618,2.6248576e-05
71619,2.6248576e-05
71620,2.6248576e-05
71621,2.6248576e-05
71622,2.6248576e-05
71623,2.6248576e-05
71624,2.6248576e-05
71625,2.6248576e-05
71626,2.6248576e-05
71627,2.6248576e-05
71628,2.6248576e-05
71629,2.6248576e-05
71630,2.6248576e-05
71631,2.6248576e-05
71632,2.6248576e-05
71633,2.6248576e-05
71634,2.6248576e-05
71635,2.6248576e-05
71636,2.6248576e-05
71637,2.6248576e-05
71638,2.6248576e-05
71639,2.6248576e-05
71640,2.6248576e-05
71641,2.6248576e-05
71642,2.6248576e-05
71643,2.6248576e-05
71644,2.6248576e-05
71645,2.6248576e-05
71646,2.6248576e-05
71647,2.6248576e-05
71648,2.6248576e-05
71649,2.6248576e-05
71650,2.6248576e-05
71651,2.6248576e-05
71652,2.6248576e-05
71653,2.6248576e-05
71654,2.6248576e-05
71655,2.6248576e-05
71656,2.6248576e-05
71657,2.6248576e-05
71658,2.6248576e-05
71659,2.6248576e-05
71660,2.6248576e-05
71661,2.6248576e-05
71662,2.6248576e-05
71663,2.6248576e-05
71664,2.6248576e-05
71665,2.6248576e-05
71666,2.6248576e-05
71667,2.6248576e-05
71668,2.6248576e-05
71669,2.6248576e-05
71670,2.6248576e-05
71671,2.6248576e-05
71672,2.6248576e-05
71673,2.6248576e-05
71674,2.6248576e-05
71675,2.6248576e-05
71676,2.6248576e-05
71677,2.6248576e-05
71678,2.6248576e-05
71679,2.6248576e-05
71680,2.6248576e-05
71681,2.6248576e-05
71682,2.6248576e-05
71683,2.6248576e-05
71684,2.6248576e-05
71685,2.6248576e-05
71686,2.6248576e-05
71687,2.6248576e-05
71688,2.6248576e-05
71689,2.6248576e-05
71690,2.6248576e-05
71691,2.6248576e-05
71692,2.6248576e-05
71693,2.6248576e-05
71694,2.6248576e-05
71695,2.6248576e-05
71696,2.6248576e-05
71697,2.6248576e-05
71698,2.6248576e-05
71699,2.6248576e-05
71700,2.6248576e-05
71701,2.6248576e-05
71702,2.6248576e-05
71703,2.6248576e-05
71704,2.6248576e-05
71705,2.6248576e-05
71706,2.6248576e-05
71707,2.6248576e-05
71708,2.6248576e-05
71709,2.6248576e-05
71710,2.6248576e-05
71711,2.6248576e-05
71712,2.6248576e-05
71713,2.6248576e-05
71714,2.6248576e-05
71715,2.6248576e-05
71716,2.6248576e-05
71717,2.6248576e-05
71718,2.6248576e-05
71719,2.6248576e-05
71720,2.6248576e-05
71721,2.6248576e-05
71722,2.6248576e-05
71723,2.6248576e-05
71724,2.6248576e-05
71725,2.6248576e-05
71726,2.6248576e-05
71727,2.6248576e-05
71728,2.6248576e-05
71729,2.6248576e-05
71730,2.6248576e-05
71731,2.6248576e-05
71732,2.6248576e-05
71733,2.6248576e-05
71734,2.6248576e-05
71735,2.6248576e-05
71736,2.6248576e-05
71737,2.6248576e-05
71738,2.6248576e-05
71739,2.6248576e-05
71740,2.6248576e-05
71741,2.6248576e-05
71742,2.6248576e-05
71743,2.6248576e-05
71744,2.6248576e-05
71745,2.6248576e-05
71746,2.6248576e-05
71747,2.6248576e-05
71748,2.6248576e-05
71749,2.6248576e-05
71750,2.6248576e-05
71751,2.6248576e-05
71752,2.6248576e-05
71753,2.6248576e-05
71754,2.6248576e-05
71755,2.6248576e-05
71756,2.6248576e-05
71757,2.6248576e-05
71758,2.6248576e-05
71759,2.6248576e-05
71760,2.6248576e-05
71761,2.6248576e-05
71762,2.6248576e-05
71763,2.6248576e-05
71764,2.6248576e-05
71765,2.6248576e-05
71766,2.6248576e-05
71767,2.6248576e-05
71768,2.6248576e-05
71769,2.6248576e-05
71770,2.6248576e-05
71771,2.6248576e-05
71772,2.6248576e-05
71773,2.6248576e-05
71774,2.6248576e-05
71775,2.6248576e-05
71776,2.6248576e-05
71777,2.6248576e-05
71778,2.6248576e-05
71779,2.6248576e-05
71780,2.6248576e-05
71781,2.6248576e-05
71782,2.6248576e-05
71783,2.6248576e-05
71784,2.6248576e-05
71785,2.6248576e-05
71786,2.6248576e-05
71787,2.6248576e-05
71788,2.6248576e-05
71789,2.6248576e-05
71790,2.6248576e-05
71791,2.6248576e-05
71792,2.6248576e-05
71793,2.6248576e-05
71794,2.6248576e-05
71795,2.6248576e-05
71796,2.6248576e-05
71797,2.6248576e-05
71798,2.6248576e-05
71799,2.6248576e-05
71800,2.6248576e-05
71801,2.6248576e-05
71802,2.6248576e-05
71803,2.6248576e-05
71804,2.6248576e-05
71805,2.6248576e-05
71806,2.6248576e-05
71807,2.6248576e-05
71808,2.6248576e-05
71809,2.6248576e-05
71810,2.6248576e-05
71811,2.6248576e-05
71812,2.6248576e-05
71813,2.6248576e-05
71814,2.6248576e-05
71815,2.6248576e-05
71816,2.6248576e-05
71817,2.6248576e-05
71818,2.6248576e-05
71819,2.6248576e-05
71820,2.6248576e-05
71821,2.6248576e-05
71822,2.6248576e-05
71823,2.6248576e-05
71824,2.6248576e-05
71825,2.6248576e-05
71826,2.6248576e-05
71827,2.6248576e-05
71828,2.6248576e-05
71829,2.6248576e-05
71830,2.6248576e-05
71831,2.6248576e-05
71832,2.6248576e-05
71833,2.6248576e-05
71834,2.6248576e-05
71835,2.6248576e-05
71836,2.6248576e-05
71837,2.6248576e-05
71838,2.6248576e-05
71839,2.6248576e-05
71840,2.6248576e-05
71841,2.6248576e-05
71842,2.6248576e-05
71843,2.6248576e-05
71844,2.6248576e-05
71845,2.6248576e-05
71846,2.6248576e-05
71847,2.6248576e-05
71848,2.6248576e-05
71849,2.6248576e-05
71850,2.6248576e-05
71851,2.6248576e-05
71852,2.6248576e-05
71853,2.6248576e-05
71854,2.6248576e-05
71855,2.6248576e-05
71856,2.6248576e-05
71857,2.6248576e-05
71858,2.6248576e-05
71859,2.6248576e-05
71860,2.6248576e-05
71861,2.6248576e-05
71862,2.6248576e-05
71863,2.6248576e-05
71864,2.6248576e-05
71865,2.6248576e-05
71866,2.6248576e-05
71867,2.6248576e-05
71868,2.6248576e-05
71869,2.6248576e-05
71870,2.6248576e-05
71871,2.6248576e-05
71872,2.6248576e-05
71873,2.6248576e-05
71874,2.6248576e-05
71875,2.6248576e-05
71876,2.6248576e-05
71877,2.6248576e-05
71878,2.6248576e-05
71879,2.6248576e-05
71880,2.6248576e-05
71881,2.6248576e-05
71882,2.6248576e-05
71883,2.6248576e-05
71884,2.6248576e-05
71885,2.6248576e-05
71886,2.6248576e-05
71887,2.6248576e-05
71888,2.6248576e-05
71889,2.6248576e-05
71890,2.6248576e-05
71891,2.6248576e-05
71892,2.6248576e-05
71893,2.6248576e-05
71894,2.6248576e-05
71895,2.6248576e-05
71896,2.6248576e-05
71897,2.6248576e-05
71898,2.6248576e-05
71899,2.6248576e-05
71900,2.6248576e-05
71901,2.6248576e-05
71902,2.6248576e-05
71903,2.6248576e-05
71904,2.6248576e-05
71905,2.6248576e-05
71906,2.6248576e-05
71907,2.6248576e-05
71908,2.6248576e-05
71909,2.6248576e-05
71910,2.6248576e-05
71911,2.6248576e-05
71912,2.6248576e-05
71913,2.6248576e-05
71914,2.6248576e-05
71915,2.6248576e-05
71916,2.6248576e-05
71917,2.6248576e-05
71918,2.6248576e-05
71919,2.6248576e-05
71920,2.6248576e-05
71921,2.6248576e-05
71922,2.6248576e-05
71923,2.6248576e-05
71924,2.6248576e-05
71925,2.6248576e-05
71926,2.6248576e-05
71927,2.6248576e-05
71928,2.6248576e-05
71929,2.6248576e-05
71930,2.6248576e-05
71931,2.6248576e-05
71932,2.6248576e-05
71933,2.6248576e-05
71934,2.6248576e-05
71935,2.6248576e-05
71936,2.6248576e-05
71937,2.6248576e-05
71938,2.6248576e-05
71939,2.6248576e-05
71940,2.6248576e-05
71941,2.6248576e-05
71942,2.6248576e-05
71943,2.6248576e-05
71944,2.6248576e-05
71945,2.6248576e-05
71946,2.6248576e-05
71947,2.6248576e-05
71948,2.6248576e-05
71949,2.6248576e-05
71950,2.6248576e-05
71951,2.6248576e-05
71952,2.6248576e-05
71953,2.6248576e-05
71954,2.6248576e-05
71955,2.6248576e-05
71956,2.6248576e-05
71957,2.6248576e-05
71958,2.6248576e-05
71959,2.6248576e-05
71960,2.6248576e-05
71961,2.6248576e-05
71962,2.6248576e-05
71963,2.6248576e-05
71964,2.6248576e-05
71965,2.6248576e-05
71966,2.6248576e-05
71967,2.6248576e-05
71968,2.6248576e-05
71969,2.6248576e-05
71970,2.6248576e-05
71971,2.6248576e-05
71972,2.6248576e-05
71973,2.6248576e-05
71974,2.6248576e-05
71975,2.6248576e-05
71976,2.6248576e-05
71977,2.6248576e-05
71978,2.6248576e-05
71979,2.6248576e-05
71980,2.6248576e-05
71981,2.6248576e-05
71982,2.6248576e-05
71983,2.6248576e-05
71984,2.6248576e-05
71985,2.6248576e-05
71986,2.6248576e-05
71987,2.6248576e-05
71988,2.6248576e-05
71989,2.6248576e-05
71990,2.6248576e-05
71991,2.6248576e-05
71992,2.6248576e-05
71993,2.6248576e-05
71994,2.6248576e-05
71995,2.6248576e-05
71996,2.6248576e-05
71997,2.6248576e-05
71998,2.6248576e-05
71999,2.6248576e-05
72000,2.6248576e-05
72001,2.6248576e-05
72002,2.6248576e-05
72003,2.6248576e-05
72004,2.6248576e-05
72005,2.6248576e-05
72006,2.6248576e-05
72007,2.6248576e-05
72008,2.6248576e-05
72009,2.6248576e-05
72010,2.6248576e-05
72011,2.6248576e-05
72012,2.6248576e-05
72013,2.6248576e-05
72014,2.6248576e-05
72015,2.6248576e-05
72016,2.6248576e-05
72017,2.6248576e-05
72018,2.6248576e-05
72019,2.6248576e-05
72020,2.6248576e-05
72021,2.6248576e-05
72022,2.6248576e-05
72023,2.6248576e-05
72024,2.6248576e-05
72025,2.6248576e-05
72026,2.6248576e-05
72027,2.6248576e-05
72028,2.6248576e-05
72029,2.6248576e-05
72030,2.6248576e-05
72031,2.6248576e-05
72032,2.6248576e-05
72033,2.6248576e-05
72034,2.6248576e-05
72035,2.6248576e-05
72036,2.6248576e-05
72037,2.6248576e-05
72038,2.6248576e-05
72039,2.6248576e-05
72040,2.6248576e-05
72041,2.6248576e-05
72042,2.6248576e-05
72043,2.6248576e-05
72044,2.6248576e-05
72045,2.6248576e-05
72046,2.6248576e-05
72047,2.6248576e-05
72048,2.6248576e-05
72049,2.6248576e-05
72050,2.6248576e-05
72051,2.6248576e-05
72052,2.6248576e-05
72053,2.6248576e-05
72054,2.6248576e-05
72055,2.6248576e-05
72056,2.6248576e-05
72057,2.6248576e-05
72058,2.6248576e-05
72059,2.6248576e-05
72060,2.6248576e-05
72061,2.6248576e-05
72062,2.6248576e-05
72063,2.6248576e-05
72064,2.6248576e-05
72065,2.6248576e-05
72066,2.6248576e-05
72067,2.6248576e-05
72068,2.6248576e-05
72069,2.6248576e-05
72070,2.6248576e-05
72071,2.6248576e-05
72072,2.6248576e-05
72073,2.6248576e-05
72074,2.6248576e-05
72075,2.6248576e-05
72076,2.6248576e-05
72077,2.6248576e-05
72078,2.6248576e-05
72079,2.6248576e-05
72080,2.6248576e-05
72081,2.6248576e-05
72082,2.6248576e-05
72083,2.6248576e-05
72084,2.6248576e-05
72085,2.6248576e-05
72086,2.6248576e-05
72087,2.6248576e-05
72088,2.6248576e-05
72089,2.6248576e-05
72090,2.6248576e-05
72091,2.6248576e-05
72092,2.6248576e-05
72093,2.6248576e-05
72094,2.6248576e-05
72095,2.6248576e-05
72096,2.6248576e-05
72097,2.6248576e-05
72098,2.6248576e-05
72099,2.6248576e-05
72100,2.6248576e-05
72101,2.6248576e-05
72102,2.6248576e-05
72103,2.6248576e-05
72104,2.6248576e-05
72105,2.6248576e-05
72106,2.6248576e-05
72107,2.6248576e-05
72108,2.6248576e-05
72109,2.6248576e-05
72110,2.6248576e-05
72111,2.6248576e-05
72112,2.6248576e-05
72113,2.6248576e-05
72114,2.6248576e-05
72115,2.6248576e-05
72116,2.6248576e-05
72117,2.6248576e-05
72118,2.6248576e-05
72119,2.6248576e-05
72120,2.6248576e-05
72121,2.6248576e-05
72122,2.6248576e-05
72123,2.6248576e-05
72124,2.6248576e-05
72125,2.6248576e-05
72126,2.6248576e-05
72127,2.6248576e-05
72128,2.6248576e-05
72129,2.6248576e-05
72130,2.6248576e-05
72131,2.6248576e-05
72132,2.6248576e-05
72133,2.6248576e-05
72134,2.6248576e-05
72135,2.6248576e-05
72136,2.6248576e-05
72137,2.6248576e-05
72138,2.6248576e-05
72139,2.6248576e-05
72140,2.6248576e-05
72141,2.6248576e-05
72142,2.6248576e-05
72143,2.6248576e-05
72144,2.6248576e-05
72145,2.6248576e-05
72146,2.6248576e-05
72147,2.6248576e-05
72148,2.6248576e-05
72149,2.6248576e-05
72150,2.6248576e-05
72151,2.6248576e-05
72152,2.6248576e-05
72153,2.6248576e-05
72154,2.6248576e-05
72155,2.6248576e-05
72156,2.6248576e-05
72157,2.6248576e-05
72158,2.6248576e-05
72159,2.6248576e-05
72160,2.6248576e-05
72161,2.6248576e-05
72162,2.6248576e-05
72163,2.6248576e-05
72164,2.6248576e-05
72165,2.6248576e-05
72166,2.6248576e-05
72167,2.6248576e-05
72168,2.6248576e-05
72169,2.6248576e-05
72170,2.6248576e-05
72171,2.6248576e-05
72172,2.6248576e-05
72173,2.6248576e-05
72174,2.6248576e-05
72175,2.6248576e-05
72176,2.6248576e-05
72177,2.6248576e-05
72178,2.6248576e-05
72179,2.6248576e-05
72180,2.6248576e-05
72181,2.6248576e-05
72182,2.6248576e-05
72183,2.6248576e-05
72184,2.6248576e-05
72185,2.6248576e-05
72186,2.6248576e-05
72187,2.6248576e-05
72188,2.6248576e-05
72189,2.6248576e-05
72190,2.6248576e-05
72191,2.6248576e-05
72192,2.6248576e-05
72193,2.6248576e-05
72194,2.6248576e-05
72195,2.6248576e-05
72196,2.6248576e-05
72197,2.6248576e-05
72198,2.6248576e-05
72199,2.6248576e-05
72200,2.6248576e-05
72201,2.6248576e-05
72202,2.6248576e-05
72203,2.6248576e-05
72204,2.6248576e-05
72205,2.6248576e-05
72206,2.6248576e-05
72207,2.6248576e-05
72208,2.6248576e-05
72209,2.6248576e-05
72210,2.6248576e-05
72211,2.6248576e-05
72212,2.6248576e-05
72213,2.6248576e-05
72214,2.6248576e-05
72215,2.6248576e-05
72216,2.6248576e-05
72217,2.6248576e-05
72218,2.6248576e-05
72219,2.6248576e-05
72220,2.6248576e-05
72221,2.6248576e-05
72222,2.6248576e-05
72223,2.6248576e-05
72224,2.6248576e-05
72225,2.6248576e-05
72226,2.6248576e-05
72227,2.6248576e-05
72228,2.6248576e-05
72229,2.6248576e-05
72230,2.6248576e-05
72231,2.6248576e-05
72232,2.6248576e-05
72233,2.6248576e-05
72234,2.6248576e-05
72235,2.6248576e-05
72236,2.6248576e-05
72237,2.6248576e-05
72238,2.6248576e-05
72239,2.6248576e-05
72240,2.6248576e-05
72241,2.6248576e-05
72242,2.6248576e-05
72243,2.6248576e-05
72244,2.6248576e-05
72245,2.6248576e-05
72246,2.6248576e-05
72247,2.6248576e-05
72248,2.6248576e-05
72249,2.6248576e-05
72250,2.6248576e-05
72251,2.6248576e-05
72252,2.6248576e-05
72253,2.6248576e-05
72254,2.6248576e-05
72255,2.6248576e-05
72256,2.6248576e-05
72257,2.6248576e-05
72258,2.6248576e-05
72259,2.6248576e-05
72260,2.6248576e-05
72261,2.6248576e-05
72262,2.6248576e-05
72263,2.6248576e-05
72264,2.6248576e-05
72265,2.6248576e-05
72266,2.6248576e-05
72267,2.6248576e-05
72268,2.6248576e-05
72269,2.6248576e-05
72270,2.6248576e-05
72271,2.6248576e-05
72272,2.6248576e-05
72273,2.6248576e-05
72274,2.6248576e-05
72275,2.6248576e-05
72276,2.6248576e-05
72277,2.6248576e-05
72278,2.6248576e-05
72279,2.6248576e-05
72280,2.6248576e-05
72281,2.6248576e-05
72282,2.6248576e-05
72283,2.6248576e-05
72284,2.6248576e-05
72285,2.6248576e-05
72286,2.6248576e-05
72287,2.6248576e-05
72288,2.6248576e-05
72289,2.6248576e-05
72290,2.6248576e-05
72291,2.6248576e-05
72292,2.6248576e-05
72293,2.6248576e-05
72294,2.6248576e-05
72295,2.6248576e-05
72296,2.6248576e-05
72297,2.6248576e-05
72298,2.6248576e-05
72299,2.6248576e-05
72300,2.6248576e-05
72301,2.6248576e-05
72302,2.6248576e-05
72303,2.6248576e-05
72304,2.6248576e-05
72305,2.6248576e-05
72306,2.6248576e-05
72307,2.6248576e-05
72308,2.6248576e-05
72309,2.6248576e-05
72310,2.6248576e-05
72311,2.6248576e-05
72312,2.6248576e-05
72313,2.6248576e-05
72314,2.6248576e-05
72315,2.6248576e-05
72316,2.6248576e-05
72317,2.6248576e-05
72318,2.6248576e-05
72319,2.6248576e-05
72320,2.6248576e-05
72321,2.6248576e-05
72322,2.6248576e-05
72323,2.6248576e-05
72324,2.6248576e-05
72325,2.6248576e-05
72326,2.6248576e-05
72327,2.6248576e-05
72328,2.6248576e-05
72329,2.6248576e-05
72330,2.6248576e-05
72331,2.6248576e-05
72332,2.6248576e-05
72333,2.6248576e-05
72334,2.6248576e-05
72335,2.6248576e-05
72336,2.6248576e-05
72337,2.6248576e-05
72338,2.6248576e-05
72339,2.6248576e-05
72340,2.6248576e-05
72341,2.6248576e-05
72342,2.6248576e-05
72343,2.6248576e-05
72344,2.6248576e-05
72345,2.6248576e-05
72346,2.6248576e-05
72347,2.6248576e-05
72348,2.6248576e-05
72349,2.6248576e-05
72350,2.6248576e-05
72351,2.6248576e-05
72352,2.6248576e-05
72353,2.6248576e-05
72354,2.6248576e-05
72355,2.6248576e-05
72356,2.6248576e-05
72357,2.6248576e-05
72358,2.6248576e-05
72359,2.6248576e-05
72360,2.6248576e-05
72361,2.6248576e-05
72362,2.6248576e-05
72363,2.6248576e-05
72364,2.6248576e-05
72365,2.6248576e-05
72366,2.6248576e-05
72367,2.6248576e-05
72368,2.6248576e-05
72369,2.6248576e-05
72370,2.6248576e-05
72371,2.6248576e-05
72372,2.6248576e-05
72373,2.6248576e-05
72374,2.6248576e-05
72375,2.6248576e-05
72376,2.6248576e-05
72377,2.6248576e-05
72378,2.6248576e-05
72379,2.6248576e-05
72380,2.6248576e-05
72381,2.6248576e-05
72382,2.6248576e-05
72383,2.6248576e-05
72384,2.6248576e-05
72385,2.6248576e-05
72386,2.6248576e-05
72387,2.6248576e-05
72388,2.6248576e-05
72389,2.6248576e-05
72390,2.6248576e-05
72391,2.6248576e-05
72392,2.6248576e-05
72393,2.6248576e-05
72394,2.6248576e-05
72395,2.6248576e-05
72396,2.6248576e-05
72397,2.6248576e-05
72398,2.6248576e-05
72399,2.6248576e-05
72400,2.6248576e-05
72401,2.6248576e-05
72402,2.6248576e-05
72403,2.6248576e-05
72404,2.6248576e-05
72405,2.6248576e-05
72406,2.6248576e-05
72407,2.6248576e-05
72408,2.6248576e-05
72409,2.6248576e-05
72410,2.6248576e-05
72411,2.6248576e-05
72412,2.6248576e-05
72413,2.6248576e-05
72414,2.6248576e-05
72415,2.6248576e-05
72416,2.6248576e-05
72417,2.6248576e-05
72418,2.6248576e-05
72419,2.6248576e-05
72420,2.6248576e-05
72421,2.6248576e-05
72422,2.6248576e-05
72423,2.6248576e-05
72424,2.6248576e-05
72425,2.6248576e-05
72426,2.6248576e-05
72427,2.6248576e-05
72428,2.6248576e-05
72429,2.6248576e-05
72430,2.6248576e-05
72431,2.6248576e-05
72432,2.6248576e-05
72433,2.6248576e-05
72434,2.6248576e-05
72435,2.6248576e-05
72436,2.6248576e-05
72437,2.6248576e-05
72438,2.6248576e-05
72439,2.6248576e-05
72440,2.6248576e-05
72441,2.6248576e-05
72442,2.6248576e-05
72443,2.6248576e-05
72444,2.6248576e-05
72445,2.6248576e-05
72446,2.6248576e-05
72447,2.6248576e-05
72448,2.6248576e-05
72449,2.6248576e-05
72450,2.6248576e-05
72451,2.6248576e-05
72452,2.6248576e-05
72453,2.6248576e-05
72454,2.6248576e-05
72455,2.6248576e-05
72456,2.6248576e-05
72457,2.6248576e-05
72458,2.6248576e-05
72459,2.6248576e-05
72460,2.6248576e-05
72461,2.6248576e-05
72462,2.6248576e-05
72463,2.6248576e-05
72464,2.6248576e-05
72465,2.6248576e-05
72466,2.6248576e-05
72467,2.6248576e-05
72468,2.6248576e-05
72469,2.6248576e-05
72470,2.6248576e-05
72471,2.6248576e-05
72472,2.6248576e-05
72473,2.6248576e-05
72474,2.6248576e-05
72475,2.6248576e-05
72476,2.6248576e-05
72477,2.6248576e-05
72478,2.6248576e-05
72479,2.6248576e-05
72480,2.6248576e-05
72481,2.6248576e-05
72482,2.6248576e-05
72483,2.6248576e-05
72484,2.6248576e-05
72485,2.6248576e-05
72486,2.6248576e-05
72487,2.6248576e-05
72488,2.6248576e-05
72489,2.6248576e-05
72490,2.6248576e-05
72491,2.6248576e-05
72492,2.6248576e-05
72493,2.6248576e-05
72494,2.6248576e-05
72495,2.6248576e-05
72496,2.6248576e-05
72497,2.6248576e-05
72498,2.6248576e-05
72499,2.6248576e-05
72500,2.6248576e-05
72501,2.6248576e-05
72502,2.6248576e-05
72503,2.6248576e-05
72504,2.6248576e-05
72505,2.6248576e-05
72506,2.6248576e-05
72507,2.6248576e-05
72508,2.6248576e-05
72509,2.6248576e-05
72510,2.6248576e-05
72511,2.6248576e-05
72512,2.6248576e-05
72513,2.6248576e-05
72514,2.6248576e-05
72515,2.6248576e-05
72516,2.6248576e-05
72517,2.6248576e-05
72518,2.6248576e-05
72519,2.6248576e-05
72520,2.6248576e-05
72521,2.6248576e-05
72522,2.6248576e-05
72523,2.6248576e-05
72524,2.6248576e-05
72525,2.6248576e-05
72526,2.6248576e-05
72527,2.6248576e-05
72528,2.6248576e-05
72529,2.6248576e-05
72530,2.6248576e-05
72531,2.6248576e-05
72532,2.6248576e-05
72533,2.6248576e-05
72534,2.6248576e-05
72535,2.6248576e-05
72536,2.6248576e-05
72537,2.6248576e-05
72538,2.6248576e-05
72539,2.6248576e-05
72540,2.6248576e-05
72541,2.6248576e-05
72542,2.6248576e-05
72543,2.6248576e-05
72544,2.6248576e-05
72545,2.6248576e-05
72546,2.6248576e-05
72547,2.6248576e-05
72548,2.6248576e-05
72549,2.6248576e-05
72550,2.6248576e-05
72551,2.6248576e-05
72552,2.6248576e-05
72553,2.6248576e-05
72554,2.6248576e-05
72555,2.6248576e-05
72556,2.6248576e-05
72557,2.6248576e-05
72558,2.6248576e-05
72559,2.6248576e-05
72560,2.6248576e-05
72561,2.6248576e-05
72562,2.6248576e-05
72563,2.6248576e-05
72564,2.6248576e-05
72565,2.6248576e-05
72566,2.6248576e-05
72567,2.6248576e-05
72568,2.6248576e-05
72569,2.6248576e-05
72570,2.6248576e-05
72571,2.6248576e-05
72572,2.6248576e-05
72573,2.6248576e-05
72574,2.6248576e-05
72575,2.6248576e-05
72576,2.6248576e-05
72577,2.6248576e-05
72578,2.6248576e-05
72579,2.6248576e-05
72580,2.6248576e-05
72581,2.6248576e-05
72582,2.6248576e-05
72583,2.6248576e-05
72584,2.6248576e-05
72585,2.6248576e-05
72586,2.6248576e-05
72587,2.6248576e-05
72588,2.6248576e-05
72589,2.6248576e-05
72590,2.6248576e-05
72591,2.6248576e-05
72592,2.6248576e-05
72593,2.6248576e-05
72594,2.6248576e-05
72595,2.6248576e-05
72596,2.6248576e-05
72597,2.6248576e-05
72598,2.6248576e-05
72599,2.6248576e-05
72600,2.6248576e-05
72601,2.6248576e-05
72602,2.6248576e-05
72603,2.6248576e-05
72604,2.6248576e-05
72605,2.6248576e-05
72606,2.6248576e-05
72607,2.6248576e-05
72608,2.6248576e-05
72609,2.6248576e-05
72610,2.6248576e-05
72611,2.6248576e-05
72612,2.6248576e-05
72613,2.6248576e-05
72614,2.6248576e-05
72615,2.6248576e-05
72616,2.6248576e-05
72617,2.6248576e-05
72618,2.6248576e-05
72619,2.6248576e-05
72620,2.6248576e-05
72621,2.6248576e-05
72622,2.6248576e-05
72623,2.6248576e-05
72624,2.6248576e-05
72625,2.6248576e-05
72626,2.6248576e-05
72627,2.6248576e-05
72628,2.6248576e-05
72629,2.6248576e-05
72630,2.6248576e-05
72631,2.6248576e-05
72632,2.6248576e-05
72633,2.6248576e-05
72634,2.6248576e-05
72635,2.6248576e-05
72636,2.6248576e-05
72637,2.6248576e-05
72638,2.6248576e-05
72639,2.6248576e-05
72640,2.6248576e-05
72641,2.6248576e-05
72642,2.6248576e-05
72643,2.6248576e-05
72644,2.6248576e-05
72645,2.6248576e-05
72646,2.6248576e-05
72647,2.6248576e-05
72648,2.6248576e-05
72649,2.6248576e-05
72650,2.6248576e-05
72651,2.6248576e-05
72652,2.6248576e-05
72653,2.6248576e-05
72654,2.6248576e-05
72655,2.6248576e-05
72656,2.6248576e-05
72657,2.6248576e-05
72658,2.6248576e-05
72659,2.6248576e-05
72660,2.6248576e-05
72661,2.6248576e-05
72662,2.6248576e-05
72663,2.6248576e-05
72664,2.6248576e-05
72665,2.6248576e-05
72666,2.6248576e-05
72667,2.6248576e-05
72668,2.6248576e-05
72669,2.6248576e-05
72670,2.6248576e-05
72671,2.6248576e-05
72672,2.6248576e-05
72673,2.6248576e-05
72674,2.6248576e-05
72675,2.6248576e-05
72676,2.6248576e-05
72677,2.6248576e-05
72678,2.6248576e-05
72679,2.6248576e-05
72680,2.6248576e-05
72681,2.6248576e-05
72682,2.6248576e-05
72683,2.6248576e-05
72684,2.6248576e-05
72685,2.6248576e-05
72686,2.6248576e-05
72687,2.6248576e-05
72688,2.6248576e-05
72689,2.6248576e-05
72690,2.6248576e-05
72691,2.6248576e-05
72692,2.6248576e-05
72693,2.6248576e-05
72694,2.6248576e-05
72695,2.6248576e-05
72696,2.6248576e-05
72697,2.6248576e-05
72698,2.6248576e-05
72699,2.6248576e-05
72700,2.6248576e-05
72701,2.6248576e-05
72702,2.6248576e-05
72703,2.6248576e-05
72704,2.6248576e-05
72705,2.6248576e-05
72706,2.6248576e-05
72707,2.6248576e-05
72708,2.6248576e-05
72709,2.6248576e-05
72710,2.6248576e-05
72711,2.6248576e-05
72712,2.6248576e-05
72713,2.6248576e-05
72714,2.6248576e-05
72715,2.6248576e-05
72716,2.6248576e-05
72717,2.6248576e-05
72718,2.6248576e-05
72719,2.6248576e-05
72720,2.6248576e-05
72721,2.6248576e-05
72722,2.6248576e-05
72723,2.6248576e-05
72724,2.6248576e-05
72725,2.6248576e-05
72726,2.6248576e-05
72727,2.6248576e-05
72728,2.6248576e-05
72729,2.6248576e-05
72730,2.6248576e-05
72731,2.6248576e-05
72732,2.6248576e-05
72733,2.6248576e-05
72734,2.6248576e-05
72735,2.6248576e-05
72736,2.6248576e-05
72737,2.6248576e-05
72738,2.6248576e-05
72739,2.6248576e-05
72740,2.6248576e-05
72741,2.6248576e-05
72742,2.6248576e-05
72743,2.6248576e-05
72744,2.6248576e-05
72745,2.6248576e-05
72746,2.6248576e-05
72747,2.6248576e-05
72748,2.6248576e-05
72749,2.6248576e-05
72750,2.6248576e-05
72751,2.6248576e-05
72752,2.6248576e-05
72753,2.6248576e-05
72754,2.6248576e-05
72755,2.6248576e-05
72756,2.6248576e-05
72757,2.6248576e-05
72758,2.6248576e-05
72759,2.6248576e-05
72760,2.6248576e-05
72761,2.6248576e-05
72762,2.6248576e-05
72763,2.6248576e-05
72764,2.6248576e-05
72765,2.6248576e-05
72766,2.6248576e-05
72767,2.6248576e-05
72768,2.6248576e-05
72769,2.6248576e-05
72770,2.6248576e-05
72771,2.6248576e-05
72772,2.6248576e-05
72773,2.6248576e-05
72774,2.6248576e-05
72775,2.6248576e-05
72776,2.6248576e-05
72777,2.6248576e-05
72778,2.6248576e-05
72779,2.6248576e-05
72780,2.6248576e-05
72781,2.6248576e-05
72782,2.6248576e-05
72783,2.6248576e-05
72784,2.6248576e-05
72785,2.6248576e-05
72786,2.6248576e-05
72787,2.6248576e-05
72788,2.6248576e-05
72789,2.6248576e-05
72790,2.6248576e-05
72791,2.6248576e-05
72792,2.6248576e-05
72793,2.6248576e-05
72794,2.6248576e-05
72795,2.6248576e-05
72796,2.6248576e-05
72797,2.6248576e-05
72798,2.6248576e-05
72799,2.6248576e-05
72800,2.6248576e-05
72801,2.6248576e-05
72802,2.6248576e-05
72803,2.6248576e-05
72804,2.6248576e-05
72805,2.6248576e-05
72806,2.6248576e-05
72807,2.6248576e-05
72808,2.6248576e-05
72809,2.6248576e-05
72810,2.6248576e-05
72811,2.6248576e-05
72812,2.6248576e-05
72813,2.6248576e-05
72814,2.6248576e-05
72815,2.6248576e-05
72816,2.6248576e-05
72817,2.6248576e-05
72818,2.6248576e-05
72819,2.6248576e-05
72820,2.6248576e-05
72821,2.6248576e-05
72822,2.6248576e-05
72823,2.6248576e-05
72824,2.6248576e-05
72825,2.6248576e-05
72826,2.6248576e-05
72827,2.6248576e-05
72828,2.6248576e-05
72829,2.6248576e-05
72830,2.6248576e-05
72831,2.6248576e-05
72832,2.6248576e-05
72833,2.6248576e-05
72834,2.6248576e-05
72835,2.6248576e-05
72836,2.6248576e-05
72837,2.6248576e-05
72838,2.6248576e-05
72839,2.6248576e-05
72840,2.6248576e-05
72841,2.6248576e-05
72842,2.6248576e-05
72843,2.6248576e-05
72844,2.6248576e-05
72845,2.6248576e-05
72846,2.6248576e-05
72847,2.6248576e-05
72848,2.6248576e-05
72849,2.6248576e-05
72850,2.6248576e-05
72851,2.6248576e-05
72852,2.6248576e-05
72853,2.6248576e-05
72854,2.6248576e-05
72855,2.6248576e-05
72856,2.6248576e-05
72857,2.6248576e-05
72858,2.6248576e-05
72859,2.6248576e-05
72860,2.6248576e-05
72861,2.6248576e-05
72862,2.6248576e-05
72863,2.6248576e-05
72864,2.6248576e-05
72865,2.6248576e-05
72866,2.6248576e-05
72867,2.6248576e-05
72868,2.6248576e-05
72869,2.6248576e-05
72870,2.6248576e-05
72871,2.6248576e-05
72872,2.6248576e-05
72873,2.6248576e-05
72874,2.6248576e-05
72875,2.6248576e-05
72876,2.6248576e-05
72877,2.6248576e-05
72878,2.6248576e-05
72879,2.6248576e-05
72880,2.6248576e-05
72881,2.6248576e-05
72882,2.6248576e-05
72883,2.6248576e-05
72884,2.6248576e-05
72885,2.6248576e-05
72886,2.6248576e-05
72887,2.6248576e-05
72888,2.6248576e-05
72889,2.6248576e-05
72890,2.6248576e-05
72891,2.6248576e-05
72892,2.6248576e-05
72893,2.6248576e-05
72894,2.6248576e-05
72895,2.6248576e-05
72896,2.6248576e-05
72897,2.6248576e-05
72898,2.6248576e-05
72899,2.6248576e-05
72900,2.6248576e-05
72901,2.6248576e-05
72902,2.6248576e-05
72903,2.6248576e-05
72904,2.6248576e-05
72905,2.6248576e-05
72906,2.6248576e-05
72907,2.6248576e-05
72908,2.6248576e-05
72909,2.6248576e-05
72910,2.6248576e-05
72911,2.6248576e-05
72912,2.6248576e-05
72913,2.6248576e-05
72914,2.6248576e-05
72915,2.6248576e-05
72916,2.6248576e-05
72917,2.6248576e-05
72918,2.6248576e-05
72919,2.6248576e-05
72920,2.6248576e-05
72921,2.6248576e-05
72922,2.6248576e-05
72923,2.6248576e-05
72924,2.6248576e-05
72925,2.6248576e-05
72926,2.6248576e-05
72927,2.6248576e-05
72928,2.6248576e-05
72929,2.6248576e-05
72930,2.6248576e-05
72931,2.6248576e-05
72932,2.6248576e-05
72933,2.6248576e-05
72934,2.6248576e-05
72935,2.6248576e-05
72936,2.6248576e-05
72937,2.6248576e-05
72938,2.6248576e-05
72939,2.6248576e-05
72940,2.6248576e-05
72941,2.6248576e-05
72942,2.6248576e-05
72943,2.6248576e-05
72944,2.6248576e-05
72945,2.6248576e-05
72946,2.6248576e-05
72947,2.6248576e-05
72948,2.6248576e-05
72949,2.6248576e-05
72950,2.6248576e-05
72951,2.6248576e-05
72952,2.6248576e-05
72953,2.6248576e-05
72954,2.6248576e-05
72955,2.6248576e-05
72956,2.6248576e-05
72957,2.6248576e-05
72958,2.6248576e-05
72959,2.6248576e-05
72960,2.6248576e-05
72961,2.6248576e-05
72962,2.6248576e-05
72963,2.6248576e-05
72964,2.6248576e-05
72965,2.6248576e-05
72966,2.6248576e-05
72967,2.6248576e-05
72968,2.6248576e-05
72969,2.6248576e-05
72970,2.6248576e-05
72971,2.6248576e-05
72972,2.6248576e-05
72973,2.6248576e-05
72974,2.6248576e-05
72975,2.6248576e-05
72976,2.6248576e-05
72977,2.6248576e-05
72978,2.6248576e-05
72979,2.6248576e-05
72980,2.6248576e-05
72981,2.6248576e-05
72982,2.6248576e-05
72983,2.6248576e-05
72984,2.6248576e-05
72985,2.6248576e-05
72986,2.6248576e-05
72987,2.6248576e-05
72988,2.6248576e-05
72989,2.6248576e-05
72990,2.6248576e-05
72991,2.6248576e-05
72992,2.6248576e-05
72993,2.6248576e-05
72994,2.6248576e-05
72995,2.6248576e-05
72996,2.6248576e-05
72997,2.6248576e-05
72998,2.6248576e-05
72999,2.6248576e-05
73000,2.6248576e-05
73001,2.6248576e-05
73002,2.6248576e-05
73003,2.6248576e-05
73004,2.6248576e-05
73005,2.6248576e-05
73006,2.6248576e-05
73007,2.6248576e-05
73008,2.6248576e-05
73009,2.6248576e-05
73010,2.6248576e-05
73011,2.6248576e-05
73012,2.6248576e-05
73013,2.6248576e-05
73014,2.6248576e-05
73015,2.6248576e-05
73016,2.6248576e-05
73017,2.6248576e-05
73018,2.6248576e-05
73019,2.6248576e-05
73020,2.6248576e-05
73021,2.6248576e-05
73022,2.6248576e-05
73023,2.6248576e-05
73024,2.6248576e-05
73025,2.6248576e-05
73026,2.6248576e-05
73027,2.6248576e-05
73028,2.6248576e-05
73029,2.6248576e-05
73030,2.6248576e-05
73031,2.6248576e-05
73032,2.6248576e-05
73033,2.6248576e-05
73034,2.6248576e-05
73035,2.6248576e-05
73036,2.6248576e-05
73037,2.6248576e-05
73038,2.6248576e-05
73039,2.6248576e-05
73040,2.6248576e-05
73041,2.6248576e-05
73042,2.6248576e-05
73043,2.6248576e-05
73044,2.6248576e-05
73045,2.6248576e-05
73046,2.6248576e-05
73047,2.6248576e-05
73048,2.6248576e-05
73049,2.6248576e-05
73050,2.6248576e-05
73051,2.6248576e-05
73052,2.6248576e-05
73053,2.6248576e-05
73054,2.6248576e-05
73055,2.6248576e-05
73056,2.6248576e-05
73057,2.6248576e-05
73058,2.6248576e-05
73059,2.6248576e-05
73060,2.6248576e-05
73061,2.6248576e-05
73062,2.6248576e-05
73063,2.6248576e-05
73064,2.6248576e-05
73065,2.6248576e-05
73066,2.6248576e-05
73067,2.6248576e-05
73068,2.6248576e-05
73069,2.6248576e-05
73070,2.6248576e-05
73071,2.6248576e-05
73072,2.6248576e-05
73073,2.6248576e-05
73074,2.6248576e-05
73075,2.6248576e-05
73076,2.6248576e-05
73077,2.6248576e-05
73078,2.6248576e-05
73079,2.6248576e-05
73080,2.6248576e-05
73081,2.6248576e-05
73082,2.6248576e-05
73083,2.6248576e-05
73084,2.6248576e-05
73085,2.6248576e-05
73086,2.6248576e-05
73087,2.6248576e-05
73088,2.6248576e-05
73089,2.6248576e-05
73090,2.6248576e-05
73091,2.6248576e-05
73092,2.6248576e-05
73093,2.6248576e-05
73094,2.6248576e-05
73095,2.6248576e-05
73096,2.6248576e-05
73097,2.6248576e-05
73098,2.6248576e-05
73099,2.6248576e-05
73100,2.6248576e-05
73101,2.6248576e-05
73102,2.6248576e-05
73103,2.6248576e-05
73104,2.6248576e-05
73105,2.6248576e-05
73106,2.6248576e-05
73107,2.6248576e-05
73108,2.6248576e-05
73109,2.6248576e-05
73110,2.6248576e-05
73111,2.6248576e-05
73112,2.6248576e-05
73113,2.6248576e-05
73114,2.6248576e-05
73115,2.6248576e-05
73116,2.6248576e-05
73117,2.6248576e-05
73118,2.6248576e-05
73119,2.6248576e-05
73120,2.6248576e-05
73121,2.6248576e-05
73122,2.6248576e-05
73123,2.6248576e-05
73124,2.6248576e-05
73125,2.6248576e-05
73126,2.6248576e-05
73127,2.6248576e-05
73128,2.6248576e-05
73129,2.6248576e-05
73130,2.6248576e-05
73131,2.6248576e-05
73132,2.6248576e-05
73133,2.6248576e-05
73134,2.6248576e-05
73135,2.6248576e-05
73136,2.6248576e-05
73137,2.6248576e-05
73138,2.6248576e-05
73139,2.6248576e-05
73140,2.6248576e-05
73141,2.6248576e-05
73142,2.6248576e-05
73143,2.6248576e-05
73144,2.6248576e-05
73145,2.6248576e-05
73146,2.6248576e-05
73147,2.6248576e-05
73148,2.6248576e-05
73149,2.6248576e-05
73150,2.6248576e-05
73151,2.6248576e-05
73152,2.6248576e-05
73153,2.6248576e-05
73154,2.6248576e-05
73155,2.6248576e-05
73156,2.6248576e-05
73157,2.6248576e-05
73158,2.6248576e-05
73159,2.6248576e-05
73160,2.6248576e-05
73161,2.6248576e-05
73162,2.6248576e-05
73163,2.6248576e-05
73164,2.6248576e-05
73165,2.6248576e-05
73166,2.6248576e-05
73167,2.6248576e-05
73168,2.6248576e-05
73169,2.6248576e-05
73170,2.6248576e-05
73171,2.6248576e-05
73172,2.6248576e-05
73173,2.6248576e-05
73174,2.6248576e-05
73175,2.6248576e-05
73176,2.6248576e-05
73177,2.6248576e-05
73178,2.6248576e-05
73179,2.6248576e-05
73180,2.6248576e-05
73181,2.6248576e-05
73182,2.6248576e-05
73183,2.6248576e-05
73184,2.6248576e-05
73185,2.6248576e-05
73186,2.6248576e-05
73187,2.6248576e-05
73188,2.6248576e-05
73189,2.6248576e-05
73190,2.6248576e-05
73191,2.6248576e-05
73192,2.6248576e-05
73193,2.6248576e-05
73194,2.6248576e-05
73195,2.6248576e-05
73196,2.6248576e-05
73197,2.6248576e-05
73198,2.6248576e-05
73199,2.6248576e-05
73200,2.6248576e-05
73201,2.6248576e-05
73202,2.6248576e-05
73203,2.6248576e-05
73204,2.6248576e-05
73205,2.6248576e-05
73206,2.6248576e-05
73207,2.6248576e-05
73208,2.6248576e-05
73209,2.6248576e-05
73210,2.6248576e-05
73211,2.6248576e-05
73212,2.6248576e-05
73213,2.6248576e-05
73214,2.6248576e-05
73215,2.6248576e-05
73216,2.6248576e-05
73217,2.6248576e-05
73218,2.6248576e-05
73219,2.6248576e-05
73220,2.6248576e-05
73221,2.6248576e-05
73222,2.6248576e-05
73223,2.6248576e-05
73224,2.6248576e-05
73225,2.6248576e-05
73226,2.6248576e-05
73227,2.6248576e-05
73228,2.6248576e-05
73229,2.6248576e-05
73230,2.6248576e-05
73231,2.6248576e-05
73232,2.6248576e-05
73233,2.6248576e-05
73234,2.6248576e-05
73235,2.6248576e-05
73236,2.6248576e-05
73237,2.6248576e-05
73238,2.6248576e-05
73239,2.6248576e-05
73240,2.6248576e-05
73241,2.6248576e-05
73242,2.6248576e-05
73243,2.6248576e-05
73244,2.6248576e-05
73245,2.6248576e-05
73246,2.6248576e-05
73247,2.6248576e-05
73248,2.6248576e-05
73249,2.6248576e-05
73250,2.6248576e-05
73251,2.6248576e-05
73252,2.6248576e-05
73253,2.6248576e-05
73254,2.6248576e-05
73255,2.6248576e-05
73256,2.6248576e-05
73257,2.6248576e-05
73258,2.6248576e-05
73259,2.6248576e-05
73260,2.6248576e-05
73261,2.6248576e-05
73262,2.6248576e-05
73263,2.6248576e-05
73264,2.6248576e-05
73265,2.6248576e-05
73266,2.6248576e-05
73267,2.6248576e-05
73268,2.6248576e-05
73269,2.6248576e-05
73270,2.6248576e-05
73271,2.6248576e-05
73272,2.6248576e-05
73273,2.6248576e-05
73274,2.6248576e-05
73275,2.6248576e-05
73276,2.6248576e-05
73277,2.6248576e-05
73278,2.6248576e-05
73279,2.6248576e-05
73280,2.6248576e-05
73281,2.6248576e-05
73282,2.6248576e-05
73283,2.6248576e-05
73284,2.6248576e-05
73285,2.6248576e-05
73286,2.6248576e-05
73287,2.6248576e-05
73288,2.6248576e-05
73289,2.6248576e-05
73290,2.6248576e-05
73291,2.6248576e-05
73292,2.6248576e-05
73293,2.6248576e-05
73294,2.6248576e-05
73295,2.6248576e-05
73296,2.6248576e-05
73297,2.6248576e-05
73298,2.6248576e-05
73299,2.6248576e-05
73300,2.6248576e-05
73301,2.6248576e-05
73302,2.6248576e-05
73303,2.6248576e-05
73304,2.6248576e-05
73305,2.6248576e-05
73306,2.6248576e-05
73307,2.6248576e-05
73308,2.6248576e-05
73309,2.6248576e-05
73310,2.6248576e-05
73311,2.6248576e-05
73312,2.6248576e-05
73313,2.6248576e-05
73314,2.6248576e-05
73315,2.6248576e-05
73316,2.6248576e-05
73317,2.6248576e-05
73318,2.6248576e-05
73319,2.6248576e-05
73320,2.6248576e-05
73321,2.6248576e-05
73322,2.6248576e-05
73323,2.6248576e-05
73324,2.6248576e-05
73325,2.6248576e-05
73326,2.6248576e-05
73327,2.6248576e-05
73328,2.6248576e-05
73329,2.6248576e-05
73330,2.6248576e-05
73331,2.6248576e-05
73332,2.6248576e-05
73333,2.6248576e-05
73334,2.6248576e-05
73335,2.6248576e-05
73336,2.6248576e-05
73337,2.6248576e-05
73338,2.6248576e-05
73339,2.6248576e-05
73340,2.6248576e-05
73341,2.6248576e-05
73342,2.6248576e-05
73343,2.6248576e-05
73344,2.6248576e-05
73345,2.6248576e-05
73346,2.6248576e-05
73347,2.6248576e-05
73348,2.6248576e-05
73349,2.6248576e-05
73350,2.6248576e-05
73351,2.6248576e-05
73352,2.6248576e-05
73353,2.6248576e-05
73354,2.6248576e-05
73355,2.6248576e-05
73356,2.6248576e-05
73357,2.6248576e-05
73358,2.6248576e-05
73359,2.6248576e-05
73360,2.6248576e-05
73361,2.6248576e-05
73362,2.6248576e-05
73363,2.6248576e-05
73364,2.6248576e-05
73365,2.6248576e-05
73366,2.6248576e-05
73367,2.6248576e-05
73368,2.6248576e-05
73369,2.6248576e-05
73370,2.6248576e-05
73371,2.6248576e-05
73372,2.6248576e-05
73373,2.6248576e-05
73374,2.6248576e-05
73375,2.6248576e-05
73376,2.6248576e-05
73377,2.6248576e-05
73378,2.6248576e-05
73379,2.6248576e-05
73380,2.6248576e-05
73381,2.6248576e-05
73382,2.6248576e-05
73383,2.6248576e-05
73384,2.6248576e-05
73385,2.6248576e-05
73386,2.6248576e-05
73387,2.6248576e-05
73388,2.6248576e-05
73389,2.6248576e-05
73390,2.6248576e-05
73391,2.6248576e-05
73392,2.6248576e-05
73393,2.6248576e-05
73394,2.6248576e-05
73395,2.6248576e-05
73396,2.6248576e-05
73397,2.6248576e-05
73398,2.6248576e-05
73399,2.6248576e-05
73400,2.6248576e-05
73401,2.6248576e-05
73402,2.6248576e-05
73403,2.6248576e-05
73404,2.6248576e-05
73405,2.6248576e-05
73406,2.6248576e-05
73407,2.6248576e-05
73408,2.6248576e-05
73409,2.6248576e-05
73410,2.6248576e-05
73411,2.6248576e-05
73412,2.6248576e-05
73413,2.6248576e-05
73414,2.6248576e-05
73415,2.6248576e-05
73416,2.6248576e-05
73417,2.6248576e-05
73418,2.6248576e-05
73419,2.6248576e-05
73420,2.6248576e-05
73421,2.6248576e-05
73422,2.6248576e-05
73423,2.6248576e-05
73424,2.6248576e-05
73425,2.6248576e-05
73426,2.6248576e-05
73427,2.6248576e-05
73428,2.6248576e-05
73429,2.6248576e-05
73430,2.6248576e-05
73431,2.6248576e-05
73432,2.6248576e-05
73433,2.6248576e-05
73434,2.6248576e-05
73435,2.6248576e-05
73436,2.6248576e-05
73437,2.6248576e-05
73438,2.6248576e-05
73439,2.6248576e-05
73440,2.6248576e-05
73441,2.6248576e-05
73442,2.6248576e-05
73443,2.6248576e-05
73444,2.6248576e-05
73445,2.6248576e-05
73446,2.6248576e-05
73447,2.6248576e-05
73448,2.6248576e-05
73449,2.6248576e-05
73450,2.6248576e-05
73451,2.6248576e-05
73452,2.6248576e-05
73453,2.6248576e-05
73454,2.6248576e-05
73455,2.6248576e-05
73456,2.6248576e-05
73457,2.6248576e-05
73458,2.6248576e-05
73459,2.6248576e-05
73460,2.6248576e-05
73461,2.6248576e-05
73462,2.6248576e-05
73463,2.6248576e-05
73464,2.6248576e-05
73465,2.6248576e-05
73466,2.6248576e-05
73467,2.6248576e-05
73468,2.6248576e-05
73469,2.6248576e-05
73470,2.6248576e-05
73471,2.6248576e-05
73472,2.6248576e-05
73473,2.6248576e-05
73474,2.6248576e-05
73475,2.6248576e-05
73476,2.6248576e-05
73477,2.6248576e-05
73478,2.6248576e-05
73479,2.6248576e-05
73480,2.6248576e-05
73481,2.6248576e-05
73482,2.6248576e-05
73483,2.6248576e-05
73484,2.6248576e-05
73485,2.6248576e-05
73486,2.6248576e-05
73487,2.6248576e-05
73488,2.6248576e-05
73489,2.6248576e-05
73490,2.6248576e-05
73491,2.6248576e-05
73492,2.6248576e-05
73493,2.6248576e-05
73494,2.6248576e-05
73495,2.6248576e-05
73496,2.6248576e-05
73497,2.6248576e-05
73498,2.6248576e-05
73499,2.6248576e-05
73500,2.6248576e-05
73501,2.6248576e-05
73502,2.6248576e-05
73503,2.6248576e-05
73504,2.6248576e-05
73505,2.6248576e-05
73506,2.6248576e-05
73507,2.6248576e-05
73508,2.6248576e-05
73509,2.6248576e-05
73510,2.6248576e-05
73511,2.6248576e-05
73512,2.6248576e-05
73513,2.6248576e-05
73514,2.6248576e-05
73515,2.6248576e-05
73516,2.6248576e-05
73517,2.6248576e-05
73518,2.6248576e-05
73519,2.6248576e-05
73520,2.6248576e-05
73521,2.6248576e-05
73522,2.6248576e-05
73523,2.6248576e-05
73524,2.6248576e-05
73525,2.6248576e-05
73526,2.6248576e-05
73527,2.6248576e-05
73528,2.6248576e-05
73529,2.6248576e-05
73530,2.6248576e-05
73531,2.6248576e-05
73532,2.6248576e-05
73533,2.6248576e-05
73534,2.6248576e-05
73535,2.6248576e-05
73536,2.6248576e-05
73537,2.6248576e-05
73538,2.6248576e-05
73539,2.6248576e-05
73540,2.6248576e-05
73541,2.6248576e-05
73542,2.6248576e-05
73543,2.6248576e-05
73544,2.6248576e-05
73545,2.6248576e-05
73546,2.6248576e-05
73547,2.6248576e-05
73548,2.6248576e-05
73549,2.6248576e-05
73550,2.6248576e-05
73551,2.6248576e-05
73552,2.6248576e-05
73553,2.6248576e-05
73554,2.6248576e-05
73555,2.6248576e-05
73556,2.6248576e-05
73557,2.6248576e-05
73558,2.6248576e-05
73559,2.6248576e-05
73560,2.6248576e-05
73561,2.6248576e-05
73562,2.6248576e-05
73563,2.6248576e-05
73564,2.6248576e-05
73565,2.6248576e-05
73566,2.6248576e-05
73567,2.6248576e-05
73568,2.6248576e-05
73569,2.6248576e-05
73570,2.6248576e-05
73571,2.6248576e-05
73572,2.6248576e-05
73573,2.6248576e-05
73574,2.6248576e-05
73575,2.6248576e-05
73576,2.6248576e-05
73577,2.6248576e-05
73578,2.6248576e-05
73579,2.6248576e-05
73580,2.6248576e-05
73581,2.6248576e-05
73582,2.6248576e-05
73583,2.6248576e-05
73584,2.6248576e-05
73585,2.6248576e-05
73586,2.6248576e-05
73587,2.6248576e-05
73588,2.6248576e-05
73589,2.6248576e-05
73590,2.6248576e-05
73591,2.6248576e-05
73592,2.6248576e-05
73593,2.6248576e-05
73594,2.6248576e-05
73595,2.6248576e-05
73596,2.6248576e-05
73597,2.6248576e-05
73598,2.6248576e-05
73599,2.6248576e-05
73600,2.6248576e-05
73601,2.6248576e-05
73602,2.6248576e-05
73603,2.6248576e-05
73604,2.6248576e-05
73605,2.6248576e-05
73606,2.6248576e-05
73607,2.6248576e-05
73608,2.6248576e-05
73609,2.6248576e-05
73610,2.6248576e-05
73611,2.6248576e-05
73612,2.6248576e-05
73613,2.6248576e-05
73614,2.6248576e-05
73615,2.6248576e-05
73616,2.6248576e-05
73617,2.6248576e-05
73618,2.6248576e-05
73619,2.6248576e-05
73620,2.6248576e-05
73621,2.6248576e-05
73622,2.6248576e-05
73623,2.6248576e-05
73624,2.6248576e-05
73625,2.6248576e-05
73626,2.6248576e-05
73627,2.6248576e-05
73628,2.6248576e-05
73629,2.6248576e-05
73630,2.6248576e-05
73631,2.6248576e-05
73632,2.6248576e-05
73633,2.6248576e-05
73634,2.6248576e-05
73635,2.6248576e-05
73636,2.6248576e-05
73637,2.6248576e-05
73638,2.6248576e-05
73639,2.6248576e-05
73640,2.6248576e-05
73641,2.6248576e-05
73642,2.6248576e-05
73643,2.6248576e-05
73644,2.6248576e-05
73645,2.6248576e-05
73646,2.6248576e-05
73647,2.6248576e-05
73648,2.6248576e-05
73649,2.6248576e-05
73650,2.6248576e-05
73651,2.6248576e-05
73652,2.6248576e-05
73653,2.6248576e-05
73654,2.6248576e-05
73655,2.6248576e-05
73656,2.6248576e-05
73657,2.6248576e-05
73658,2.6248576e-05
73659,2.6248576e-05
73660,2.6248576e-05
73661,2.6248576e-05
73662,2.6248576e-05
73663,2.6248576e-05
73664,2.6248576e-05
73665,2.6248576e-05
73666,2.6248576e-05
73667,2.6248576e-05
73668,2.6248576e-05
73669,2.6248576e-05
73670,2.6248576e-05
73671,2.6248576e-05
73672,2.6248576e-05
73673,2.6248576e-05
73674,2.6248576e-05
73675,2.6248576e-05
73676,2.6248576e-05
73677,2.6248576e-05
73678,2.6248576e-05
73679,2.6248576e-05
73680,2.6248576e-05
73681,2.6248576e-05
73682,2.6248576e-05
73683,2.6248576e-05
73684,2.6248576e-05
73685,2.6248576e-05
73686,2.6248576e-05
73687,2.6248576e-05
73688,2.6248576e-05
73689,2.6248576e-05
73690,2.6248576e-05
73691,2.6248576e-05
73692,2.6248576e-05
73693,2.6248576e-05
73694,2.6248576e-05
73695,2.6248576e-05
73696,2.6248576e-05
73697,2.6248576e-05
73698,2.6248576e-05
73699,2.6248576e-05
73700,2.6248576e-05
73701,2.6248576e-05
73702,2.6248576e-05
73703,2.6248576e-05
73704,2.6248576e-05
73705,2.6248576e-05
73706,2.6248576e-05
73707,2.6248576e-05
73708,2.6248576e-05
73709,2.6248576e-05
73710,2.6248576e-05
73711,2.6248576e-05
73712,2.6248576e-05
73713,2.6248576e-05
73714,2.6248576e-05
73715,2.6248576e-05
73716,2.6248576e-05
73717,2.6248576e-05
73718,2.6248576e-05
73719,2.6248576e-05
73720,2.6248576e-05
73721,2.6248576e-05
73722,2.6248576e-05
73723,2.6248576e-05
73724,2.6248576e-05
73725,2.6248576e-05
73726,2.6248576e-05
73727,2.6248576e-05
73728,2.6248576e-05
73729,2.6248576e-05
73730,2.6248576e-05
73731,2.6248576e-05
73732,2.6248576e-05
73733,2.6248576e-05
73734,2.6248576e-05
73735,2.6248576e-05
73736,2.6248576e-05
73737,2.6248576e-05
73738,2.6248576e-05
73739,2.6248576e-05
73740,2.6248576e-05
73741,2.6248576e-05
73742,2.6248576e-05
73743,2.6248576e-05
73744,2.6248576e-05
73745,2.6248576e-05
73746,2.6248576e-05
73747,2.6248576e-05
73748,2.6248576e-05
73749,2.6248576e-05
73750,2.6248576e-05
73751,2.6248576e-05
73752,2.6248576e-05
73753,2.6248576e-05
73754,2.6248576e-05
73755,2.6248576e-05
73756,2.6248576e-05
73757,2.6248576e-05
73758,2.6248576e-05
73759,2.6248576e-05
73760,2.6248576e-05
73761,2.6248576e-05
73762,2.6248576e-05
73763,2.6248576e-05
73764,2.6248576e-05
73765,2.6248576e-05
73766,2.6248576e-05
73767,2.6248576e-05
73768,2.6248576e-05
73769,2.6248576e-05
73770,2.6248576e-05
73771,2.6248576e-05
73772,2.6248576e-05
73773,2.6248576e-05
73774,2.6248576e-05
73775,2.6248576e-05
73776,2.6248576e-05
73777,2.6248576e-05
73778,2.6248576e-05
73779,2.6248576e-05
73780,2.6248576e-05
73781,2.6248576e-05
73782,2.6248576e-05
73783,2.6248576e-05
73784,2.6248576e-05
73785,2.6248576e-05
73786,2.6248576e-05
73787,2.6248576e-05
73788,2.6248576e-05
73789,2.6248576e-05
73790,2.6248576e-05
73791,2.6248576e-05
73792,2.6248576e-05
73793,2.6248576e-05
73794,2.6248576e-05
73795,2.6248576e-05
73796,2.6248576e-05
73797,2.6248576e-05
73798,2.6248576e-05
73799,2.6248576e-05
73800,2.6248576e-05
73801,2.6248576e-05
73802,2.6248576e-05
73803,2.6248576e-05
73804,2.6248576e-05
73805,2.6248576e-05
73806,2.6248576e-05
73807,2.6248576e-05
73808,2.6248576e-05
73809,2.6248576e-05
73810,2.6248576e-05
73811,2.6248576e-05
73812,2.6248576e-05
73813,2.6248576e-05
73814,2.6248576e-05
73815,2.6248576e-05
73816,2.6248576e-05
73817,2.6248576e-05
73818,2.6248576e-05
73819,2.6248576e-05
73820,2.6248576e-05
73821,2.6248576e-05
73822,2.6248576e-05
73823,2.6248576e-05
73824,2.6248576e-05
73825,2.6248576e-05
73826,2.6248576e-05
73827,2.6248576e-05
73828,2.6248576e-05
73829,2.6248576e-05
73830,2.6248576e-05
73831,2.6248576e-05
73832,2.6248576e-05
73833,2.6248576e-05
73834,2.6248576e-05
73835,2.6248576e-05
73836,2.6248576e-05
73837,2.6248576e-05
73838,2.6248576e-05
73839,2.6248576e-05
73840,2.6248576e-05
73841,2.6248576e-05
73842,2.6248576e-05
73843,2.6248576e-05
73844,2.6248576e-05
73845,2.6248576e-05
73846,2.6248576e-05
73847,2.6248576e-05
73848,2.6248576e-05
73849,2.6248576e-05
73850,2.6248576e-05
73851,2.6248576e-05
73852,2.6248576e-05
73853,2.6248576e-05
73854,2.6248576e-05
73855,2.6248576e-05
73856,2.6248576e-05
73857,2.6248576e-05
73858,2.6248576e-05
73859,2.6248576e-05
73860,2.6248576e-05
73861,2.6248576e-05
73862,2.6248576e-05
73863,2.6248576e-05
73864,2.6248576e-05
73865,2.6248576e-05
73866,2.6248576e-05
73867,2.6248576e-05
73868,2.6248576e-05
73869,2.6248576e-05
73870,2.6248576e-05
73871,2.6248576e-05
73872,2.6248576e-05
73873,2.6248576e-05
73874,2.6248576e-05
73875,2.6248576e-05
73876,2.6248576e-05
73877,2.6248576e-05
73878,2.6248576e-05
73879,2.6248576e-05
73880,2.6248576e-05
73881,2.6248576e-05
73882,2.6248576e-05
73883,2.6248576e-05
73884,2.6248576e-05
73885,2.6248576e-05
73886,2.6248576e-05
73887,2.6248576e-05
73888,2.6248576e-05
73889,2.6248576e-05
73890,2.6248576e-05
73891,2.6248576e-05
73892,2.6248576e-05
73893,2.6248576e-05
73894,2.6248576e-05
73895,2.6248576e-05
73896,2.6248576e-05
73897,2.6248576e-05
73898,2.6248576e-05
73899,2.6248576e-05
73900,2.6248576e-05
73901,2.6248576e-05
73902,2.6248576e-05
73903,2.6248576e-05
73904,2.6248576e-05
73905,2.6248576e-05
73906,2.6248576e-05
73907,2.6248576e-05
73908,2.6248576e-05
73909,2.6248576e-05
73910,2.6248576e-05
73911,2.6248576e-05
73912,2.6248576e-05
73913,2.6248576e-05
73914,2.6248576e-05
73915,2.6248576e-05
73916,2.6248576e-05
73917,2.6248576e-05
73918,2.6248576e-05
73919,2.6248576e-05
73920,2.6248576e-05
73921,2.6248576e-05
73922,2.6248576e-05
73923,2.6248576e-05
73924,2.6248576e-05
73925,2.6248576e-05
73926,2.6248576e-05
73927,2.6248576e-05
73928,2.6248576e-05
73929,2.6248576e-05
73930,2.6248576e-05
73931,2.6248576e-05
73932,2.6248576e-05
73933,2.6248576e-05
73934,2.6248576e-05
73935,2.6248576e-05
73936,2.6248576e-05
73937,2.6248576e-05
73938,2.6248576e-05
73939,2.6248576e-05
73940,2.6248576e-05
73941,2.6248576e-05
73942,2.6248576e-05
73943,2.6248576e-05
73944,2.6248576e-05
73945,2.6248576e-05
73946,2.6248576e-05
73947,2.6248576e-05
73948,2.6248576e-05
73949,2.6248576e-05
73950,2.6248576e-05
73951,2.6248576e-05
73952,2.6248576e-05
73953,2.6248576e-05
73954,2.6248576e-05
73955,2.6248576e-05
73956,2.6248576e-05
73957,2.6248576e-05
73958,2.6248576e-05
73959,2.6248576e-05
73960,2.6248576e-05
73961,2.6248576e-05
73962,2.6248576e-05
73963,2.6248576e-05
73964,2.6248576e-05
73965,2.6248576e-05
73966,2.6248576e-05
73967,2.6248576e-05
73968,2.6248576e-05
73969,2.6248576e-05
73970,2.6248576e-05
73971,2.6248576e-05
73972,2.6248576e-05
73973,2.6248576e-05
73974,2.6248576e-05
73975,2.6248576e-05
73976,2.6248576e-05
73977,2.6248576e-05
73978,2.6248576e-05
73979,2.6248576e-05
73980,2.6248576e-05
73981,2.6248576e-05
73982,2.6248576e-05
73983,2.6248576e-05
73984,2.6248576e-05
73985,2.6248576e-05
73986,2.6248576e-05
73987,2.6248576e-05
73988,2.6248576e-05
73989,2.6248576e-05
73990,2.6248576e-05
73991,2.6248576e-05
73992,2.6248576e-05
73993,2.6248576e-05
73994,2.6248576e-05
73995,2.6248576e-05
73996,2.6248576e-05
73997,2.6248576e-05
73998,2.6248576e-05
73999,2.6248576e-05
74000,2.6248576e-05
74001,2.6248576e-05
74002,2.6248576e-05
74003,2.6248576e-05
74004,2.6248576e-05
74005,2.6248576e-05
74006,2.6248576e-05
74007,2.6248576e-05
74008,2.6248576e-05
74009,2.6248576e-05
74010,2.6248576e-05
74011,2.6248576e-05
74012,2.6248576e-05
74013,2.6248576e-05
74014,2.6248576e-05
74015,2.6248576e-05
74016,2.6248576e-05
74017,2.6248576e-05
74018,2.6248576e-05
74019,2.6248576e-05
74020,2.6248576e-05
74021,2.6248576e-05
74022,2.6248576e-05
74023,2.6248576e-05
74024,2.6248576e-05
74025,2.6248576e-05
74026,2.6248576e-05
74027,2.6248576e-05
74028,2.6248576e-05
74029,2.6248576e-05
74030,2.6248576e-05
74031,2.6248576e-05
74032,2.6248576e-05
74033,2.6248576e-05
74034,2.6248576e-05
74035,2.6248576e-05
74036,2.6248576e-05
74037,2.6248576e-05
74038,2.6248576e-05
74039,2.6248576e-05
74040,2.6248576e-05
74041,2.6248576e-05
74042,2.6248576e-05
74043,2.6248576e-05
74044,2.6248576e-05
74045,2.6248576e-05
74046,2.6248576e-05
74047,2.6248576e-05
74048,2.6248576e-05
74049,2.6248576e-05
74050,2.6248576e-05
74051,2.6248576e-05
74052,2.6248576e-05
74053,2.6248576e-05
74054,2.6248576e-05
74055,2.6248576e-05
74056,2.6248576e-05
74057,2.6248576e-05
74058,2.6248576e-05
74059,2.6248576e-05
74060,2.6248576e-05
74061,2.6248576e-05
74062,2.6248576e-05
74063,2.6248576e-05
74064,2.6248576e-05
74065,2.6248576e-05
74066,2.6248576e-05
74067,2.6248576e-05
74068,2.6248576e-05
74069,2.6248576e-05
74070,2.6248576e-05
74071,2.6248576e-05
74072,2.6248576e-05
74073,2.6248576e-05
74074,2.6248576e-05
74075,2.6248576e-05
74076,2.6248576e-05
74077,2.6248576e-05
74078,2.6248576e-05
74079,2.6248576e-05
74080,2.6248576e-05
74081,2.6248576e-05
74082,2.6248576e-05
74083,2.6248576e-05
74084,2.6248576e-05
74085,2.6248576e-05
74086,2.6248576e-05
74087,2.6248576e-05
74088,2.6248576e-05
74089,2.6248576e-05
74090,2.6248576e-05
74091,2.6248576e-05
74092,2.6248576e-05
74093,2.6248576e-05
74094,2.6248576e-05
74095,2.6248576e-05
74096,2.6248576e-05
74097,2.6248576e-05
74098,2.6248576e-05
74099,2.6248576e-05
74100,2.6248576e-05
74101,2.6248576e-05
74102,2.6248576e-05
74103,2.6248576e-05
74104,2.6248576e-05
74105,2.6248576e-05
74106,2.6248576e-05
74107,2.6248576e-05
74108,2.6248576e-05
74109,2.6248576e-05
74110,2.6248576e-05
74111,2.6248576e-05
74112,2.6248576e-05
74113,2.6248576e-05
74114,2.6248576e-05
74115,2.6248576e-05
74116,2.6248576e-05
74117,2.6248576e-05
74118,2.6248576e-05
74119,2.6248576e-05
74120,2.6248576e-05
74121,2.6248576e-05
74122,2.6248576e-05
74123,2.6248576e-05
74124,2.6248576e-05
74125,2.6248576e-05
74126,2.6248576e-05
74127,2.6248576e-05
74128,2.6248576e-05
74129,2.6248576e-05
74130,2.6248576e-05
74131,2.6248576e-05
74132,2.6248576e-05
74133,2.6248576e-05
74134,2.6248576e-05
74135,2.6248576e-05
74136,2.6248576e-05
74137,2.6248576e-05
74138,2.6248576e-05
74139,2.6248576e-05
74140,2.6248576e-05
74141,2.6248576e-05
74142,2.6248576e-05
74143,2.6248576e-05
74144,2.6248576e-05
74145,2.6248576e-05
74146,2.6248576e-05
74147,2.6248576e-05
74148,2.6248576e-05
74149,2.6248576e-05
74150,2.6248576e-05
74151,2.6248576e-05
74152,2.6248576e-05
74153,2.6248576e-05
74154,2.6248576e-05
74155,2.6248576e-05
74156,2.6248576e-05
74157,2.6248576e-05
74158,2.6248576e-05
74159,2.6248576e-05
74160,2.6248576e-05
74161,2.6248576e-05
74162,2.6248576e-05
74163,2.6248576e-05
74164,2.6248576e-05
74165,2.6248576e-05
74166,2.6248576e-05
74167,2.6248576e-05
74168,2.6248576e-05
74169,2.6248576e-05
74170,2.6248576e-05
74171,2.6248576e-05
74172,2.6248576e-05
74173,2.6248576e-05
74174,2.6248576e-05
74175,2.6248576e-05
74176,2.6248576e-05
74177,2.6248576e-05
74178,2.6248576e-05
74179,2.6248576e-05
74180,2.6248576e-05
74181,2.6248576e-05
74182,2.6248576e-05
74183,2.6248576e-05
74184,2.6248576e-05
74185,2.6248576e-05
74186,2.6248576e-05
74187,2.6248576e-05
74188,2.6248576e-05
74189,2.6248576e-05
74190,2.6248576e-05
74191,2.6248576e-05
74192,2.6248576e-05
74193,2.6248576e-05
74194,2.6248576e-05
74195,2.6248576e-05
74196,2.6248576e-05
74197,2.6248576e-05
74198,2.6248576e-05
74199,2.6248576e-05
74200,2.6248576e-05
74201,2.6248576e-05
74202,2.6248576e-05
74203,2.6248576e-05
74204,2.6248576e-05
74205,2.6248576e-05
74206,2.6248576e-05
74207,2.6248576e-05
74208,2.6248576e-05
74209,2.6248576e-05
74210,2.6248576e-05
74211,2.6248576e-05
74212,2.6248576e-05
74213,2.6248576e-05
74214,2.6248576e-05
74215,2.6248576e-05
74216,2.6248576e-05
74217,2.6248576e-05
74218,2.6248576e-05
74219,2.6248576e-05
74220,2.6248576e-05
74221,2.6248576e-05
74222,2.6248576e-05
74223,2.6248576e-05
74224,2.6248576e-05
74225,2.6248576e-05
74226,2.6248576e-05
74227,2.6248576e-05
74228,2.6248576e-05
74229,2.6248576e-05
74230,2.6248576e-05
74231,2.6248576e-05
74232,2.6248576e-05
74233,2.6248576e-05
74234,2.6248576e-05
74235,2.6248576e-05
74236,2.6248576e-05
74237,2.6248576e-05
74238,2.6248576e-05
74239,2.6248576e-05
74240,2.6248576e-05
74241,2.6248576e-05
74242,2.6248576e-05
74243,2.6248576e-05
74244,2.6248576e-05
74245,2.6248576e-05
74246,2.6248576e-05
74247,2.6248576e-05
74248,2.6248576e-05
74249,2.6248576e-05
74250,2.6248576e-05
74251,2.6248576e-05
74252,2.6248576e-05
74253,2.6248576e-05
74254,2.6248576e-05
74255,2.6248576e-05
74256,2.6248576e-05
74257,2.6248576e-05
74258,2.6248576e-05
74259,2.6248576e-05
74260,2.6248576e-05
74261,2.6248576e-05
74262,2.6248576e-05
74263,2.6248576e-05
74264,2.6248576e-05
74265,2.6248576e-05
74266,2.6248576e-05
74267,2.6248576e-05
74268,2.6248576e-05
74269,2.6248576e-05
74270,2.6248576e-05
74271,2.6248576e-05
74272,2.6248576e-05
74273,2.6248576e-05
74274,2.6248576e-05
74275,2.6248576e-05
74276,2.6248576e-05
74277,2.6248576e-05
74278,2.6248576e-05
74279,2.6248576e-05
74280,2.6248576e-05
74281,2.6248576e-05
74282,2.6248576e-05
74283,2.6248576e-05
74284,2.6248576e-05
74285,2.6248576e-05
74286,2.6248576e-05
74287,2.6248576e-05
74288,2.6248576e-05
74289,2.6248576e-05
74290,2.6248576e-05
74291,2.6248576e-05
74292,2.6248576e-05
74293,2.6248576e-05
74294,2.6248576e-05
74295,2.6248576e-05
74296,2.6248576e-05
74297,2.6248576e-05
74298,2.6248576e-05
74299,2.6248576e-05
74300,2.6248576e-05
74301,2.6248576e-05
74302,2.6248576e-05
74303,2.6248576e-05
74304,2.6248576e-05
74305,2.6248576e-05
74306,2.6248576e-05
74307,2.6248576e-05
74308,2.6248576e-05
74309,2.6248576e-05
74310,2.6248576e-05
74311,2.6248576e-05
74312,2.6248576e-05
74313,2.6248576e-05
74314,2.6248576e-05
74315,2.6248576e-05
74316,2.6248576e-05
74317,2.6248576e-05
74318,2.6248576e-05
74319,2.6248576e-05
74320,2.6248576e-05
74321,2.6248576e-05
74322,2.6248576e-05
74323,2.6248576e-05
74324,2.6248576e-05
74325,2.6248576e-05
74326,2.6248576e-05
74327,2.6248576e-05
74328,2.6248576e-05
74329,2.6248576e-05
74330,2.6248576e-05
74331,2.6248576e-05
74332,2.6248576e-05
74333,2.6248576e-05
74334,2.6248576e-05
74335,2.6248576e-05
74336,2.6248576e-05
74337,2.6248576e-05
74338,2.6248576e-05
74339,2.6248576e-05
74340,2.6248576e-05
74341,2.6248576e-05
74342,2.6248576e-05
74343,2.6248576e-05
74344,2.6248576e-05
74345,2.6248576e-05
74346,2.6248576e-05
74347,2.6248576e-05
74348,2.6248576e-05
74349,2.6248576e-05
74350,2.6248576e-05
74351,2.6248576e-05
74352,2.6248576e-05
74353,2.6248576e-05
74354,2.6248576e-05
74355,2.6248576e-05
74356,2.6248576e-05
74357,2.6248576e-05
74358,2.6248576e-05
74359,2.6248576e-05
74360,2.6248576e-05
74361,2.6248576e-05
74362,2.6248576e-05
74363,2.6248576e-05
74364,2.6248576e-05
74365,2.6248576e-05
74366,2.6248576e-05
74367,2.6248576e-05
74368,2.6248576e-05
74369,2.6248576e-05
74370,2.6248576e-05
74371,2.6248576e-05
74372,2.6248576e-05
74373,2.6248576e-05
74374,2.6248576e-05
74375,2.6248576e-05
74376,2.6248576e-05
74377,2.6248576e-05
74378,2.6248576e-05
74379,2.6248576e-05
74380,2.6248576e-05
74381,2.6248576e-05
74382,2.6248576e-05
74383,2.6248576e-05
74384,2.6248576e-05
74385,2.6248576e-05
74386,2.6248576e-05
74387,2.6248576e-05
74388,2.6248576e-05
74389,2.6248576e-05
74390,2.6248576e-05
74391,2.6248576e-05
74392,2.6248576e-05
74393,2.6248576e-05
74394,2.6248576e-05
74395,2.6248576e-05
74396,2.6248576e-05
74397,2.6248576e-05
74398,2.6248576e-05
74399,2.6248576e-05
74400,2.6248576e-05
74401,2.6248576e-05
74402,2.6248576e-05
74403,2.6248576e-05
74404,2.6248576e-05
74405,2.6248576e-05
74406,2.6248576e-05
74407,2.6248576e-05
74408,2.6248576e-05
74409,2.6248576e-05
74410,2.6248576e-05
74411,2.6248576e-05
74412,2.6248576e-05
74413,2.6248576e-05
74414,2.6248576e-05
74415,2.6248576e-05
74416,2.6248576e-05
74417,2.6248576e-05
74418,2.6248576e-05
74419,2.6248576e-05
74420,2.6248576e-05
74421,2.6248576e-05
74422,2.6248576e-05
74423,2.6248576e-05
74424,2.6248576e-05
74425,2.6248576e-05
74426,2.6248576e-05
74427,2.6248576e-05
74428,2.6248576e-05
74429,2.6248576e-05
74430,2.6248576e-05
74431,2.6248576e-05
74432,2.6248576e-05
74433,2.6248576e-05
74434,2.6248576e-05
74435,2.6248576e-05
74436,2.6248576e-05
74437,2.6248576e-05
74438,2.6248576e-05
74439,2.6248576e-05
74440,2.6248576e-05
74441,2.6248576e-05
74442,2.6248576e-05
74443,2.6248576e-05
74444,2.6248576e-05
74445,2.6248576e-05
74446,2.6248576e-05
74447,2.6248576e-05
74448,2.6248576e-05
74449,2.6248576e-05
74450,2.6248576e-05
74451,2.6248576e-05
74452,2.6248576e-05
74453,2.6248576e-05
74454,2.6248576e-05
74455,2.6248576e-05
74456,2.6248576e-05
74457,2.6248576e-05
74458,2.6248576e-05
74459,2.6248576e-05
74460,2.6248576e-05
74461,2.6248576e-05
74462,2.6248576e-05
74463,2.6248576e-05
74464,2.6248576e-05
74465,2.6248576e-05
74466,2.6248576e-05
74467,2.6248576e-05
74468,2.6248576e-05
74469,2.6248576e-05
74470,2.6248576e-05
74471,2.6248576e-05
74472,2.6248576e-05
74473,2.6248576e-05
74474,2.6248576e-05
74475,2.6248576e-05
74476,2.6248576e-05
74477,2.6248576e-05
74478,2.6248576e-05
74479,2.6248576e-05
74480,2.6248576e-05
74481,2.6248576e-05
74482,2.6248576e-05
74483,2.6248576e-05
74484,2.6248576e-05
74485,2.6248576e-05
74486,2.6248576e-05
74487,2.6248576e-05
74488,2.6248576e-05
74489,2.6248576e-05
74490,2.6248576e-05
74491,2.6248576e-05
74492,2.6248576e-05
74493,2.6248576e-05
74494,2.6248576e-05
74495,2.6248576e-05
74496,2.6248576e-05
74497,2.6248576e-05
74498,2.6248576e-05
74499,2.6248576e-05
74500,2.6248576e-05
74501,2.6248576e-05
74502,2.6248576e-05
74503,2.6248576e-05
74504,2.6248576e-05
74505,2.6248576e-05
74506,2.6248576e-05
74507,2.6248576e-05
74508,2.6248576e-05
74509,2.6248576e-05
74510,2.6248576e-05
74511,2.6248576e-05
74512,2.6248576e-05
74513,2.6248576e-05
74514,2.6248576e-05
74515,2.6248576e-05
74516,2.6248576e-05
74517,2.6248576e-05
74518,2.6248576e-05
74519,2.6248576e-05
74520,2.6248576e-05
74521,2.6248576e-05
74522,2.6248576e-05
74523,2.6248576e-05
74524,2.6248576e-05
74525,2.6248576e-05
74526,2.6248576e-05
74527,2.6248576e-05
74528,2.6248576e-05
74529,2.6248576e-05
74530,2.6248576e-05
74531,2.6248576e-05
74532,2.6248576e-05
74533,2.6248576e-05
74534,2.6248576e-05
74535,2.6248576e-05
74536,2.6248576e-05
74537,2.6248576e-05
74538,2.6248576e-05
74539,2.6248576e-05
74540,2.6248576e-05
74541,2.6248576e-05
74542,2.6248576e-05
74543,2.6248576e-05
74544,2.6248576e-05
74545,2.6248576e-05
74546,2.6248576e-05
74547,2.6248576e-05
74548,2.6248576e-05
74549,2.6248576e-05
74550,2.6248576e-05
74551,2.6248576e-05
74552,2.6248576e-05
74553,2.6248576e-05
74554,2.6248576e-05
74555,2.6248576e-05
74556,2.6248576e-05
74557,2.6248576e-05
74558,2.6248576e-05
74559,2.6248576e-05
74560,2.6248576e-05
74561,2.6248576e-05
74562,2.6248576e-05
74563,2.6248576e-05
74564,2.6248576e-05
74565,2.6248576e-05
74566,2.6248576e-05
74567,2.6248576e-05
74568,2.6248576e-05
74569,2.6248576e-05
74570,2.6248576e-05
74571,2.6248576e-05
74572,2.6248576e-05
74573,2.6248576e-05
74574,2.6248576e-05
74575,2.6248576e-05
74576,2.6248576e-05
74577,2.6248576e-05
74578,2.6248576e-05
74579,2.6248576e-05
74580,2.6248576e-05
74581,2.6248576e-05
74582,2.6248576e-05
74583,2.6248576e-05
74584,2.6248576e-05
74585,2.6248576e-05
74586,2.6248576e-05
74587,2.6248576e-05
74588,2.6248576e-05
74589,2.6248576e-05
74590,2.6248576e-05
74591,2.6248576e-05
74592,2.6248576e-05
74593,2.6248576e-05
74594,2.6248576e-05
74595,2.6248576e-05
74596,2.6248576e-05
74597,2.6248576e-05
74598,2.6248576e-05
74599,2.6248576e-05
74600,2.6248576e-05
74601,2.6248576e-05
74602,2.6248576e-05
74603,2.6248576e-05
74604,2.6248576e-05
74605,2.6248576e-05
74606,2.6248576e-05
74607,2.6248576e-05
74608,2.6248576e-05
74609,2.6248576e-05
74610,2.6248576e-05
74611,2.6248576e-05
74612,2.6248576e-05
74613,2.6248576e-05
74614,2.6248576e-05
74615,2.6248576e-05
74616,2.6248576e-05
74617,2.6248576e-05
74618,2.6248576e-05
74619,2.6248576e-05
74620,2.6248576e-05
74621,2.6248576e-05
74622,2.6248576e-05
74623,2.6248576e-05
74624,2.6248576e-05
74625,2.6248576e-05
74626,2.6248576e-05
74627,2.6248576e-05
74628,2.6248576e-05
74629,2.6248576e-05
74630,2.6248576e-05
74631,2.6248576e-05
74632,2.6248576e-05
74633,2.6248576e-05
74634,2.6248576e-05
74635,2.6248576e-05
74636,2.6248576e-05
74637,2.6248576e-05
74638,2.6248576e-05
74639,2.6248576e-05
74640,2.6248576e-05
74641,2.6248576e-05
74642,2.6248576e-05
74643,2.6248576e-05
74644,2.6248576e-05
74645,2.6248576e-05
74646,2.6248576e-05
74647,2.6248576e-05
74648,2.6248576e-05
74649,2.6248576e-05
74650,2.6248576e-05
74651,2.6248576e-05
74652,2.6248576e-05
74653,2.6248576e-05
74654,2.6248576e-05
74655,2.6248576e-05
74656,2.6248576e-05
74657,2.6248576e-05
74658,2.6248576e-05
74659,2.6248576e-05
74660,2.6248576e-05
74661,2.6248576e-05
74662,2.6248576e-05
74663,2.6248576e-05
74664,2.6248576e-05
74665,2.6248576e-05
74666,2.6248576e-05
74667,2.6248576e-05
74668,2.6248576e-05
74669,2.6248576e-05
74670,2.6248576e-05
74671,2.6248576e-05
74672,2.6248576e-05
74673,2.6248576e-05
74674,2.6248576e-05
74675,2.6248576e-05
74676,2.6248576e-05
74677,2.6248576e-05
74678,2.6248576e-05
74679,2.6248576e-05
74680,2.6248576e-05
74681,2.6248576e-05
74682,2.6248576e-05
74683,2.6248576e-05
74684,2.6248576e-05
74685,2.6248576e-05
74686,2.6248576e-05
74687,2.6248576e-05
74688,2.6248576e-05
74689,2.6248576e-05
74690,2.6248576e-05
74691,2.6248576e-05
74692,2.6248576e-05
74693,2.6248576e-05
74694,2.6248576e-05
74695,2.6248576e-05
74696,2.6248576e-05
74697,2.6248576e-05
74698,2.6248576e-05
74699,2.6248576e-05
74700,2.6248576e-05
74701,2.6248576e-05
74702,2.6248576e-05
74703,2.6248576e-05
74704,2.6248576e-05
74705,2.6248576e-05
74706,2.6248576e-05
74707,2.6248576e-05
74708,2.6248576e-05
74709,2.6248576e-05
74710,2.6248576e-05
74711,2.6248576e-05
74712,2.6248576e-05
74713,2.6248576e-05
74714,2.6248576e-05
74715,2.6248576e-05
74716,2.6248576e-05
74717,2.6248576e-05
74718,2.6248576e-05
74719,2.6248576e-05
74720,2.6248576e-05
74721,2.6248576e-05
74722,2.6248576e-05
74723,2.6248576e-05
74724,2.6248576e-05
74725,2.6248576e-05
74726,2.6248576e-05
74727,2.6248576e-05
74728,2.6248576e-05
74729,2.6248576e-05
74730,2.6248576e-05
74731,2.6248576e-05
74732,2.6248576e-05
74733,2.6248576e-05
74734,2.6248576e-05
74735,2.6248576e-05
74736,2.6248576e-05
74737,2.6248576e-05
74738,2.6248576e-05
74739,2.6248576e-05
74740,2.6248576e-05
74741,2.6248576e-05
74742,2.6248576e-05
74743,2.6248576e-05
74744,2.6248576e-05
74745,2.6248576e-05
74746,2.6248576e-05
74747,2.6248576e-05
74748,2.6248576e-05
74749,2.6248576e-05
74750,2.6248576e-05
74751,2.6248576e-05
74752,2.6248576e-05
74753,2.6248576e-05
74754,2.6248576e-05
74755,2.6248576e-05
74756,2.6248576e-05
74757,2.6248576e-05
74758,2.6248576e-05
74759,2.6248576e-05
74760,2.6248576e-05
74761,2.6248576e-05
74762,2.6248576e-05
74763,2.6248576e-05
74764,2.6248576e-05
74765,2.6248576e-05
74766,2.6248576e-05
74767,2.6248576e-05
74768,2.6248576e-05
74769,2.6248576e-05
74770,2.6248576e-05
74771,2.6248576e-05
74772,2.6248576e-05
74773,2.6248576e-05
74774,2.6248576e-05
74775,2.6248576e-05
74776,2.6248576e-05
74777,2.6248576e-05
74778,2.6248576e-05
74779,2.6248576e-05
74780,2.6248576e-05
74781,2.6248576e-05
74782,2.6248576e-05
74783,2.6248576e-05
74784,2.6248576e-05
74785,2.6248576e-05
74786,2.6248576e-05
74787,2.6248576e-05
74788,2.6248576e-05
74789,2.6248576e-05
74790,2.6248576e-05
74791,2.6248576e-05
74792,2.6248576e-05
74793,2.6248576e-05
74794,2.6248576e-05
74795,2.6248576e-05
74796,2.6248576e-05
74797,2.6248576e-05
74798,2.6248576e-05
74799,2.6248576e-05
74800,2.6248576e-05
74801,2.6248576e-05
74802,2.6248576e-05
74803,2.6248576e-05
74804,2.6248576e-05
74805,2.6248576e-05
74806,2.6248576e-05
74807,2.6248576e-05
74808,2.6248576e-05
74809,2.6248576e-05
74810,2.6248576e-05
74811,2.6248576e-05
74812,2.6248576e-05
74813,2.6248576e-05
74814,2.6248576e-05
74815,2.6248576e-05
74816,2.6248576e-05
74817,2.6248576e-05
74818,2.6248576e-05
74819,2.6248576e-05
74820,2.6248576e-05
74821,2.6248576e-05
74822,2.6248576e-05
74823,2.6248576e-05
74824,2.6248576e-05
74825,2.6248576e-05
74826,2.6248576e-05
74827,2.6248576e-05
74828,2.6248576e-05
74829,2.6248576e-05
74830,2.6248576e-05
74831,2.6248576e-05
74832,2.6248576e-05
74833,2.6248576e-05
74834,2.6248576e-05
74835,2.6248576e-05
74836,2.6248576e-05
74837,2.6248576e-05
74838,2.6248576e-05
74839,2.6248576e-05
74840,2.6248576e-05
74841,2.6248576e-05
74842,2.6248576e-05
74843,2.6248576e-05
74844,2.6248576e-05
74845,2.6248576e-05
74846,2.6248576e-05
74847,2.6248576e-05
74848,2.6248576e-05
74849,2.6248576e-05
74850,2.6248576e-05
74851,2.6248576e-05
74852,2.6248576e-05
74853,2.6248576e-05
74854,2.6248576e-05
74855,2.6248576e-05
74856,2.6248576e-05
74857,2.6248576e-05
74858,2.6248576e-05
74859,2.6248576e-05
74860,2.6248576e-05
74861,2.6248576e-05
74862,2.6248576e-05
74863,2.6248576e-05
74864,2.6248576e-05
74865,2.6248576e-05
74866,2.6248576e-05
74867,2.6248576e-05
74868,2.6248576e-05
74869,2.6248576e-05
74870,2.6248576e-05
74871,2.6248576e-05
74872,2.6248576e-05
74873,2.6248576e-05
74874,2.6248576e-05
74875,2.6248576e-05
74876,2.6248576e-05
74877,2.6248576e-05
74878,2.6248576e-05
74879,2.6248576e-05
74880,2.6248576e-05
74881,2.6248576e-05
74882,2.6248576e-05
74883,2.6248576e-05
74884,2.6248576e-05
74885,2.6248576e-05
74886,2.6248576e-05
74887,2.6248576e-05
74888,2.6248576e-05
74889,2.6248576e-05
74890,2.6248576e-05
74891,2.6248576e-05
74892,2.6248576e-05
74893,2.6248576e-05
74894,2.6248576e-05
74895,2.6248576e-05
74896,2.6248576e-05
74897,2.6248576e-05
74898,2.6248576e-05
74899,2.6248576e-05
74900,2.6248576e-05
74901,2.6248576e-05
74902,2.6248576e-05
74903,2.6248576e-05
74904,2.6248576e-05
74905,2.6248576e-05
74906,2.6248576e-05
74907,2.6248576e-05
74908,2.6248576e-05
74909,2.6248576e-05
74910,2.6248576e-05
74911,2.6248576e-05
74912,2.6248576e-05
74913,2.6248576e-05
74914,2.6248576e-05
74915,2.6248576e-05
74916,2.6248576e-05
74917,2.6248576e-05
74918,2.6248576e-05
74919,2.6248576e-05
74920,2.6248576e-05
74921,2.6248576e-05
74922,2.6248576e-05
74923,2.6248576e-05
74924,2.6248576e-05
74925,2.6248576e-05
74926,2.6248576e-05
74927,2.6248576e-05
74928,2.6248576e-05
74929,2.6248576e-05
74930,2.6248576e-05
74931,2.6248576e-05
74932,2.6248576e-05
74933,2.6248576e-05
74934,2.6248576e-05
74935,2.6248576e-05
74936,2.6248576e-05
74937,2.6248576e-05
74938,2.6248576e-05
74939,2.6248576e-05
74940,2.6248576e-05
74941,2.6248576e-05
74942,2.6248576e-05
74943,2.6248576e-05
74944,2.6248576e-05
74945,2.6248576e-05
74946,2.6248576e-05
74947,2.6248576e-05
74948,2.6248576e-05
74949,2.6248576e-05
74950,2.6248576e-05
74951,2.6248576e-05
74952,2.6248576e-05
74953,2.6248576e-05
74954,2.6248576e-05
74955,2.6248576e-05
74956,2.6248576e-05
74957,2.6248576e-05
74958,2.6248576e-05
74959,2.6248576e-05
74960,2.6248576e-05
74961,2.6248576e-05
74962,2.6248576e-05
74963,2.6248576e-05
74964,2.6248576e-05
74965,2.6248576e-05
74966,2.6248576e-05
74967,2.6248576e-05
74968,2.6248576e-05
74969,2.6248576e-05
74970,2.6248576e-05
74971,2.6248576e-05
74972,2.6248576e-05
74973,2.6248576e-05
74974,2.6248576e-05
74975,2.6248576e-05
74976,2.6248576e-05
74977,2.6248576e-05
74978,2.6248576e-05
74979,2.6248576e-05
74980,2.6248576e-05
74981,2.6248576e-05
74982,2.6248576e-05
74983,2.6248576e-05
74984,2.6248576e-05
74985,2.6248576e-05
74986,2.6248576e-05
74987,2.6248576e-05
74988,2.6248576e-05
74989,2.6248576e-05
74990,2.6248576e-05
74991,2.6248576e-05
74992,2.6248576e-05
74993,2.6248576e-05
74994,2.6248576e-05
74995,2.6248576e-05
74996,2.6248576e-05
74997,2.6248576e-05
74998,2.6248576e-05
74999,2.6248576e-05
75000,2.6248576e-05
75001,2.6248576e-05
75002,2.6248576e-05
75003,2.6248576e-05
75004,2.6248576e-05
75005,2.6248576e-05
75006,2.6248576e-05
75007,2.6248576e-05
75008,2.6248576e-05
75009,2.6248576e-05
75010,2.6248576e-05
75011,2.6248576e-05
75012,2.6248576e-05
75013,2.6248576e-05
75014,2.6248576e-05
75015,2.6248576e-05
75016,2.6248576e-05
75017,2.6248576e-05
75018,2.6248576e-05
75019,2.6248576e-05
75020,2.6248576e-05
75021,2.6248576e-05
75022,2.6248576e-05
75023,2.6248576e-05
75024,2.6248576e-05
75025,2.6248576e-05
75026,2.6248576e-05
75027,2.6248576e-05
75028,2.6248576e-05
75029,2.6248576e-05
75030,2.6248576e-05
75031,2.6248576e-05
75032,2.6248576e-05
75033,2.6248576e-05
75034,2.6248576e-05
75035,2.6248576e-05
75036,2.6248576e-05
75037,2.6248576e-05
75038,2.6248576e-05
75039,2.6248576e-05
75040,2.6248576e-05
75041,2.6248576e-05
75042,2.6248576e-05
75043,2.6248576e-05
75044,2.6248576e-05
75045,2.6248576e-05
75046,2.6248576e-05
75047,2.6248576e-05
75048,2.6248576e-05
75049,2.6248576e-05
75050,2.6248576e-05
75051,2.6248576e-05
75052,2.6248576e-05
75053,2.6248576e-05
75054,2.6248576e-05
75055,2.6248576e-05
75056,2.6248576e-05
75057,2.6248576e-05
75058,2.6248576e-05
75059,2.6248576e-05
75060,2.6248576e-05
75061,2.6248576e-05
75062,2.6248576e-05
75063,2.6248576e-05
75064,2.6248576e-05
75065,2.6248576e-05
75066,2.6248576e-05
75067,2.6248576e-05
75068,2.6248576e-05
75069,2.6248576e-05
75070,2.6248576e-05
75071,2.6248576e-05
75072,2.6248576e-05
75073,2.6248576e-05
75074,2.6248576e-05
75075,2.6248576e-05
75076,2.6248576e-05
75077,2.6248576e-05
75078,2.6248576e-05
75079,2.6248576e-05
75080,2.6248576e-05
75081,2.6248576e-05
75082,2.6248576e-05
75083,2.6248576e-05
75084,2.6248576e-05
75085,2.6248576e-05
75086,2.6248576e-05
75087,2.6248576e-05
75088,2.6248576e-05
75089,2.6248576e-05
75090,2.6248576e-05
75091,2.6248576e-05
75092,2.6248576e-05
75093,2.6248576e-05
75094,2.6248576e-05
75095,2.6248576e-05
75096,2.6248576e-05
75097,2.6248576e-05
75098,2.6248576e-05
75099,2.6248576e-05
75100,2.6248576e-05
75101,2.6248576e-05
75102,2.6248576e-05
75103,2.6248576e-05
75104,2.6248576e-05
75105,2.6248576e-05
75106,2.6248576e-05
75107,2.6248576e-05
75108,2.6248576e-05
75109,2.6248576e-05
75110,2.6248576e-05
75111,2.6248576e-05
75112,2.6248576e-05
75113,2.6248576e-05
75114,2.6248576e-05
75115,2.6248576e-05
75116,2.6248576e-05
75117,2.6248576e-05
75118,2.6248576e-05
75119,2.6248576e-05
75120,2.6248576e-05
75121,2.6248576e-05
75122,2.6248576e-05
75123,2.6248576e-05
75124,2.6248576e-05
75125,2.6248576e-05
75126,2.6248576e-05
75127,2.6248576e-05
75128,2.6248576e-05
75129,2.6248576e-05
75130,2.6248576e-05
75131,2.6248576e-05
75132,2.6248576e-05
75133,2.6248576e-05
75134,2.6248576e-05
75135,2.6248576e-05
75136,2.6248576e-05
75137,2.6248576e-05
75138,2.6248576e-05
75139,2.6248576e-05
75140,2.6248576e-05
75141,2.6248576e-05
75142,2.6248576e-05
75143,2.6248576e-05
75144,2.6248576e-05
75145,2.6248576e-05
75146,2.6248576e-05
75147,2.6248576e-05
75148,2.6248576e-05
75149,2.6248576e-05
75150,2.6248576e-05
75151,2.6248576e-05
75152,2.6248576e-05
75153,2.6248576e-05
75154,2.6248576e-05
75155,2.6248576e-05
75156,2.6248576e-05
75157,2.6248576e-05
75158,2.6248576e-05
75159,2.6248576e-05
75160,2.6248576e-05
75161,2.6248576e-05
75162,2.6248576e-05
75163,2.6248576e-05
75164,2.6248576e-05
75165,2.6248576e-05
75166,2.6248576e-05
75167,2.6248576e-05
75168,2.6248576e-05
75169,2.6248576e-05
75170,2.6248576e-05
75171,2.6248576e-05
75172,2.6248576e-05
75173,2.6248576e-05
75174,2.6248576e-05
75175,2.6248576e-05
75176,2.6248576e-05
75177,2.6248576e-05
75178,2.6248576e-05
75179,2.6248576e-05
75180,2.6248576e-05
75181,2.6248576e-05
75182,2.6248576e-05
75183,2.6248576e-05
75184,2.6248576e-05
75185,2.6248576e-05
75186,2.6248576e-05
75187,2.6248576e-05
75188,2.6248576e-05
75189,2.6248576e-05
75190,2.6248576e-05
75191,2.6248576e-05
75192,2.6248576e-05
75193,2.6248576e-05
75194,2.6248576e-05
75195,2.6248576e-05
75196,2.6248576e-05
75197,2.6248576e-05
75198,2.6248576e-05
75199,2.6248576e-05
75200,2.6248576e-05
75201,2.6248576e-05
75202,2.6248576e-05
75203,2.6248576e-05
75204,2.6248576e-05
75205,2.6248576e-05
75206,2.6248576e-05
75207,2.6248576e-05
75208,2.6248576e-05
75209,2.6248576e-05
75210,2.6248576e-05
75211,2.6248576e-05
75212,2.6248576e-05
75213,2.6248576e-05
75214,2.6248576e-05
75215,2.6248576e-05
75216,2.6248576e-05
75217,2.6248576e-05
75218,2.6248576e-05
75219,2.6248576e-05
75220,2.6248576e-05
75221,2.6248576e-05
75222,2.6248576e-05
75223,2.6248576e-05
75224,2.6248576e-05
75225,2.6248576e-05
75226,2.6248576e-05
75227,2.6248576e-05
75228,2.6248576e-05
75229,2.6248576e-05
75230,2.6248576e-05
75231,2.6248576e-05
75232,2.6248576e-05
75233,2.6248576e-05
75234,2.6248576e-05
75235,2.6248576e-05
75236,2.6248576e-05
75237,2.6248576e-05
75238,2.6248576e-05
75239,2.6248576e-05
75240,2.6248576e-05
75241,2.6248576e-05
75242,2.6248576e-05
75243,2.6248576e-05
75244,2.6248576e-05
75245,2.6248576e-05
75246,2.6248576e-05
75247,2.6248576e-05
75248,2.6248576e-05
75249,2.6248576e-05
75250,2.6248576e-05
75251,2.6248576e-05
75252,2.6248576e-05
75253,2.6248576e-05
75254,2.6248576e-05
75255,2.6248576e-05
75256,2.6248576e-05
75257,2.6248576e-05
75258,2.6248576e-05
75259,2.6248576e-05
75260,2.6248576e-05
75261,2.6248576e-05
75262,2.6248576e-05
75263,2.6248576e-05
75264,2.6248576e-05
75265,2.6248576e-05
75266,2.6248576e-05
75267,2.6248576e-05
75268,2.6248576e-05
75269,2.6248576e-05
75270,2.6248576e-05
75271,2.6248576e-05
75272,2.6248576e-05
75273,2.6248576e-05
75274,2.6248576e-05
75275,2.6248576e-05
75276,2.6248576e-05
75277,2.6248576e-05
75278,2.6248576e-05
75279,2.6248576e-05
75280,2.6248576e-05
75281,2.6248576e-05
75282,2.6248576e-05
75283,2.6248576e-05
75284,2.6248576e-05
75285,2.6248576e-05
75286,2.6248576e-05
75287,2.6248576e-05
75288,2.6248576e-05
75289,2.6248576e-05
75290,2.6248576e-05
75291,2.6248576e-05
75292,2.6248576e-05
75293,2.6248576e-05
75294,2.6248576e-05
75295,2.6248576e-05
75296,2.6248576e-05
75297,2.6248576e-05
75298,2.6248576e-05
75299,2.6248576e-05
75300,2.6248576e-05
75301,2.6248576e-05
75302,2.6248576e-05
75303,2.6248576e-05
75304,2.6248576e-05
75305,2.6248576e-05
75306,2.6248576e-05
75307,2.6248576e-05
75308,2.6248576e-05
75309,2.6248576e-05
75310,2.6248576e-05
75311,2.6248576e-05
75312,2.6248576e-05
75313,2.6248576e-05
75314,2.6248576e-05
75315,2.6248576e-05
75316,2.6248576e-05
75317,2.6248576e-05
75318,2.6248576e-05
75319,2.6248576e-05
75320,2.6248576e-05
75321,2.6248576e-05
75322,2.6248576e-05
75323,2.6248576e-05
75324,2.6248576e-05
75325,2.6248576e-05
75326,2.6248576e-05
75327,2.6248576e-05
75328,2.6248576e-05
75329,2.6248576e-05
75330,2.6248576e-05
75331,2.6248576e-05
75332,2.6248576e-05
75333,2.6248576e-05
75334,2.6248576e-05
75335,2.6248576e-05
75336,2.6248576e-05
75337,2.6248576e-05
75338,2.6248576e-05
75339,2.6248576e-05
75340,2.6248576e-05
75341,2.6248576e-05
75342,2.6248576e-05
75343,2.6248576e-05
75344,2.6248576e-05
75345,2.6248576e-05
75346,2.6248576e-05
75347,2.6248576e-05
75348,2.6248576e-05
75349,2.6248576e-05
75350,2.6248576e-05
75351,2.6248576e-05
75352,2.6248576e-05
75353,2.6248576e-05
75354,2.6248576e-05
75355,2.6248576e-05
75356,2.6248576e-05
75357,2.6248576e-05
75358,2.6248576e-05
75359,2.6248576e-05
75360,2.6248576e-05
75361,2.6248576e-05
75362,2.6248576e-05
75363,2.6248576e-05
75364,2.6248576e-05
75365,2.6248576e-05
75366,2.6248576e-05
75367,2.6248576e-05
75368,2.6248576e-05
75369,2.6248576e-05
75370,2.6248576e-05
75371,2.6248576e-05
75372,2.6248576e-05
75373,2.6248576e-05
75374,2.6248576e-05
75375,2.6248576e-05
75376,2.6248576e-05
75377,2.6248576e-05
75378,2.6248576e-05
75379,2.6248576e-05
75380,2.6248576e-05
75381,2.6248576e-05
75382,2.6248576e-05
75383,2.6248576e-05
75384,2.6248576e-05
75385,2.6248576e-05
75386,2.6248576e-05
75387,2.6248576e-05
75388,2.6248576e-05
75389,2.6248576e-05
75390,2.6248576e-05
75391,2.6248576e-05
75392,2.6248576e-05
75393,2.6248576e-05
75394,2.6248576e-05
75395,2.6248576e-05
75396,2.6248576e-05
75397,2.6248576e-05
75398,2.6248576e-05
75399,2.6248576e-05
75400,2.6248576e-05
75401,2.6248576e-05
75402,2.6248576e-05
75403,2.6248576e-05
75404,2.6248576e-05
75405,2.6248576e-05
75406,2.6248576e-05
75407,2.6248576e-05
75408,2.6248576e-05
75409,2.6248576e-05
75410,2.6248576e-05
75411,2.6248576e-05
75412,2.6248576e-05
75413,2.6248576e-05
75414,2.6248576e-05
75415,2.6248576e-05
75416,2.6248576e-05
75417,2.6248576e-05
75418,2.6248576e-05
75419,2.6248576e-05
75420,2.6248576e-05
75421,2.6248576e-05
75422,2.6248576e-05
75423,2.6248576e-05
75424,2.6248576e-05
75425,2.6248576e-05
75426,2.6248576e-05
75427,2.6248576e-05
75428,2.6248576e-05
75429,2.6248576e-05
75430,2.6248576e-05
75431,2.6248576e-05
75432,2.6248576e-05
75433,2.6248576e-05
75434,2.6248576e-05
75435,2.6248576e-05
75436,2.6248576e-05
75437,2.6248576e-05
75438,2.6248576e-05
75439,2.6248576e-05
75440,2.6248576e-05
75441,2.6248576e-05
75442,2.6248576e-05
75443,2.6248576e-05
75444,2.6248576e-05
75445,2.6248576e-05
75446,2.6248576e-05
75447,2.6248576e-05
75448,2.6248576e-05
75449,2.6248576e-05
75450,2.6248576e-05
75451,2.6248576e-05
75452,2.6248576e-05
75453,2.6248576e-05
75454,2.6248576e-05
75455,2.6248576e-05
75456,2.6248576e-05
75457,2.6248576e-05
75458,2.6248576e-05
75459,2.6248576e-05
75460,2.6248576e-05
75461,2.6248576e-05
75462,2.6248576e-05
75463,2.6248576e-05
75464,2.6248576e-05
75465,2.6248576e-05
75466,2.6248576e-05
75467,2.6248576e-05
75468,2.6248576e-05
75469,2.6248576e-05
75470,2.6248576e-05
75471,2.6248576e-05
75472,2.6248576e-05
75473,2.6248576e-05
75474,2.6248576e-05
75475,2.6248576e-05
75476,2.6248576e-05
75477,2.6248576e-05
75478,2.6248576e-05
75479,2.6248576e-05
75480,2.6248576e-05
75481,2.6248576e-05
75482,2.6248576e-05
75483,2.6248576e-05
75484,2.6248576e-05
75485,2.6248576e-05
75486,2.6248576e-05
75487,2.6248576e-05
75488,2.6248576e-05
75489,2.6248576e-05
75490,2.6248576e-05
75491,2.6248576e-05
75492,2.6248576e-05
75493,2.6248576e-05
75494,2.6248576e-05
75495,2.6248576e-05
75496,2.6248576e-05
75497,2.6248576e-05
75498,2.6248576e-05
75499,2.6248576e-05
75500,2.6248576e-05
75501,2.6248576e-05
75502,2.6248576e-05
75503,2.6248576e-05
75504,2.6248576e-05
75505,2.6248576e-05
75506,2.6248576e-05
75507,2.6248576e-05
75508,2.6248576e-05
75509,2.6248576e-05
75510,2.6248576e-05
75511,2.6248576e-05
75512,2.6248576e-05
75513,2.6248576e-05
75514,2.6248576e-05
75515,2.6248576e-05
75516,2.6248576e-05
75517,2.6248576e-05
75518,2.6248576e-05
75519,2.6248576e-05
75520,2.6248576e-05
75521,2.6248576e-05
75522,2.6248576e-05
75523,2.6248576e-05
75524,2.6248576e-05
75525,2.6248576e-05
75526,2.6248576e-05
75527,2.6248576e-05
75528,2.6248576e-05
75529,2.6248576e-05
75530,2.6248576e-05
75531,2.6248576e-05
75532,2.6248576e-05
75533,2.6248576e-05
75534,2.6248576e-05
75535,2.6248576e-05
75536,2.6248576e-05
75537,2.6248576e-05
75538,2.6248576e-05
75539,2.6248576e-05
75540,2.6248576e-05
75541,2.6248576e-05
75542,2.6248576e-05
75543,2.6248576e-05
75544,2.6248576e-05
75545,2.6248576e-05
75546,2.6248576e-05
75547,2.6248576e-05
75548,2.6248576e-05
75549,2.6248576e-05
75550,2.6248576e-05
75551,2.6248576e-05
75552,2.6248576e-05
75553,2.6248576e-05
75554,2.6248576e-05
75555,2.6248576e-05
75556,2.6248576e-05
75557,2.6248576e-05
75558,2.6248576e-05
75559,2.6248576e-05
75560,2.6248576e-05
75561,2.6248576e-05
75562,2.6248576e-05
75563,2.6248576e-05
75564,2.6248576e-05
75565,2.6248576e-05
75566,2.6248576e-05
75567,2.6248576e-05
75568,2.6248576e-05
75569,2.6248576e-05
75570,2.6248576e-05
75571,2.6248576e-05
75572,2.6248576e-05
75573,2.6248576e-05
75574,2.6248576e-05
75575,2.6248576e-05
75576,2.6248576e-05
75577,2.6248576e-05
75578,2.6248576e-05
75579,2.6248576e-05
75580,2.6248576e-05
75581,2.6248576e-05
75582,2.6248576e-05
75583,2.6248576e-05
75584,2.6248576e-05
75585,2.6248576e-05
75586,2.6248576e-05
75587,2.6248576e-05
75588,2.6248576e-05
75589,2.6248576e-05
75590,2.6248576e-05
75591,2.6248576e-05
75592,2.6248576e-05
75593,2.6248576e-05
75594,2.6248576e-05
75595,2.6248576e-05
75596,2.6248576e-05
75597,2.6248576e-05
75598,2.6248576e-05
75599,2.6248576e-05
75600,2.6248576e-05
75601,2.6248576e-05
75602,2.6248576e-05
75603,2.6248576e-05
75604,2.6248576e-05
75605,2.6248576e-05
75606,2.6248576e-05
75607,2.6248576e-05
75608,2.6248576e-05
75609,2.6248576e-05
75610,2.6248576e-05
75611,2.6248576e-05
75612,2.6248576e-05
75613,2.6248576e-05
75614,2.6248576e-05
75615,2.6248576e-05
75616,2.6248576e-05
75617,2.6248576e-05
75618,2.6248576e-05
75619,2.6248576e-05
75620,2.6248576e-05
75621,2.6248576e-05
75622,2.6248576e-05
75623,2.6248576e-05
75624,2.6248576e-05
75625,2.6248576e-05
75626,2.6248576e-05
75627,2.6248576e-05
75628,2.6248576e-05
75629,2.6248576e-05
75630,2.6248576e-05
75631,2.6248576e-05
75632,2.6248576e-05
75633,2.6248576e-05
75634,2.6248576e-05
75635,2.6248576e-05
75636,2.6248576e-05
75637,2.6248576e-05
75638,2.6248576e-05
75639,2.6248576e-05
75640,2.6248576e-05
75641,2.6248576e-05
75642,2.6248576e-05
75643,2.6248576e-05
75644,2.6248576e-05
75645,2.6248576e-05
75646,2.6248576e-05
75647,2.6248576e-05
75648,2.6248576e-05
75649,2.6248576e-05
75650,2.6248576e-05
75651,2.6248576e-05
75652,2.6248576e-05
75653,2.6248576e-05
75654,2.6248576e-05
75655,2.6248576e-05
75656,2.6248576e-05
75657,2.6248576e-05
75658,2.6248576e-05
75659,2.6248576e-05
75660,2.6248576e-05
75661,2.6248576e-05
75662,2.6248576e-05
75663,2.6248576e-05
75664,2.6248576e-05
75665,2.6248576e-05
75666,2.6248576e-05
75667,2.6248576e-05
75668,2.6248576e-05
75669,2.6248576e-05
75670,2.6248576e-05
75671,2.6248576e-05
75672,2.6248576e-05
75673,2.6248576e-05
75674,2.6248576e-05
75675,2.6248576e-05
75676,2.6248576e-05
75677,2.6248576e-05
75678,2.6248576e-05
75679,2.6248576e-05
75680,2.6248576e-05
75681,2.6248576e-05
75682,2.6248576e-05
75683,2.6248576e-05
75684,2.6248576e-05
75685,2.6248576e-05
75686,2.6248576e-05
75687,2.6248576e-05
75688,2.6248576e-05
75689,2.6248576e-05
75690,2.6248576e-05
75691,2.6248576e-05
75692,2.6248576e-05
75693,2.6248576e-05
75694,2.6248576e-05
75695,2.6248576e-05
75696,2.6248576e-05
75697,2.6248576e-05
75698,2.6248576e-05
75699,2.6248576e-05
75700,2.6248576e-05
75701,2.6248576e-05
75702,2.6248576e-05
75703,2.6248576e-05
75704,2.6248576e-05
75705,2.6248576e-05
75706,2.6248576e-05
75707,2.6248576e-05
75708,2.6248576e-05
75709,2.6248576e-05
75710,2.6248576e-05
75711,2.6248576e-05
75712,2.6248576e-05
75713,2.6248576e-05
75714,2.6248576e-05
75715,2.6248576e-05
75716,2.6248576e-05
75717,2.6248576e-05
75718,2.6248576e-05
75719,2.6248576e-05
75720,2.6248576e-05
75721,2.6248576e-05
75722,2.6248576e-05
75723,2.6248576e-05
75724,2.6248576e-05
75725,2.6248576e-05
75726,2.6248576e-05
75727,2.6248576e-05
75728,2.6248576e-05
75729,2.6248576e-05
75730,2.6248576e-05
75731,2.6248576e-05
75732,2.6248576e-05
75733,2.6248576e-05
75734,2.6248576e-05
75735,2.6248576e-05
75736,2.6248576e-05
75737,2.6248576e-05
75738,2.6248576e-05
75739,2.6248576e-05
75740,2.6248576e-05
75741,2.6248576e-05
75742,2.6248576e-05
75743,2.6248576e-05
75744,2.6248576e-05
75745,2.6248576e-05
75746,2.6248576e-05
75747,2.6248576e-05
75748,2.6248576e-05
75749,2.6248576e-05
75750,2.6248576e-05
75751,2.6248576e-05
75752,2.6248576e-05
75753,2.6248576e-05
75754,2.6248576e-05
75755,2.6248576e-05
75756,2.6248576e-05
75757,2.6248576e-05
75758,2.6248576e-05
75759,2.6248576e-05
75760,2.6248576e-05
75761,2.6248576e-05
75762,2.6248576e-05
75763,2.6248576e-05
75764,2.6248576e-05
75765,2.6248576e-05
75766,2.6248576e-05
75767,2.6248576e-05
75768,2.6248576e-05
75769,2.6248576e-05
75770,2.6248576e-05
75771,2.6248576e-05
75772,2.6248576e-05
75773,2.6248576e-05
75774,2.6248576e-05
75775,2.6248576e-05
75776,2.6248576e-05
75777,2.6248576e-05
75778,2.6248576e-05
75779,2.6248576e-05
75780,2.6248576e-05
75781,2.6248576e-05
75782,2.6248576e-05
75783,2.6248576e-05
75784,2.6248576e-05
75785,2.6248576e-05
75786,2.6248576e-05
75787,2.6248576e-05
75788,2.6248576e-05
75789,2.6248576e-05
75790,2.6248576e-05
75791,2.6248576e-05
75792,2.6248576e-05
75793,2.6248576e-05
75794,2.6248576e-05
75795,2.6248576e-05
75796,2.6248576e-05
75797,2.6248576e-05
75798,2.6248576e-05
75799,2.6248576e-05
75800,2.6248576e-05
75801,2.6248576e-05
75802,2.6248576e-05
75803,2.6248576e-05
75804,2.6248576e-05
75805,2.6248576e-05
75806,2.6248576e-05
75807,2.6248576e-05
75808,2.6248576e-05
75809,2.6248576e-05
75810,2.6248576e-05
75811,2.6248576e-05
75812,2.6248576e-05
75813,2.6248576e-05
75814,2.6248576e-05
75815,2.6248576e-05
75816,2.6248576e-05
75817,2.6248576e-05
75818,2.6248576e-05
75819,2.6248576e-05
75820,2.6248576e-05
75821,2.6248576e-05
75822,2.6248576e-05
75823,2.6248576e-05
75824,2.6248576e-05
75825,2.6248576e-05
75826,2.6248576e-05
75827,2.6248576e-05
75828,2.6248576e-05
75829,2.6248576e-05
75830,2.6248576e-05
75831,2.6248576e-05
75832,2.6248576e-05
75833,2.6248576e-05
75834,2.6248576e-05
75835,2.6248576e-05
75836,2.6248576e-05
75837,2.6248576e-05
75838,2.6248576e-05
75839,2.6248576e-05
75840,2.6248576e-05
75841,2.6248576e-05
75842,2.6248576e-05
75843,2.6248576e-05
75844,2.6248576e-05
75845,2.6248576e-05
75846,2.6248576e-05
75847,2.6248576e-05
75848,2.6248576e-05
75849,2.6248576e-05
75850,2.6248576e-05
75851,2.6248576e-05
75852,2.6248576e-05
75853,2.6248576e-05
75854,2.6248576e-05
75855,2.6248576e-05
75856,2.6248576e-05
75857,2.6248576e-05
75858,2.6248576e-05
75859,2.6248576e-05
75860,2.6248576e-05
75861,2.6248576e-05
75862,2.6248576e-05
75863,2.6248576e-05
75864,2.6248576e-05
75865,2.6248576e-05
75866,2.6248576e-05
75867,2.6248576e-05
75868,2.6248576e-05
75869,2.6248576e-05
75870,2.6248576e-05
75871,2.6248576e-05
75872,2.6248576e-05
75873,2.6248576e-05
75874,2.6248576e-05
75875,2.6248576e-05
75876,2.6248576e-05
75877,2.6248576e-05
75878,2.6248576e-05
75879,2.6248576e-05
75880,2.6248576e-05
75881,2.6248576e-05
75882,2.6248576e-05
75883,2.6248576e-05
75884,2.6248576e-05
75885,2.6248576e-05
75886,2.6248576e-05
75887,2.6248576e-05
75888,2.6248576e-05
75889,2.6248576e-05
75890,2.6248576e-05
75891,2.6248576e-05
75892,2.6248576e-05
75893,2.6248576e-05
75894,2.6248576e-05
75895,2.6248576e-05
75896,2.6248576e-05
75897,2.6248576e-05
75898,2.6248576e-05
75899,2.6248576e-05
75900,2.6248576e-05
75901,2.6248576e-05
75902,2.6248576e-05
75903,2.6248576e-05
75904,2.6248576e-05
75905,2.6248576e-05
75906,2.6248576e-05
75907,2.6248576e-05
75908,2.6248576e-05
75909,2.6248576e-05
75910,2.6248576e-05
75911,2.6248576e-05
75912,2.6248576e-05
75913,2.6248576e-05
75914,2.6248576e-05
75915,2.6248576e-05
75916,2.6248576e-05
75917,2.6248576e-05
75918,2.6248576e-05
75919,2.6248576e-05
75920,2.6248576e-05
75921,2.6248576e-05
75922,2.6248576e-05
75923,2.6248576e-05
75924,2.6248576e-05
75925,2.6248576e-05
75926,2.6248576e-05
75927,2.6248576e-05
75928,2.6248576e-05
75929,2.6248576e-05
75930,2.6248576e-05
75931,2.6248576e-05
75932,2.6248576e-05
75933,2.6248576e-05
75934,2.6248576e-05
75935,2.6248576e-05
75936,2.6248576e-05
75937,2.6248576e-05
75938,2.6248576e-05
75939,2.6248576e-05
75940,2.6248576e-05
75941,2.6248576e-05
75942,2.6248576e-05
75943,2.6248576e-05
75944,2.6248576e-05
75945,2.6248576e-05
75946,2.6248576e-05
75947,2.6248576e-05
75948,2.6248576e-05
75949,2.6248576e-05
75950,2.6248576e-05
75951,2.6248576e-05
75952,2.6248576e-05
75953,2.6248576e-05
75954,2.6248576e-05
75955,2.6248576e-05
75956,2.6248576e-05
75957,2.6248576e-05
75958,2.6248576e-05
75959,2.6248576e-05
75960,2.6248576e-05
75961,2.6248576e-05
75962,2.6248576e-05
75963,2.6248576e-05
75964,2.6248576e-05
75965,2.6248576e-05
75966,2.6248576e-05
75967,2.6248576e-05
75968,2.6248576e-05
75969,2.6248576e-05
75970,2.6248576e-05
75971,2.6248576e-05
75972,2.6248576e-05
75973,2.6248576e-05
75974,2.6248576e-05
75975,2.6248576e-05
75976,2.6248576e-05
75977,2.6248576e-05
75978,2.6248576e-05
75979,2.6248576e-05
75980,2.6248576e-05
75981,2.6248576e-05
75982,2.6248576e-05
75983,2.6248576e-05
75984,2.6248576e-05
75985,2.6248576e-05
75986,2.6248576e-05
75987,2.6248576e-05
75988,2.6248576e-05
75989,2.6248576e-05
75990,2.6248576e-05
75991,2.6248576e-05
75992,2.6248576e-05
75993,2.6248576e-05
75994,2.6248576e-05
75995,2.6248576e-05
75996,2.6248576e-05
75997,2.6248576e-05
75998,2.6248576e-05
75999,2.6248576e-05
76000,2.6248576e-05
76001,2.6248576e-05
76002,2.6248576e-05
76003,2.6248576e-05
76004,2.6248576e-05
76005,2.6248576e-05
76006,2.6248576e-05
76007,2.6248576e-05
76008,2.6248576e-05
76009,2.6248576e-05
76010,2.6248576e-05
76011,2.6248576e-05
76012,2.6248576e-05
76013,2.6248576e-05
76014,2.6248576e-05
76015,2.6248576e-05
76016,2.6248576e-05
76017,2.6248576e-05
76018,2.6248576e-05
76019,2.6248576e-05
76020,2.6248576e-05
76021,2.6248576e-05
76022,2.6248576e-05
76023,2.6248576e-05
76024,2.6248576e-05
76025,2.6248576e-05
76026,2.6248576e-05
76027,2.6248576e-05
76028,2.6248576e-05
76029,2.6248576e-05
76030,2.6248576e-05
76031,2.6248576e-05
76032,2.6248576e-05
76033,2.6248576e-05
76034,2.6248576e-05
76035,2.6248576e-05
76036,2.6248576e-05
76037,2.6248576e-05
76038,2.6248576e-05
76039,2.6248576e-05
76040,2.6248576e-05
76041,2.6248576e-05
76042,2.6248576e-05
76043,2.6248576e-05
76044,2.6248576e-05
76045,2.6248576e-05
76046,2.6248576e-05
76047,2.6248576e-05
76048,2.6248576e-05
76049,2.6248576e-05
76050,2.6248576e-05
76051,2.6248576e-05
76052,2.6248576e-05
76053,2.6248576e-05
76054,2.6248576e-05
76055,2.6248576e-05
76056,2.6248576e-05
76057,2.6248576e-05
76058,2.6248576e-05
76059,2.6248576e-05
76060,2.6248576e-05
76061,2.6248576e-05
76062,2.6248576e-05
76063,2.6248576e-05
76064,2.6248576e-05
76065,2.6248576e-05
76066,2.6248576e-05
76067,2.6248576e-05
76068,2.6248576e-05
76069,2.6248576e-05
76070,2.6248576e-05
76071,2.6248576e-05
76072,2.6248576e-05
76073,2.6248576e-05
76074,2.6248576e-05
76075,2.6248576e-05
76076,2.6248576e-05
76077,2.6248576e-05
76078,2.6248576e-05
76079,2.6248576e-05
76080,2.6248576e-05
76081,2.6248576e-05
76082,2.6248576e-05
76083,2.6248576e-05
76084,2.6248576e-05
76085,2.6248576e-05
76086,2.6248576e-05
76087,2.6248576e-05
76088,2.6248576e-05
76089,2.6248576e-05
76090,2.6248576e-05
76091,2.6248576e-05
76092,2.6248576e-05
76093,2.6248576e-05
76094,2.6248576e-05
76095,2.6248576e-05
76096,2.6248576e-05
76097,2.6248576e-05
76098,2.6248576e-05
76099,2.6248576e-05
76100,2.6248576e-05
76101,2.6248576e-05
76102,2.6248576e-05
76103,2.6248576e-05
76104,2.6248576e-05
76105,2.6248576e-05
76106,2.6248576e-05
76107,2.6248576e-05
76108,2.6248576e-05
76109,2.6248576e-05
76110,2.6248576e-05
76111,2.6248576e-05
76112,2.6248576e-05
76113,2.6248576e-05
76114,2.6248576e-05
76115,2.6248576e-05
76116,2.6248576e-05
76117,2.6248576e-05
76118,2.6248576e-05
76119,2.6248576e-05
76120,2.6248576e-05
76121,2.6248576e-05
76122,2.6248576e-05
76123,2.6248576e-05
76124,2.6248576e-05
76125,2.6248576e-05
76126,2.6248576e-05
76127,2.6248576e-05
76128,2.6248576e-05
76129,2.6248576e-05
76130,2.6248576e-05
76131,2.6248576e-05
76132,2.6248576e-05
76133,2.6248576e-05
76134,2.6248576e-05
76135,2.6248576e-05
76136,2.6248576e-05
76137,2.6248576e-05
76138,2.6248576e-05
76139,2.6248576e-05
76140,2.6248576e-05
76141,2.6248576e-05
76142,2.6248576e-05
76143,2.6248576e-05
76144,2.6248576e-05
76145,2.6248576e-05
76146,2.6248576e-05
76147,2.6248576e-05
76148,2.6248576e-05
76149,2.6248576e-05
76150,2.6248576e-05
76151,2.6248576e-05
76152,2.6248576e-05
76153,2.6248576e-05
76154,2.6248576e-05
76155,2.6248576e-05
76156,2.6248576e-05
76157,2.6248576e-05
76158,2.6248576e-05
76159,2.6248576e-05
76160,2.6248576e-05
76161,2.6248576e-05
76162,2.6248576e-05
76163,2.6248576e-05
76164,2.6248576e-05
76165,2.6248576e-05
76166,2.6248576e-05
76167,2.6248576e-05
76168,2.6248576e-05
76169,2.6248576e-05
76170,2.6248576e-05
76171,2.6248576e-05
76172,2.6248576e-05
76173,2.6248576e-05
76174,2.6248576e-05
76175,2.6248576e-05
76176,2.6248576e-05
76177,2.6248576e-05
76178,2.6248576e-05
76179,2.6248576e-05
76180,2.6248576e-05
76181,2.6248576e-05
76182,2.6248576e-05
76183,2.6248576e-05
76184,2.6248576e-05
76185,2.6248576e-05
76186,2.6248576e-05
76187,2.6248576e-05
76188,2.6248576e-05
76189,2.6248576e-05
76190,2.6248576e-05
76191,2.6248576e-05
76192,2.6248576e-05
76193,2.6248576e-05
76194,2.6248576e-05
76195,2.6248576e-05
76196,2.6248576e-05
76197,2.6248576e-05
76198,2.6248576e-05
76199,2.6248576e-05
76200,2.6248576e-05
76201,2.6248576e-05
76202,2.6248576e-05
76203,2.6248576e-05
76204,2.6248576e-05
76205,2.6248576e-05
76206,2.6248576e-05
76207,2.6248576e-05
76208,2.6248576e-05
76209,2.6248576e-05
76210,2.6248576e-05
76211,2.6248576e-05
76212,2.6248576e-05
76213,2.6248576e-05
76214,2.6248576e-05
76215,2.6248576e-05
76216,2.6248576e-05
76217,2.6248576e-05
76218,2.6248576e-05
76219,2.6248576e-05
76220,2.6248576e-05
76221,2.6248576e-05
76222,2.6248576e-05
76223,2.6248576e-05
76224,2.6248576e-05
76225,2.6248576e-05
76226,2.6248576e-05
76227,2.6248576e-05
76228,2.6248576e-05
76229,2.6248576e-05
76230,2.6248576e-05
76231,2.6248576e-05
76232,2.6248576e-05
76233,2.6248576e-05
76234,2.6248576e-05
76235,2.6248576e-05
76236,2.6248576e-05
76237,2.6248576e-05
76238,2.6248576e-05
76239,2.6248576e-05
76240,2.6248576e-05
76241,2.6248576e-05
76242,2.6248576e-05
76243,2.6248576e-05
76244,2.6248576e-05
76245,2.6248576e-05
76246,2.6248576e-05
76247,2.6248576e-05
76248,2.6248576e-05
76249,2.6248576e-05
76250,2.6248576e-05
76251,2.6248576e-05
76252,2.6248576e-05
76253,2.6248576e-05
76254,2.6248576e-05
76255,2.6248576e-05
76256,2.6248576e-05
76257,2.6248576e-05
76258,2.6248576e-05
76259,2.6248576e-05
76260,2.6248576e-05
76261,2.6248576e-05
76262,2.6248576e-05
76263,2.6248576e-05
76264,2.6248576e-05
76265,2.6248576e-05
76266,2.6248576e-05
76267,2.6248576e-05
76268,2.6248576e-05
76269,2.6248576e-05
76270,2.6248576e-05
76271,2.6248576e-05
76272,2.6248576e-05
76273,2.6248576e-05
76274,2.6248576e-05
76275,2.6248576e-05
76276,2.6248576e-05
76277,2.6248576e-05
76278,2.6248576e-05
76279,2.6248576e-05
76280,2.6248576e-05
76281,2.6248576e-05
76282,2.6248576e-05
76283,2.6248576e-05
76284,2.6248576e-05
76285,2.6248576e-05
76286,2.6248576e-05
76287,2.6248576e-05
76288,2.6248576e-05
76289,2.6248576e-05
76290,2.6248576e-05
76291,2.6248576e-05
76292,2.6248576e-05
76293,2.6248576e-05
76294,2.6248576e-05
76295,2.6248576e-05
76296,2.6248576e-05
76297,2.6248576e-05
76298,2.6248576e-05
76299,2.6248576e-05
76300,2.6248576e-05
76301,2.6248576e-05
76302,2.6248576e-05
76303,2.6248576e-05
76304,2.6248576e-05
76305,2.6248576e-05
76306,2.6248576e-05
76307,2.6248576e-05
76308,2.6248576e-05
76309,2.6248576e-05
76310,2.6248576e-05
76311,2.6248576e-05
76312,2.6248576e-05
76313,2.6248576e-05
76314,2.6248576e-05
76315,2.6248576e-05
76316,2.6248576e-05
76317,2.6248576e-05
76318,2.6248576e-05
76319,2.6248576e-05
76320,2.6248576e-05
76321,2.6248576e-05
76322,2.6248576e-05
76323,2.6248576e-05
76324,2.6248576e-05
76325,2.6248576e-05
76326,2.6248576e-05
76327,2.6248576e-05
76328,2.6248576e-05
76329,2.6248576e-05
76330,2.6248576e-05
76331,2.6248576e-05
76332,2.6248576e-05
76333,2.6248576e-05
76334,2.6248576e-05
76335,2.6248576e-05
76336,2.6248576e-05
76337,2.6248576e-05
76338,2.6248576e-05
76339,2.6248576e-05
76340,2.6248576e-05
76341,2.6248576e-05
76342,2.6248576e-05
76343,2.6248576e-05
76344,2.6248576e-05
76345,2.6248576e-05
76346,2.6248576e-05
76347,2.6248576e-05
76348,2.6248576e-05
76349,2.6248576e-05
76350,2.6248576e-05
76351,2.6248576e-05
76352,2.6248576e-05
76353,2.6248576e-05
76354,2.6248576e-05
76355,2.6248576e-05
76356,2.6248576e-05
76357,2.6248576e-05
76358,2.6248576e-05
76359,2.6248576e-05
76360,2.6248576e-05
76361,2.6248576e-05
76362,2.6248576e-05
76363,2.6248576e-05
76364,2.6248576e-05
76365,2.6248576e-05
76366,2.6248576e-05
76367,2.6248576e-05
76368,2.6248576e-05
76369,2.6248576e-05
76370,2.6248576e-05
76371,2.6248576e-05
76372,2.6248576e-05
76373,2.6248576e-05
76374,2.6248576e-05
76375,2.6248576e-05
76376,2.6248576e-05
76377,2.6248576e-05
76378,2.6248576e-05
76379,2.6248576e-05
76380,2.6248576e-05
76381,2.6248576e-05
76382,2.6248576e-05
76383,2.6248576e-05
76384,2.6248576e-05
76385,2.6248576e-05
76386,2.6248576e-05
76387,2.6248576e-05
76388,2.6248576e-05
76389,2.6248576e-05
76390,2.6248576e-05
76391,2.6248576e-05
76392,2.6248576e-05
76393,2.6248576e-05
76394,2.6248576e-05
76395,2.6248576e-05
76396,2.6248576e-05
76397,2.6248576e-05
76398,2.6248576e-05
76399,2.6248576e-05
76400,2.6248576e-05
76401,2.6248576e-05
76402,2.6248576e-05
76403,2.6248576e-05
76404,2.6248576e-05
76405,2.6248576e-05
76406,2.6248576e-05
76407,2.6248576e-05
76408,2.6248576e-05
76409,2.6248576e-05
76410,2.6248576e-05
76411,2.6248576e-05
76412,2.6248576e-05
76413,2.6248576e-05
76414,2.6248576e-05
76415,2.6248576e-05
76416,2.6248576e-05
76417,2.6248576e-05
76418,2.6248576e-05
76419,2.6248576e-05
76420,2.6248576e-05
76421,2.6248576e-05
76422,2.6248576e-05
76423,2.6248576e-05
76424,2.6248576e-05
76425,2.6248576e-05
76426,2.6248576e-05
76427,2.6248576e-05
76428,2.6248576e-05
76429,2.6248576e-05
76430,2.6248576e-05
76431,2.6248576e-05
76432,2.6248576e-05
76433,2.6248576e-05
76434,2.6248576e-05
76435,2.6248576e-05
76436,2.6248576e-05
76437,2.6248576e-05
76438,2.6248576e-05
76439,2.6248576e-05
76440,2.6248576e-05
76441,2.6248576e-05
76442,2.6248576e-05
76443,2.6248576e-05
76444,2.6248576e-05
76445,2.6248576e-05
76446,2.6248576e-05
76447,2.6248576e-05
76448,2.6248576e-05
76449,2.6248576e-05
76450,2.6248576e-05
76451,2.6248576e-05
76452,2.6248576e-05
76453,2.6248576e-05
76454,2.6248576e-05
76455,2.6248576e-05
76456,2.6248576e-05
76457,2.6248576e-05
76458,2.6248576e-05
76459,2.6248576e-05
76460,2.6248576e-05
76461,2.6248576e-05
76462,2.6248576e-05
76463,2.6248576e-05
76464,2.6248576e-05
76465,2.6248576e-05
76466,2.6248576e-05
76467,2.6248576e-05
76468,2.6248576e-05
76469,2.6248576e-05
76470,2.6248576e-05
76471,2.6248576e-05
76472,2.6248576e-05
76473,2.6248576e-05
76474,2.6248576e-05
76475,2.6248576e-05
76476,2.6248576e-05
76477,2.6248576e-05
76478,2.6248576e-05
76479,2.6248576e-05
76480,2.6248576e-05
76481,2.6248576e-05
76482,2.6248576e-05
76483,2.6248576e-05
76484,2.6248576e-05
76485,2.6248576e-05
76486,2.6248576e-05
76487,2.6248576e-05
76488,2.6248576e-05
76489,2.6248576e-05
76490,2.6248576e-05
76491,2.6248576e-05
76492,2.6248576e-05
76493,2.6248576e-05
76494,2.6248576e-05
76495,2.6248576e-05
76496,2.6248576e-05
76497,2.6248576e-05
76498,2.6248576e-05
76499,2.6248576e-05
76500,2.6248576e-05
76501,2.6248576e-05
76502,2.6248576e-05
76503,2.6248576e-05
76504,2.6248576e-05
76505,2.6248576e-05
76506,2.6248576e-05
76507,2.6248576e-05
76508,2.6248576e-05
76509,2.6248576e-05
76510,2.6248576e-05
76511,2.6248576e-05
76512,2.6248576e-05
76513,2.6248576e-05
76514,2.6248576e-05
76515,2.6248576e-05
76516,2.6248576e-05
76517,2.6248576e-05
76518,2.6248576e-05
76519,2.6248576e-05
76520,2.6248576e-05
76521,2.6248576e-05
76522,2.6248576e-05
76523,2.6248576e-05
76524,2.6248576e-05
76525,2.6248576e-05
76526,2.6248576e-05
76527,2.6248576e-05
76528,2.6248576e-05
76529,2.6248576e-05
76530,2.6248576e-05
76531,2.6248576e-05
76532,2.6248576e-05
76533,2.6248576e-05
76534,2.6248576e-05
76535,2.6248576e-05
76536,2.6248576e-05
76537,2.6248576e-05
76538,2.6248576e-05
76539,2.6248576e-05
76540,2.6248576e-05
76541,2.6248576e-05
76542,2.6248576e-05
76543,2.6248576e-05
76544,2.6248576e-05
76545,2.6248576e-05
76546,2.6248576e-05
76547,2.6248576e-05
76548,2.6248576e-05
76549,2.6248576e-05
76550,2.6248576e-05
76551,2.6248576e-05
76552,2.6248576e-05
76553,2.6248576e-05
76554,2.6248576e-05
76555,2.6248576e-05
76556,2.6248576e-05
76557,2.6248576e-05
76558,2.6248576e-05
76559,2.6248576e-05
76560,2.6248576e-05
76561,2.6248576e-05
76562,2.6248576e-05
76563,2.6248576e-05
76564,2.6248576e-05
76565,2.6248576e-05
76566,2.6248576e-05
76567,2.6248576e-05
76568,2.6248576e-05
76569,2.6248576e-05
76570,2.6248576e-05
76571,2.6248576e-05
76572,2.6248576e-05
76573,2.6248576e-05
76574,2.6248576e-05
76575,2.6248576e-05
76576,2.6248576e-05
76577,2.6248576e-05
76578,2.6248576e-05
76579,2.6248576e-05
76580,2.6248576e-05
76581,2.6248576e-05
76582,2.6248576e-05
76583,2.6248576e-05
76584,2.6248576e-05
76585,2.6248576e-05
76586,2.6248576e-05
76587,2.6248576e-05
76588,2.6248576e-05
76589,2.6248576e-05
76590,2.6248576e-05
76591,2.6248576e-05
76592,2.6248576e-05
76593,2.6248576e-05
76594,2.6248576e-05
76595,2.6248576e-05
76596,2.6248576e-05
76597,2.6248576e-05
76598,2.6248576e-05
76599,2.6248576e-05
76600,2.6248576e-05
76601,2.6248576e-05
76602,2.6248576e-05
76603,2.6248576e-05
76604,2.6248576e-05
76605,2.6248576e-05
76606,2.6248576e-05
76607,2.6248576e-05
76608,2.6248576e-05
76609,2.6248576e-05
76610,2.6248576e-05
76611,2.6248576e-05
76612,2.6248576e-05
76613,2.6248576e-05
76614,2.6248576e-05
76615,2.6248576e-05
76616,2.6248576e-05
76617,2.6248576e-05
76618,2.6248576e-05
76619,2.6248576e-05
76620,2.6248576e-05
76621,2.6248576e-05
76622,2.6248576e-05
76623,2.6248576e-05
76624,2.6248576e-05
76625,2.6248576e-05
76626,2.6248576e-05
76627,2.6248576e-05
76628,2.6248576e-05
76629,2.6248576e-05
76630,2.6248576e-05
76631,2.6248576e-05
76632,2.6248576e-05
76633,2.6248576e-05
76634,2.6248576e-05
76635,2.6248576e-05
76636,2.6248576e-05
76637,2.6248576e-05
76638,2.6248576e-05
76639,2.6248576e-05
76640,2.6248576e-05
76641,2.6248576e-05
76642,2.6248576e-05
76643,2.6248576e-05
76644,2.6248576e-05
76645,2.6248576e-05
76646,2.6248576e-05
76647,2.6248576e-05
76648,2.6248576e-05
76649,2.6248576e-05
76650,2.6248576e-05
76651,2.6248576e-05
76652,2.6248576e-05
76653,2.6248576e-05
76654,2.6248576e-05
76655,2.6248576e-05
76656,2.6248576e-05
76657,2.6248576e-05
76658,2.6248576e-05
76659,2.6248576e-05
76660,2.6248576e-05
76661,2.6248576e-05
76662,2.6248576e-05
76663,2.6248576e-05
76664,2.6248576e-05
76665,2.6248576e-05
76666,2.6248576e-05
76667,2.6248576e-05
76668,2.6248576e-05
76669,2.6248576e-05
76670,2.6248576e-05
76671,2.6248576e-05
76672,2.6248576e-05
76673,2.6248576e-05
76674,2.6248576e-05
76675,2.6248576e-05
76676,2.6248576e-05
76677,2.6248576e-05
76678,2.6248576e-05
76679,2.6248576e-05
76680,2.6248576e-05
76681,2.6248576e-05
76682,2.6248576e-05
76683,2.6248576e-05
76684,2.6248576e-05
76685,2.6248576e-05
76686,2.6248576e-05
76687,2.6248576e-05
76688,2.6248576e-05
76689,2.6248576e-05
76690,2.6248576e-05
76691,2.6248576e-05
76692,2.6248576e-05
76693,2.6248576e-05
76694,2.6248576e-05
76695,2.6248576e-05
76696,2.6248576e-05
76697,2.6248576e-05
76698,2.6248576e-05
76699,2.6248576e-05
76700,2.6248576e-05
76701,2.6248576e-05
76702,2.6248576e-05
76703,2.6248576e-05
76704,2.6248576e-05
76705,2.6248576e-05
76706,2.6248576e-05
76707,2.6248576e-05
76708,2.6248576e-05
76709,2.6248576e-05
76710,2.6248576e-05
76711,2.6248576e-05
76712,2.6248576e-05
76713,2.6248576e-05
76714,2.6248576e-05
76715,2.6248576e-05
76716,2.6248576e-05
76717,2.6248576e-05
76718,2.6248576e-05
76719,2.6248576e-05
76720,2.6248576e-05
76721,2.6248576e-05
76722,2.6248576e-05
76723,2.6248576e-05
76724,2.6248576e-05
76725,2.6248576e-05
76726,2.6248576e-05
76727,2.6248576e-05
76728,2.6248576e-05
76729,2.6248576e-05
76730,2.6248576e-05
76731,2.6248576e-05
76732,2.6248576e-05
76733,2.6248576e-05
76734,2.6248576e-05
76735,2.6248576e-05
76736,2.6248576e-05
76737,2.6248576e-05
76738,2.6248576e-05
76739,2.6248576e-05
76740,2.6248576e-05
76741,2.6248576e-05
76742,2.6248576e-05
76743,2.6248576e-05
76744,2.6248576e-05
76745,2.6248576e-05
76746,2.6248576e-05
76747,2.6248576e-05
76748,2.6248576e-05
76749,2.6248576e-05
76750,2.6248576e-05
76751,2.6248576e-05
76752,2.6248576e-05
76753,2.6248576e-05
76754,2.6248576e-05
76755,2.6248576e-05
76756,2.6248576e-05
76757,2.6248576e-05
76758,2.6248576e-05
76759,2.6248576e-05
76760,2.6248576e-05
76761,2.6248576e-05
76762,2.6248576e-05
76763,2.6248576e-05
76764,2.6248576e-05
76765,2.6248576e-05
76766,2.6248576e-05
76767,2.6248576e-05
76768,2.6248576e-05
76769,2.6248576e-05
76770,2.6248576e-05
76771,2.6248576e-05
76772,2.6248576e-05
76773,2.6248576e-05
76774,2.6248576e-05
76775,2.6248576e-05
76776,2.6248576e-05
76777,2.6248576e-05
76778,2.6248576e-05
76779,2.6248576e-05
76780,2.6248576e-05
76781,2.6248576e-05
76782,2.6248576e-05
76783,2.6248576e-05
76784,2.6248576e-05
76785,2.6248576e-05
76786,2.6248576e-05
76787,2.6248576e-05
76788,2.6248576e-05
76789,2.6248576e-05
76790,2.6248576e-05
76791,2.6248576e-05
76792,2.6248576e-05
76793,2.6248576e-05
76794,2.6248576e-05
76795,2.6248576e-05
76796,2.6248576e-05
76797,2.6248576e-05
76798,2.6248576e-05
76799,2.6248576e-05
76800,2.6248576e-05
76801,2.6248576e-05
76802,2.6248576e-05
76803,2.6248576e-05
76804,2.6248576e-05
76805,2.6248576e-05
76806,2.6248576e-05
76807,2.6248576e-05
76808,2.6248576e-05
76809,2.6248576e-05
76810,2.6248576e-05
76811,2.6248576e-05
76812,2.6248576e-05
76813,2.6248576e-05
76814,2.6248576e-05
76815,2.6248576e-05
76816,2.6248576e-05
76817,2.6248576e-05
76818,2.6248576e-05
76819,2.6248576e-05
76820,2.6248576e-05
76821,2.6248576e-05
76822,2.6248576e-05
76823,2.6248576e-05
76824,2.6248576e-05
76825,2.6248576e-05
76826,2.6248576e-05
76827,2.6248576e-05
76828,2.6248576e-05
76829,2.6248576e-05
76830,2.6248576e-05
76831,2.6248576e-05
76832,2.6248576e-05
76833,2.6248576e-05
76834,2.6248576e-05
76835,2.6248576e-05
76836,2.6248576e-05
76837,2.6248576e-05
76838,2.6248576e-05
76839,2.6248576e-05
76840,2.6248576e-05
76841,2.6248576e-05
76842,2.6248576e-05
76843,2.6248576e-05
76844,2.6248576e-05
76845,2.6248576e-05
76846,2.6248576e-05
76847,2.6248576e-05
76848,2.6248576e-05
76849,2.6248576e-05
76850,2.6248576e-05
76851,2.6248576e-05
76852,2.6248576e-05
76853,2.6248576e-05
76854,2.6248576e-05
76855,2.6248576e-05
76856,2.6248576e-05
76857,2.6248576e-05
76858,2.6248576e-05
76859,2.6248576e-05
76860,2.6248576e-05
76861,2.6248576e-05
76862,2.6248576e-05
76863,2.6248576e-05
76864,2.6248576e-05
76865,2.6248576e-05
76866,2.6248576e-05
76867,2.6248576e-05
76868,2.6248576e-05
76869,2.6248576e-05
76870,2.6248576e-05
76871,2.6248576e-05
76872,2.6248576e-05
76873,2.6248576e-05
76874,2.6248576e-05
76875,2.6248576e-05
76876,2.6248576e-05
76877,2.6248576e-05
76878,2.6248576e-05
76879,2.6248576e-05
76880,2.6248576e-05
76881,2.6248576e-05
76882,2.6248576e-05
76883,2.6248576e-05
76884,2.6248576e-05
76885,2.6248576e-05
76886,2.6248576e-05
76887,2.6248576e-05
76888,2.6248576e-05
76889,2.6248576e-05
76890,2.6248576e-05
76891,2.6248576e-05
76892,2.6248576e-05
76893,2.6248576e-05
76894,2.6248576e-05
76895,2.6248576e-05
76896,2.6248576e-05
76897,2.6248576e-05
76898,2.6248576e-05
76899,2.6248576e-05
76900,2.6248576e-05
76901,2.6248576e-05
76902,2.6248576e-05
76903,2.6248576e-05
76904,2.6248576e-05
76905,2.6248576e-05
76906,2.6248576e-05
76907,2.6248576e-05
76908,2.6248576e-05
76909,2.6248576e-05
76910,2.6248576e-05
76911,2.6248576e-05
76912,2.6248576e-05
76913,2.6248576e-05
76914,2.6248576e-05
76915,2.6248576e-05
76916,2.6248576e-05
76917,2.6248576e-05
76918,2.6248576e-05
76919,2.6248576e-05
76920,2.6248576e-05
76921,2.6248576e-05
76922,2.6248576e-05
76923,2.6248576e-05
76924,2.6248576e-05
76925,2.6248576e-05
76926,2.6248576e-05
76927,2.6248576e-05
76928,2.6248576e-05
76929,2.6248576e-05
76930,2.6248576e-05
76931,2.6248576e-05
76932,2.6248576e-05
76933,2.6248576e-05
76934,2.6248576e-05
76935,2.6248576e-05
76936,2.6248576e-05
76937,2.6248576e-05
76938,2.6248576e-05
76939,2.6248576e-05
76940,2.6248576e-05
76941,2.6248576e-05
76942,2.6248576e-05
76943,2.6248576e-05
76944,2.6248576e-05
76945,2.6248576e-05
76946,2.6248576e-05
76947,2.6248576e-05
76948,2.6248576e-05
76949,2.6248576e-05
76950,2.6248576e-05
76951,2.6248576e-05
76952,2.6248576e-05
76953,2.6248576e-05
76954,2.6248576e-05
76955,2.6248576e-05
76956,2.6248576e-05
76957,2.6248576e-05
76958,2.6248576e-05
76959,2.6248576e-05
76960,2.6248576e-05
76961,2.6248576e-05
76962,2.6248576e-05
76963,2.6248576e-05
76964,2.6248576e-05
76965,2.6248576e-05
76966,2.6248576e-05
76967,2.6248576e-05
76968,2.6248576e-05
76969,2.6248576e-05
76970,2.6248576e-05
76971,2.6248576e-05
76972,2.6248576e-05
76973,2.6248576e-05
76974,2.6248576e-05
76975,2.6248576e-05
76976,2.6248576e-05
76977,2.6248576e-05
76978,2.6248576e-05
76979,2.6248576e-05
76980,2.6248576e-05
76981,2.6248576e-05
76982,2.6248576e-05
76983,2.6248576e-05
76984,2.6248576e-05
76985,2.6248576e-05
76986,2.6248576e-05
76987,2.6248576e-05
76988,2.6248576e-05
76989,2.6248576e-05
76990,2.6248576e-05
76991,2.6248576e-05
76992,2.6248576e-05
76993,2.6248576e-05
76994,2.6248576e-05
76995,2.6248576e-05
76996,2.6248576e-05
76997,2.6248576e-05
76998,2.6248576e-05
76999,2.6248576e-05
77000,2.6248576e-05
77001,2.6248576e-05
77002,2.6248576e-05
77003,2.6248576e-05
77004,2.6248576e-05
77005,2.6248576e-05
77006,2.6248576e-05
77007,2.6248576e-05
77008,2.6248576e-05
77009,2.6248576e-05
77010,2.6248576e-05
77011,2.6248576e-05
77012,2.6248576e-05
77013,2.6248576e-05
77014,2.6248576e-05
77015,2.6248576e-05
77016,2.6248576e-05
77017,2.6248576e-05
77018,2.6248576e-05
77019,2.6248576e-05
77020,2.6248576e-05
77021,2.6248576e-05
77022,2.6248576e-05
77023,2.6248576e-05
77024,2.6248576e-05
77025,2.6248576e-05
77026,2.6248576e-05
77027,2.6248576e-05
77028,2.6248576e-05
77029,2.6248576e-05
77030,2.6248576e-05
77031,2.6248576e-05
77032,2.6248576e-05
77033,2.6248576e-05
77034,2.6248576e-05
77035,2.6248576e-05
77036,2.6248576e-05
77037,2.6248576e-05
77038,2.6248576e-05
77039,2.6248576e-05
77040,2.6248576e-05
77041,2.6248576e-05
77042,2.6248576e-05
77043,2.6248576e-05
77044,2.6248576e-05
77045,2.6248576e-05
77046,2.6248576e-05
77047,2.6248576e-05
77048,2.6248576e-05
77049,2.6248576e-05
77050,2.6248576e-05
77051,2.6248576e-05
77052,2.6248576e-05
77053,2.6248576e-05
77054,2.6248576e-05
77055,2.6248576e-05
77056,2.6248576e-05
77057,2.6248576e-05
77058,2.6248576e-05
77059,2.6248576e-05
77060,2.6248576e-05
77061,2.6248576e-05
77062,2.6248576e-05
77063,2.6248576e-05
77064,2.6248576e-05
77065,2.6248576e-05
77066,2.6248576e-05
77067,2.6248576e-05
77068,2.6248576e-05
77069,2.6248576e-05
77070,2.6248576e-05
77071,2.6248576e-05
77072,2.6248576e-05
77073,2.6248576e-05
77074,2.6248576e-05
77075,2.6248576e-05
77076,2.6248576e-05
77077,2.6248576e-05
77078,2.6248576e-05
77079,2.6248576e-05
77080,2.6248576e-05
77081,2.6248576e-05
77082,2.6248576e-05
77083,2.6248576e-05
77084,2.6248576e-05
77085,2.6248576e-05
77086,2.6248576e-05
77087,2.6248576e-05
77088,2.6248576e-05
77089,2.6248576e-05
77090,2.6248576e-05
77091,2.6248576e-05
77092,2.6248576e-05
77093,2.6248576e-05
77094,2.6248576e-05
77095,2.6248576e-05
77096,2.6248576e-05
77097,2.6248576e-05
77098,2.6248576e-05
77099,2.6248576e-05
77100,2.6248576e-05
77101,2.6248576e-05
77102,2.6248576e-05
77103,2.6248576e-05
77104,2.6248576e-05
77105,2.6248576e-05
77106,2.6248576e-05
77107,2.6248576e-05
77108,2.6248576e-05
77109,2.6248576e-05
77110,2.6248576e-05
77111,2.6248576e-05
77112,2.6248576e-05
77113,2.6248576e-05
77114,2.6248576e-05
77115,2.6248576e-05
77116,2.6248576e-05
77117,2.6248576e-05
77118,2.6248576e-05
77119,2.6248576e-05
77120,2.6248576e-05
77121,2.6248576e-05
77122,2.6248576e-05
77123,2.6248576e-05
77124,2.6248576e-05
77125,2.6248576e-05
77126,2.6248576e-05
77127,2.6248576e-05
77128,2.6248576e-05
77129,2.6248576e-05
77130,2.6248576e-05
77131,2.6248576e-05
77132,2.6248576e-05
77133,2.6248576e-05
77134,2.6248576e-05
77135,2.6248576e-05
77136,2.6248576e-05
77137,2.6248576e-05
77138,2.6248576e-05
77139,2.6248576e-05
77140,2.6248576e-05
77141,2.6248576e-05
77142,2.6248576e-05
77143,2.6248576e-05
77144,2.6248576e-05
77145,2.6248576e-05
77146,2.6248576e-05
77147,2.6248576e-05
77148,2.6248576e-05
77149,2.6248576e-05
77150,2.6248576e-05
77151,2.6248576e-05
77152,2.6248576e-05
77153,2.6248576e-05
77154,2.6248576e-05
77155,2.6248576e-05
77156,2.6248576e-05
77157,2.6248576e-05
77158,2.6248576e-05
77159,2.6248576e-05
77160,2.6248576e-05
77161,2.6248576e-05
77162,2.6248576e-05
77163,2.6248576e-05
77164,2.6248576e-05
77165,2.6248576e-05
77166,2.6248576e-05
77167,2.6248576e-05
77168,2.6248576e-05
77169,2.6248576e-05
77170,2.6248576e-05
77171,2.6248576e-05
77172,2.6248576e-05
77173,2.6248576e-05
77174,2.6248576e-05
77175,2.6248576e-05
77176,2.6248576e-05
77177,2.6248576e-05
77178,2.6248576e-05
77179,2.6248576e-05
77180,2.6248576e-05
77181,2.6248576e-05
77182,2.6248576e-05
77183,2.6248576e-05
77184,2.6248576e-05
77185,2.6248576e-05
77186,2.6248576e-05
77187,2.6248576e-05
77188,2.6248576e-05
77189,2.6248576e-05
77190,2.6248576e-05
77191,2.6248576e-05
77192,2.6248576e-05
77193,2.6248576e-05
77194,2.6248576e-05
77195,2.6248576e-05
77196,2.6248576e-05
77197,2.6248576e-05
77198,2.6248576e-05
77199,2.6248576e-05
77200,2.6248576e-05
77201,2.6248576e-05
77202,2.6248576e-05
77203,2.6248576e-05
77204,2.6248576e-05
77205,2.6248576e-05
77206,2.6248576e-05
77207,2.6248576e-05
77208,2.6248576e-05
77209,2.6248576e-05
77210,2.6248576e-05
77211,2.6248576e-05
77212,2.6248576e-05
77213,2.6248576e-05
77214,2.6248576e-05
77215,2.6248576e-05
77216,2.6248576e-05
77217,2.6248576e-05
77218,2.6248576e-05
77219,2.6248576e-05
77220,2.6248576e-05
77221,2.6248576e-05
77222,2.6248576e-05
77223,2.6248576e-05
77224,2.6248576e-05
77225,2.6248576e-05
77226,2.6248576e-05
77227,2.6248576e-05
77228,2.6248576e-05
77229,2.6248576e-05
77230,2.6248576e-05
77231,2.6248576e-05
77232,2.6248576e-05
77233,2.6248576e-05
77234,2.6248576e-05
77235,2.6248576e-05
77236,2.6248576e-05
77237,2.6248576e-05
77238,2.6248576e-05
77239,2.6248576e-05
77240,2.6248576e-05
77241,2.6248576e-05
77242,2.6248576e-05
77243,2.6248576e-05
77244,2.6248576e-05
77245,2.6248576e-05
77246,2.6248576e-05
77247,2.6248576e-05
77248,2.6248576e-05
77249,2.6248576e-05
77250,2.6248576e-05
77251,2.6248576e-05
77252,2.6248576e-05
77253,2.6248576e-05
77254,2.6248576e-05
77255,2.6248576e-05
77256,2.6248576e-05
77257,2.6248576e-05
77258,2.6248576e-05
77259,2.6248576e-05
77260,2.6248576e-05
77261,2.6248576e-05
77262,2.6248576e-05
77263,2.6248576e-05
77264,2.6248576e-05
77265,2.6248576e-05
77266,2.6248576e-05
77267,2.6248576e-05
77268,2.6248576e-05
77269,2.6248576e-05
77270,2.6248576e-05
77271,2.6248576e-05
77272,2.6248576e-05
77273,2.6248576e-05
77274,2.6248576e-05
77275,2.6248576e-05
77276,2.6248576e-05
77277,2.6248576e-05
77278,2.6248576e-05
77279,2.6248576e-05
77280,2.6248576e-05
77281,2.6248576e-05
77282,2.6248576e-05
77283,2.6248576e-05
77284,2.6248576e-05
77285,2.6248576e-05
77286,2.6248576e-05
77287,2.6248576e-05
77288,2.6248576e-05
77289,2.6248576e-05
77290,2.6248576e-05
77291,2.6248576e-05
77292,2.6248576e-05
77293,2.6248576e-05
77294,2.6248576e-05
77295,2.6248576e-05
77296,2.6248576e-05
77297,2.6248576e-05
77298,2.6248576e-05
77299,2.6248576e-05
77300,2.6248576e-05
77301,2.6248576e-05
77302,2.6248576e-05
77303,2.6248576e-05
77304,2.6248576e-05
77305,2.6248576e-05
77306,2.6248576e-05
77307,2.6248576e-05
77308,2.6248576e-05
77309,2.6248576e-05
77310,2.6248576e-05
77311,2.6248576e-05
77312,2.6248576e-05
77313,2.6248576e-05
77314,2.6248576e-05
77315,2.6248576e-05
77316,2.6248576e-05
77317,2.6248576e-05
77318,2.6248576e-05
77319,2.6248576e-05
77320,2.6248576e-05
77321,2.6248576e-05
77322,2.6248576e-05
77323,2.6248576e-05
77324,2.6248576e-05
77325,2.6248576e-05
77326,2.6248576e-05
77327,2.6248576e-05
77328,2.6248576e-05
77329,2.6248576e-05
77330,2.6248576e-05
77331,2.6248576e-05
77332,2.6248576e-05
77333,2.6248576e-05
77334,2.6248576e-05
77335,2.6248576e-05
77336,2.6248576e-05
77337,2.6248576e-05
77338,2.6248576e-05
77339,2.6248576e-05
77340,2.6248576e-05
77341,2.6248576e-05
77342,2.6248576e-05
77343,2.6248576e-05
77344,2.6248576e-05
77345,2.6248576e-05
77346,2.6248576e-05
77347,2.6248576e-05
77348,2.6248576e-05
77349,2.6248576e-05
77350,2.6248576e-05
77351,2.6248576e-05
77352,2.6248576e-05
77353,2.6248576e-05
77354,2.6248576e-05
77355,2.6248576e-05
77356,2.6248576e-05
77357,2.6248576e-05
77358,2.6248576e-05
77359,2.6248576e-05
77360,2.6248576e-05
77361,2.6248576e-05
77362,2.6248576e-05
77363,2.6248576e-05
77364,2.6248576e-05
77365,2.6248576e-05
77366,2.6248576e-05
77367,2.6248576e-05
77368,2.6248576e-05
77369,2.6248576e-05
77370,2.6248576e-05
77371,2.6248576e-05
77372,2.6248576e-05
77373,2.6248576e-05
77374,2.6248576e-05
77375,2.6248576e-05
77376,2.6248576e-05
77377,2.6248576e-05
77378,2.6248576e-05
77379,2.6248576e-05
77380,2.6248576e-05
77381,2.6248576e-05
77382,2.6248576e-05
77383,2.6248576e-05
77384,2.6248576e-05
77385,2.6248576e-05
77386,2.6248576e-05
77387,2.6248576e-05
77388,2.6248576e-05
77389,2.6248576e-05
77390,2.6248576e-05
77391,2.6248576e-05
77392,2.6248576e-05
77393,2.6248576e-05
77394,2.6248576e-05
77395,2.6248576e-05
77396,2.6248576e-05
77397,2.6248576e-05
77398,2.6248576e-05
77399,2.6248576e-05
77400,2.6248576e-05
77401,2.6248576e-05
77402,2.6248576e-05
77403,2.6248576e-05
77404,2.6248576e-05
77405,2.6248576e-05
77406,2.6248576e-05
77407,2.6248576e-05
77408,2.6248576e-05
77409,2.6248576e-05
77410,2.6248576e-05
77411,2.6248576e-05
77412,2.6248576e-05
77413,2.6248576e-05
77414,2.6248576e-05
77415,2.6248576e-05
77416,2.6248576e-05
77417,2.6248576e-05
77418,2.6248576e-05
77419,2.6248576e-05
77420,2.6248576e-05
77421,2.6248576e-05
77422,2.6248576e-05
77423,2.6248576e-05
77424,2.6248576e-05
77425,2.6248576e-05
77426,2.6248576e-05
77427,2.6248576e-05
77428,2.6248576e-05
77429,2.6248576e-05
77430,2.6248576e-05
77431,2.6248576e-05
77432,2.6248576e-05
77433,2.6248576e-05
77434,2.6248576e-05
77435,2.6248576e-05
77436,2.6248576e-05
77437,2.6248576e-05
77438,2.6248576e-05
77439,2.6248576e-05
77440,2.6248576e-05
77441,2.6248576e-05
77442,2.6248576e-05
77443,2.6248576e-05
77444,2.6248576e-05
77445,2.6248576e-05
77446,2.6248576e-05
77447,2.6248576e-05
77448,2.6248576e-05
77449,2.6248576e-05
77450,2.6248576e-05
77451,2.6248576e-05
77452,2.6248576e-05
77453,2.6248576e-05
77454,2.6248576e-05
77455,2.6248576e-05
77456,2.6248576e-05
77457,2.6248576e-05
77458,2.6248576e-05
77459,2.6248576e-05
77460,2.6248576e-05
77461,2.6248576e-05
77462,2.6248576e-05
77463,2.6248576e-05
77464,2.6248576e-05
77465,2.6248576e-05
77466,2.6248576e-05
77467,2.6248576e-05
77468,2.6248576e-05
77469,2.6248576e-05
77470,2.6248576e-05
77471,2.6248576e-05
77472,2.6248576e-05
77473,2.6248576e-05
77474,2.6248576e-05
77475,2.6248576e-05
77476,2.6248576e-05
77477,2.6248576e-05
77478,2.6248576e-05
77479,2.6248576e-05
77480,2.6248576e-05
77481,2.6248576e-05
77482,2.6248576e-05
77483,2.6248576e-05
77484,2.6248576e-05
77485,2.6248576e-05
77486,2.6248576e-05
77487,2.6248576e-05
77488,2.6248576e-05
77489,2.6248576e-05
77490,2.6248576e-05
77491,2.6248576e-05
77492,2.6248576e-05
77493,2.6248576e-05
77494,2.6248576e-05
77495,2.6248576e-05
77496,2.6248576e-05
77497,2.6248576e-05
77498,2.6248576e-05
77499,2.6248576e-05
77500,2.6248576e-05
77501,2.6248576e-05
77502,2.6248576e-05
77503,2.6248576e-05
77504,2.6248576e-05
77505,2.6248576e-05
77506,2.6248576e-05
77507,2.6248576e-05
77508,2.6248576e-05
77509,2.6248576e-05
77510,2.6248576e-05
77511,2.6248576e-05
77512,2.6248576e-05
77513,2.6248576e-05
77514,2.6248576e-05
77515,2.6248576e-05
77516,2.6248576e-05
77517,2.6248576e-05
77518,2.6248576e-05
77519,2.6248576e-05
77520,2.6248576e-05
77521,2.6248576e-05
77522,2.6248576e-05
77523,2.6248576e-05
77524,2.6248576e-05
77525,2.6248576e-05
77526,2.6248576e-05
77527,2.6248576e-05
77528,2.6248576e-05
77529,2.6248576e-05
77530,2.6248576e-05
77531,2.6248576e-05
77532,2.6248576e-05
77533,2.6248576e-05
77534,2.6248576e-05
77535,2.6248576e-05
77536,2.6248576e-05
77537,2.6248576e-05
77538,2.6248576e-05
77539,2.6248576e-05
77540,2.6248576e-05
77541,2.6248576e-05
77542,2.6248576e-05
77543,2.6248576e-05
77544,2.6248576e-05
77545,2.6248576e-05
77546,2.6248576e-05
77547,2.6248576e-05
77548,2.6248576e-05
77549,2.6248576e-05
77550,2.6248576e-05
77551,2.6248576e-05
77552,2.6248576e-05
77553,2.6248576e-05
77554,2.6248576e-05
77555,2.6248576e-05
77556,2.6248576e-05
77557,2.6248576e-05
77558,2.6248576e-05
77559,2.6248576e-05
77560,2.6248576e-05
77561,2.6248576e-05
77562,2.6248576e-05
77563,2.6248576e-05
77564,2.6248576e-05
77565,2.6248576e-05
77566,2.6248576e-05
77567,2.6248576e-05
77568,2.6248576e-05
77569,2.6248576e-05
77570,2.6248576e-05
77571,2.6248576e-05
77572,2.6248576e-05
77573,2.6248576e-05
77574,2.6248576e-05
77575,2.6248576e-05
77576,2.6248576e-05
77577,2.6248576e-05
77578,2.6248576e-05
77579,2.6248576e-05
77580,2.6248576e-05
77581,2.6248576e-05
77582,2.6248576e-05
77583,2.6248576e-05
77584,2.6248576e-05
77585,2.6248576e-05
77586,2.6248576e-05
77587,2.6248576e-05
77588,2.6248576e-05
77589,2.6248576e-05
77590,2.6248576e-05
77591,2.6248576e-05
77592,2.6248576e-05
77593,2.6248576e-05
77594,2.6248576e-05
77595,2.6248576e-05
77596,2.6248576e-05
77597,2.6248576e-05
77598,2.6248576e-05
77599,2.6248576e-05
77600,2.6248576e-05
77601,2.6248576e-05
77602,2.6248576e-05
77603,2.6248576e-05
77604,2.6248576e-05
77605,2.6248576e-05
77606,2.6248576e-05
77607,2.6248576e-05
77608,2.6248576e-05
77609,2.6248576e-05
77610,2.6248576e-05
77611,2.6248576e-05
77612,2.6248576e-05
77613,2.6248576e-05
77614,2.6248576e-05
77615,2.6248576e-05
77616,2.6248576e-05
77617,2.6248576e-05
77618,2.6248576e-05
77619,2.6248576e-05
77620,2.6248576e-05
77621,2.6248576e-05
77622,2.6248576e-05
77623,2.6248576e-05
77624,2.6248576e-05
77625,2.6248576e-05
77626,2.6248576e-05
77627,2.6248576e-05
77628,2.6248576e-05
77629,2.6248576e-05
77630,2.6248576e-05
77631,2.6248576e-05
77632,2.6248576e-05
77633,2.6248576e-05
77634,2.6248576e-05
77635,2.6248576e-05
77636,2.6248576e-05
77637,2.6248576e-05
77638,2.6248576e-05
77639,2.6248576e-05
77640,2.6248576e-05
77641,2.6248576e-05
77642,2.6248576e-05
77643,2.6248576e-05
77644,2.6248576e-05
77645,2.6248576e-05
77646,2.6248576e-05
77647,2.6248576e-05
77648,2.6248576e-05
77649,2.6248576e-05
77650,2.6248576e-05
77651,2.6248576e-05
77652,2.6248576e-05
77653,2.6248576e-05
77654,2.6248576e-05
77655,2.6248576e-05
77656,2.6248576e-05
77657,2.6248576e-05
77658,2.6248576e-05
77659,2.6248576e-05
77660,2.6248576e-05
77661,2.6248576e-05
77662,2.6248576e-05
77663,2.6248576e-05
77664,2.6248576e-05
77665,2.6248576e-05
77666,2.6248576e-05
77667,2.6248576e-05
77668,2.6248576e-05
77669,2.6248576e-05
77670,2.6248576e-05
77671,2.6248576e-05
77672,2.6248576e-05
77673,2.6248576e-05
77674,2.6248576e-05
77675,2.6248576e-05
77676,2.6248576e-05
77677,2.6248576e-05
77678,2.6248576e-05
77679,2.6248576e-05
77680,2.6248576e-05
77681,2.6248576e-05
77682,2.6248576e-05
77683,2.6248576e-05
77684,2.6248576e-05
77685,2.6248576e-05
77686,2.6248576e-05
77687,2.6248576e-05
77688,2.6248576e-05
77689,2.6248576e-05
77690,2.6248576e-05
77691,2.6248576e-05
77692,2.6248576e-05
77693,2.6248576e-05
77694,2.6248576e-05
77695,2.6248576e-05
77696,2.6248576e-05
77697,2.6248576e-05
77698,2.6248576e-05
77699,2.6248576e-05
77700,2.6248576e-05
77701,2.6248576e-05
77702,2.6248576e-05
77703,2.6248576e-05
77704,2.6248576e-05
77705,2.6248576e-05
77706,2.6248576e-05
77707,2.6248576e-05
77708,2.6248576e-05
77709,2.6248576e-05
77710,2.6248576e-05
77711,2.6248576e-05
77712,2.6248576e-05
77713,2.6248576e-05
77714,2.6248576e-05
77715,2.6248576e-05
77716,2.6248576e-05
77717,2.6248576e-05
77718,2.6248576e-05
77719,2.6248576e-05
77720,2.6248576e-05
77721,2.6248576e-05
77722,2.6248576e-05
77723,2.6248576e-05
77724,2.6248576e-05
77725,2.6248576e-05
77726,2.6248576e-05
77727,2.6248576e-05
77728,2.6248576e-05
77729,2.6248576e-05
77730,2.6248576e-05
77731,2.6248576e-05
77732,2.6248576e-05
77733,2.6248576e-05
77734,2.6248576e-05
77735,2.6248576e-05
77736,2.6248576e-05
77737,2.6248576e-05
77738,2.6248576e-05
77739,2.6248576e-05
77740,2.6248576e-05
77741,2.6248576e-05
77742,2.6248576e-05
77743,2.6248576e-05
77744,2.6248576e-05
77745,2.6248576e-05
77746,2.6248576e-05
77747,2.6248576e-05
77748,2.6248576e-05
77749,2.6248576e-05
77750,2.6248576e-05
77751,2.6248576e-05
77752,2.6248576e-05
77753,2.6248576e-05
77754,2.6248576e-05
77755,2.6248576e-05
77756,2.6248576e-05
77757,2.6248576e-05
77758,2.6248576e-05
77759,2.6248576e-05
77760,2.6248576e-05
77761,2.6248576e-05
77762,2.6248576e-05
77763,2.6248576e-05
77764,2.6248576e-05
77765,2.6248576e-05
77766,2.6248576e-05
77767,2.6248576e-05
77768,2.6248576e-05
77769,2.6248576e-05
77770,2.6248576e-05
77771,2.6248576e-05
77772,2.6248576e-05
77773,2.6248576e-05
77774,2.6248576e-05
77775,2.6248576e-05
77776,2.6248576e-05
77777,2.6248576e-05
77778,2.6248576e-05
77779,2.6248576e-05
77780,2.6248576e-05
77781,2.6248576e-05
77782,2.6248576e-05
77783,2.6248576e-05
77784,2.6248576e-05
77785,2.6248576e-05
77786,2.6248576e-05
77787,2.6248576e-05
77788,2.6248576e-05
77789,2.6248576e-05
77790,2.6248576e-05
77791,2.6248576e-05
77792,2.6248576e-05
77793,2.6248576e-05
77794,2.6248576e-05
77795,2.6248576e-05
77796,2.6248576e-05
77797,2.6248576e-05
77798,2.6248576e-05
77799,2.6248576e-05
77800,2.6248576e-05
77801,2.6248576e-05
77802,2.6248576e-05
77803,2.6248576e-05
77804,2.6248576e-05
77805,2.6248576e-05
77806,2.6248576e-05
77807,2.6248576e-05
77808,2.6248576e-05
77809,2.6248576e-05
77810,2.6248576e-05
77811,2.6248576e-05
77812,2.6248576e-05
77813,2.6248576e-05
77814,2.6248576e-05
77815,2.6248576e-05
77816,2.6248576e-05
77817,2.6248576e-05
77818,2.6248576e-05
77819,2.6248576e-05
77820,2.6248576e-05
77821,2.6248576e-05
77822,2.6248576e-05
77823,2.6248576e-05
77824,2.6248576e-05
77825,2.6248576e-05
77826,2.6248576e-05
77827,2.6248576e-05
77828,2.6248576e-05
77829,2.6248576e-05
77830,2.6248576e-05
77831,2.6248576e-05
77832,2.6248576e-05
77833,2.6248576e-05
77834,2.6248576e-05
77835,2.6248576e-05
77836,2.6248576e-05
77837,2.6248576e-05
77838,2.6248576e-05
77839,2.6248576e-05
77840,2.6248576e-05
77841,2.6248576e-05
77842,2.6248576e-05
77843,2.6248576e-05
77844,2.6248576e-05
77845,2.6248576e-05
77846,2.6248576e-05
77847,2.6248576e-05
77848,2.6248576e-05
77849,2.6248576e-05
77850,2.6248576e-05
77851,2.6248576e-05
77852,2.6248576e-05
77853,2.6248576e-05
77854,2.6248576e-05
77855,2.6248576e-05
77856,2.6248576e-05
77857,2.6248576e-05
77858,2.6248576e-05
77859,2.6248576e-05
77860,2.6248576e-05
77861,2.6248576e-05
77862,2.6248576e-05
77863,2.6248576e-05
77864,2.6248576e-05
77865,2.6248576e-05
77866,2.6248576e-05
77867,2.6248576e-05
77868,2.6248576e-05
77869,2.6248576e-05
77870,2.6248576e-05
77871,2.6248576e-05
77872,2.6248576e-05
77873,2.6248576e-05
77874,2.6248576e-05
77875,2.6248576e-05
77876,2.6248576e-05
77877,2.6248576e-05
77878,2.6248576e-05
77879,2.6248576e-05
77880,2.6248576e-05
77881,2.6248576e-05
77882,2.6248576e-05
77883,2.6248576e-05
77884,2.6248576e-05
77885,2.6248576e-05
77886,2.6248576e-05
77887,2.6248576e-05
77888,2.6248576e-05
77889,2.6248576e-05
77890,2.6248576e-05
77891,2.6248576e-05
77892,2.6248576e-05
77893,2.6248576e-05
77894,2.6248576e-05
77895,2.6248576e-05
77896,2.6248576e-05
77897,2.6248576e-05
77898,2.6248576e-05
77899,2.6248576e-05
77900,2.6248576e-05
77901,2.6248576e-05
77902,2.6248576e-05
77903,2.6248576e-05
77904,2.6248576e-05
77905,2.6248576e-05
77906,2.6248576e-05
77907,2.6248576e-05
77908,2.6248576e-05
77909,2.6248576e-05
77910,2.6248576e-05
77911,2.6248576e-05
77912,2.6248576e-05
77913,2.6248576e-05
77914,2.6248576e-05
77915,2.6248576e-05
77916,2.6248576e-05
77917,2.6248576e-05
77918,2.6248576e-05
77919,2.6248576e-05
77920,2.6248576e-05
77921,2.6248576e-05
77922,2.6248576e-05
77923,2.6248576e-05
77924,2.6248576e-05
77925,2.6248576e-05
77926,2.6248576e-05
77927,2.6248576e-05
77928,2.6248576e-05
77929,2.6248576e-05
77930,2.6248576e-05
77931,2.6248576e-05
77932,2.6248576e-05
77933,2.6248576e-05
77934,2.6248576e-05
77935,2.6248576e-05
77936,2.6248576e-05
77937,2.6248576e-05
77938,2.6248576e-05
77939,2.6248576e-05
77940,2.6248576e-05
77941,2.6248576e-05
77942,2.6248576e-05
77943,2.6248576e-05
77944,2.6248576e-05
77945,2.6248576e-05
77946,2.6248576e-05
77947,2.6248576e-05
77948,2.6248576e-05
77949,2.6248576e-05
77950,2.6248576e-05
77951,2.6248576e-05
77952,2.6248576e-05
77953,2.6248576e-05
77954,2.6248576e-05
77955,2.6248576e-05
77956,2.6248576e-05
77957,2.6248576e-05
77958,2.6248576e-05
77959,2.6248576e-05
77960,2.6248576e-05
77961,2.6248576e-05
77962,2.6248576e-05
77963,2.6248576e-05
77964,2.6248576e-05
77965,2.6248576e-05
77966,2.6248576e-05
77967,2.6248576e-05
77968,2.6248576e-05
77969,2.6248576e-05
77970,2.6248576e-05
77971,2.6248576e-05
77972,2.6248576e-05
77973,2.6248576e-05
77974,2.6248576e-05
77975,2.6248576e-05
77976,2.6248576e-05
77977,2.6248576e-05
77978,2.6248576e-05
77979,2.6248576e-05
77980,2.6248576e-05
77981,2.6248576e-05
77982,2.6248576e-05
77983,2.6248576e-05
77984,2.6248576e-05
77985,2.6248576e-05
77986,2.6248576e-05
77987,2.6248576e-05
77988,2.6248576e-05
77989,2.6248576e-05
77990,2.6248576e-05
77991,2.6248576e-05
77992,2.6248576e-05
77993,2.6248576e-05
77994,2.6248576e-05
77995,2.6248576e-05
77996,2.6248576e-05
77997,2.6248576e-05
77998,2.6248576e-05
77999,2.6248576e-05
78000,2.6248576e-05
78001,2.6248576e-05
78002,2.6248576e-05
78003,2.6248576e-05
78004,2.6248576e-05
78005,2.6248576e-05
78006,2.6248576e-05
78007,2.6248576e-05
78008,2.6248576e-05
78009,2.6248576e-05
78010,2.6248576e-05
78011,2.6248576e-05
78012,2.6248576e-05
78013,2.6248576e-05
78014,2.6248576e-05
78015,2.6248576e-05
78016,2.6248576e-05
78017,2.6248576e-05
78018,2.6248576e-05
78019,2.6248576e-05
78020,2.6248576e-05
78021,2.6248576e-05
78022,2.6248576e-05
78023,2.6248576e-05
78024,2.6248576e-05
78025,2.6248576e-05
78026,2.6248576e-05
78027,2.6248576e-05
78028,2.6248576e-05
78029,2.6248576e-05
78030,2.6248576e-05
78031,2.6248576e-05
78032,2.6248576e-05
78033,2.6248576e-05
78034,2.6248576e-05
78035,2.6248576e-05
78036,2.6248576e-05
78037,2.6248576e-05
78038,2.6248576e-05
78039,2.6248576e-05
78040,2.6248576e-05
78041,2.6248576e-05
78042,2.6248576e-05
78043,2.6248576e-05
78044,2.6248576e-05
78045,2.6248576e-05
78046,2.6248576e-05
78047,2.6248576e-05
78048,2.6248576e-05
78049,2.6248576e-05
78050,2.6248576e-05
78051,2.6248576e-05
78052,2.6248576e-05
78053,2.6248576e-05
78054,2.6248576e-05
78055,2.6248576e-05
78056,2.6248576e-05
78057,2.6248576e-05
78058,2.6248576e-05
78059,2.6248576e-05
78060,2.6248576e-05
78061,2.6248576e-05
78062,2.6248576e-05
78063,2.6248576e-05
78064,2.6248576e-05
78065,2.6248576e-05
78066,2.6248576e-05
78067,2.6248576e-05
78068,2.6248576e-05
78069,2.6248576e-05
78070,2.6248576e-05
78071,2.6248576e-05
78072,2.6248576e-05
78073,2.6248576e-05
78074,2.6248576e-05
78075,2.6248576e-05
78076,2.6248576e-05
78077,2.6248576e-05
78078,2.6248576e-05
78079,2.6248576e-05
78080,2.6248576e-05
78081,2.6248576e-05
78082,2.6248576e-05
78083,2.6248576e-05
78084,2.6248576e-05
78085,2.6248576e-05
78086,2.6248576e-05
78087,2.6248576e-05
78088,2.6248576e-05
78089,2.6248576e-05
78090,2.6248576e-05
78091,2.6248576e-05
78092,2.6248576e-05
78093,2.6248576e-05
78094,2.6248576e-05
78095,2.6248576e-05
78096,2.6248576e-05
78097,2.6248576e-05
78098,2.6248576e-05
78099,2.6248576e-05
78100,2.6248576e-05
78101,2.6248576e-05
78102,2.6248576e-05
78103,2.6248576e-05
78104,2.6248576e-05
78105,2.6248576e-05
78106,2.6248576e-05
78107,2.6248576e-05
78108,2.6248576e-05
78109,2.6248576e-05
78110,2.6248576e-05
78111,2.6248576e-05
78112,2.6248576e-05
78113,2.6248576e-05
78114,2.6248576e-05
78115,2.6248576e-05
78116,2.6248576e-05
78117,2.6248576e-05
78118,2.6248576e-05
78119,2.6248576e-05
78120,2.6248576e-05
78121,2.6248576e-05
78122,2.6248576e-05
78123,2.6248576e-05
78124,2.6248576e-05
78125,2.6248576e-05
78126,2.6248576e-05
78127,2.6248576e-05
78128,2.6248576e-05
78129,2.6248576e-05
78130,2.6248576e-05
78131,2.6248576e-05
78132,2.6248576e-05
78133,2.6248576e-05
78134,2.6248576e-05
78135,2.6248576e-05
78136,2.6248576e-05
78137,2.6248576e-05
78138,2.6248576e-05
78139,2.6248576e-05
78140,2.6248576e-05
78141,2.6248576e-05
78142,2.6248576e-05
78143,2.6248576e-05
78144,2.6248576e-05
78145,2.6248576e-05
78146,2.6248576e-05
78147,2.6248576e-05
78148,2.6248576e-05
78149,2.6248576e-05
78150,2.6248576e-05
78151,2.6248576e-05
78152,2.6248576e-05
78153,2.6248576e-05
78154,2.6248576e-05
78155,2.6248576e-05
78156,2.6248576e-05
78157,2.6248576e-05
78158,2.6248576e-05
78159,2.6248576e-05
78160,2.6248576e-05
78161,2.6248576e-05
78162,2.6248576e-05
78163,2.6248576e-05
78164,2.6248576e-05
78165,2.6248576e-05
78166,2.6248576e-05
78167,2.6248576e-05
78168,2.6248576e-05
78169,2.6248576e-05
78170,2.6248576e-05
78171,2.6248576e-05
78172,2.6248576e-05
78173,2.6248576e-05
78174,2.6248576e-05
78175,2.6248576e-05
78176,2.6248576e-05
78177,2.6248576e-05
78178,2.6248576e-05
78179,2.6248576e-05
78180,2.6248576e-05
78181,2.6248576e-05
78182,2.6248576e-05
78183,2.6248576e-05
78184,2.6248576e-05
78185,2.6248576e-05
78186,2.6248576e-05
78187,2.6248576e-05
78188,2.6248576e-05
78189,2.6248576e-05
78190,2.6248576e-05
78191,2.6248576e-05
78192,2.6248576e-05
78193,2.6248576e-05
78194,2.6248576e-05
78195,2.6248576e-05
78196,2.6248576e-05
78197,2.6248576e-05
78198,2.6248576e-05
78199,2.6248576e-05
78200,2.6248576e-05
78201,2.6248576e-05
78202,2.6248576e-05
78203,2.6248576e-05
78204,2.6248576e-05
78205,2.6248576e-05
78206,2.6248576e-05
78207,2.6248576e-05
78208,2.6248576e-05
78209,2.6248576e-05
78210,2.6248576e-05
78211,2.6248576e-05
78212,2.6248576e-05
78213,2.6248576e-05
78214,2.6248576e-05
78215,2.6248576e-05
78216,2.6248576e-05
78217,2.6248576e-05
78218,2.6248576e-05
78219,2.6248576e-05
78220,2.6248576e-05
78221,2.6248576e-05
78222,2.6248576e-05
78223,2.6248576e-05
78224,2.6248576e-05
78225,2.6248576e-05
78226,2.6248576e-05
78227,2.6248576e-05
78228,2.6248576e-05
78229,2.6248576e-05
78230,2.6248576e-05
78231,2.6248576e-05
78232,2.6248576e-05
78233,2.6248576e-05
78234,2.6248576e-05
78235,2.6248576e-05
78236,2.6248576e-05
78237,2.6248576e-05
78238,2.6248576e-05
78239,2.6248576e-05
78240,2.6248576e-05
78241,2.6248576e-05
78242,2.6248576e-05
78243,2.6248576e-05
78244,2.6248576e-05
78245,2.6248576e-05
78246,2.6248576e-05
78247,2.6248576e-05
78248,2.6248576e-05
78249,2.6248576e-05
78250,2.6248576e-05
78251,2.6248576e-05
78252,2.6248576e-05
78253,2.6248576e-05
78254,2.6248576e-05
78255,2.6248576e-05
78256,2.6248576e-05
78257,2.6248576e-05
78258,2.6248576e-05
78259,2.6248576e-05
78260,2.6248576e-05
78261,2.6248576e-05
78262,2.6248576e-05
78263,2.6248576e-05
78264,2.6248576e-05
78265,2.6248576e-05
78266,2.6248576e-05
78267,2.6248576e-05
78268,2.6248576e-05
78269,2.6248576e-05
78270,2.6248576e-05
78271,2.6248576e-05
78272,2.6248576e-05
78273,2.6248576e-05
78274,2.6248576e-05
78275,2.6248576e-05
78276,2.6248576e-05
78277,2.6248576e-05
78278,2.6248576e-05
78279,2.6248576e-05
78280,2.6248576e-05
78281,2.6248576e-05
78282,2.6248576e-05
78283,2.6248576e-05
78284,2.6248576e-05
78285,2.6248576e-05
78286,2.6248576e-05
78287,2.6248576e-05
78288,2.6248576e-05
78289,2.6248576e-05
78290,2.6248576e-05
78291,2.6248576e-05
78292,2.6248576e-05
78293,2.6248576e-05
78294,2.6248576e-05
78295,2.6248576e-05
78296,2.6248576e-05
78297,2.6248576e-05
78298,2.6248576e-05
78299,2.6248576e-05
78300,2.6248576e-05
78301,2.6248576e-05
78302,2.6248576e-05
78303,2.6248576e-05
78304,2.6248576e-05
78305,2.6248576e-05
78306,2.6248576e-05
78307,2.6248576e-05
78308,2.6248576e-05
78309,2.6248576e-05
78310,2.6248576e-05
78311,2.6248576e-05
78312,2.6248576e-05
78313,2.6248576e-05
78314,2.6248576e-05
78315,2.6248576e-05
78316,2.6248576e-05
78317,2.6248576e-05
78318,2.6248576e-05
78319,2.6248576e-05
78320,2.6248576e-05
78321,2.6248576e-05
78322,2.6248576e-05
78323,2.6248576e-05
78324,2.6248576e-05
78325,2.6248576e-05
78326,2.6248576e-05
78327,2.6248576e-05
78328,2.6248576e-05
78329,2.6248576e-05
78330,2.6248576e-05
78331,2.6248576e-05
78332,2.6248576e-05
78333,2.6248576e-05
78334,2.6248576e-05
78335,2.6248576e-05
78336,2.6248576e-05
78337,2.6248576e-05
78338,2.6248576e-05
78339,2.6248576e-05
78340,2.6248576e-05
78341,2.6248576e-05
78342,2.6248576e-05
78343,2.6248576e-05
78344,2.6248576e-05
78345,2.6248576e-05
78346,2.6248576e-05
78347,2.6248576e-05
78348,2.6248576e-05
78349,2.6248576e-05
78350,2.6248576e-05
78351,2.6248576e-05
78352,2.6248576e-05
78353,2.6248576e-05
78354,2.6248576e-05
78355,2.6248576e-05
78356,2.6248576e-05
78357,2.6248576e-05
78358,2.6248576e-05
78359,2.6248576e-05
78360,2.6248576e-05
78361,2.6248576e-05
78362,2.6248576e-05
78363,2.6248576e-05
78364,2.6248576e-05
78365,2.6248576e-05
78366,2.6248576e-05
78367,2.6248576e-05
78368,2.6248576e-05
78369,2.6248576e-05
78370,2.6248576e-05
78371,2.6248576e-05
78372,2.6248576e-05
78373,2.6248576e-05
78374,2.6248576e-05
78375,2.6248576e-05
78376,2.6248576e-05
78377,2.6248576e-05
78378,2.6248576e-05
78379,2.6248576e-05
78380,2.6248576e-05
78381,2.6248576e-05
78382,2.6248576e-05
78383,2.6248576e-05
78384,2.6248576e-05
78385,2.6248576e-05
78386,2.6248576e-05
78387,2.6248576e-05
78388,2.6248576e-05
78389,2.6248576e-05
78390,2.6248576e-05
78391,2.6248576e-05
78392,2.6248576e-05
78393,2.6248576e-05
78394,2.6248576e-05
78395,2.6248576e-05
78396,2.6248576e-05
78397,2.6248576e-05
78398,2.6248576e-05
78399,2.6248576e-05
78400,2.6248576e-05
78401,2.6248576e-05
78402,2.6248576e-05
78403,2.6248576e-05
78404,2.6248576e-05
78405,2.6248576e-05
78406,2.6248576e-05
78407,2.6248576e-05
78408,2.6248576e-05
78409,2.6248576e-05
78410,2.6248576e-05
78411,2.6248576e-05
78412,2.6248576e-05
78413,2.6248576e-05
78414,2.6248576e-05
78415,2.6248576e-05
78416,2.6248576e-05
78417,2.6248576e-05
78418,2.6248576e-05
78419,2.6248576e-05
78420,2.6248576e-05
78421,2.6248576e-05
78422,2.6248576e-05
78423,2.6248576e-05
78424,2.6248576e-05
78425,2.6248576e-05
78426,2.6248576e-05
78427,2.6248576e-05
78428,2.6248576e-05
78429,2.6248576e-05
78430,2.6248576e-05
78431,2.6248576e-05
78432,2.6248576e-05
78433,2.6248576e-05
78434,2.6248576e-05
78435,2.6248576e-05
78436,2.6248576e-05
78437,2.6248576e-05
78438,2.6248576e-05
78439,2.6248576e-05
78440,2.6248576e-05
78441,2.6248576e-05
78442,2.6248576e-05
78443,2.6248576e-05
78444,2.6248576e-05
78445,2.6248576e-05
78446,2.6248576e-05
78447,2.6248576e-05
78448,2.6248576e-05
78449,2.6248576e-05
78450,2.6248576e-05
78451,2.6248576e-05
78452,2.6248576e-05
78453,2.6248576e-05
78454,2.6248576e-05
78455,2.6248576e-05
78456,2.6248576e-05
78457,2.6248576e-05
78458,2.6248576e-05
78459,2.6248576e-05
78460,2.6248576e-05
78461,2.6248576e-05
78462,2.6248576e-05
78463,2.6248576e-05
78464,2.6248576e-05
78465,2.6248576e-05
78466,2.6248576e-05
78467,2.6248576e-05
78468,2.6248576e-05
78469,2.6248576e-05
78470,2.6248576e-05
78471,2.6248576e-05
78472,2.6248576e-05
78473,2.6248576e-05
78474,2.6248576e-05
78475,2.6248576e-05
78476,2.6248576e-05
78477,2.6248576e-05
78478,2.6248576e-05
78479,2.6248576e-05
78480,2.6248576e-05
78481,2.6248576e-05
78482,2.6248576e-05
78483,2.6248576e-05
78484,2.6248576e-05
78485,2.6248576e-05
78486,2.6248576e-05
78487,2.6248576e-05
78488,2.6248576e-05
78489,2.6248576e-05
78490,2.6248576e-05
78491,2.6248576e-05
78492,2.6248576e-05
78493,2.6248576e-05
78494,2.6248576e-05
78495,2.6248576e-05
78496,2.6248576e-05
78497,2.6248576e-05
78498,2.6248576e-05
78499,2.6248576e-05
78500,2.6248576e-05
78501,2.6248576e-05
78502,2.6248576e-05
78503,2.6248576e-05
78504,2.6248576e-05
78505,2.6248576e-05
78506,2.6248576e-05
78507,2.6248576e-05
78508,2.6248576e-05
78509,2.6248576e-05
78510,2.6248576e-05
78511,2.6248576e-05
78512,2.6248576e-05
78513,2.6248576e-05
78514,2.6248576e-05
78515,2.6248576e-05
78516,2.6248576e-05
78517,2.6248576e-05
78518,2.6248576e-05
78519,2.6248576e-05
78520,2.6248576e-05
78521,2.6248576e-05
78522,2.6248576e-05
78523,2.6248576e-05
78524,2.6248576e-05
78525,2.6248576e-05
78526,2.6248576e-05
78527,2.6248576e-05
78528,2.6248576e-05
78529,2.6248576e-05
78530,2.6248576e-05
78531,2.6248576e-05
78532,2.6248576e-05
78533,2.6248576e-05
78534,2.6248576e-05
78535,2.6248576e-05
78536,2.6248576e-05
78537,2.6248576e-05
78538,2.6248576e-05
78539,2.6248576e-05
78540,2.6248576e-05
78541,2.6248576e-05
78542,2.6248576e-05
78543,2.6248576e-05
78544,2.6248576e-05
78545,2.6248576e-05
78546,2.6248576e-05
78547,2.6248576e-05
78548,2.6248576e-05
78549,2.6248576e-05
78550,2.6248576e-05
78551,2.6248576e-05
78552,2.6248576e-05
78553,2.6248576e-05
78554,2.6248576e-05
78555,2.6248576e-05
78556,2.6248576e-05
78557,2.6248576e-05
78558,2.6248576e-05
78559,2.6248576e-05
78560,2.6248576e-05
78561,2.6248576e-05
78562,2.6248576e-05
78563,2.6248576e-05
78564,2.6248576e-05
78565,2.6248576e-05
78566,2.6248576e-05
78567,2.6248576e-05
78568,2.6248576e-05
78569,2.6248576e-05
78570,2.6248576e-05
78571,2.6248576e-05
78572,2.6248576e-05
78573,2.6248576e-05
78574,2.6248576e-05
78575,2.6248576e-05
78576,2.6248576e-05
78577,2.6248576e-05
78578,2.6248576e-05
78579,2.6248576e-05
78580,2.6248576e-05
78581,2.6248576e-05
78582,2.6248576e-05
78583,2.6248576e-05
78584,2.6248576e-05
78585,2.6248576e-05
78586,2.6248576e-05
78587,2.6248576e-05
78588,2.6248576e-05
78589,2.6248576e-05
78590,2.6248576e-05
78591,2.6248576e-05
78592,2.6248576e-05
78593,2.6248576e-05
78594,2.6248576e-05
78595,2.6248576e-05
78596,2.6248576e-05
78597,2.6248576e-05
78598,2.6248576e-05
78599,2.6248576e-05
78600,2.6248576e-05
78601,2.6248576e-05
78602,2.6248576e-05
78603,2.6248576e-05
78604,2.6248576e-05
78605,2.6248576e-05
78606,2.6248576e-05
78607,2.6248576e-05
78608,2.6248576e-05
78609,2.6248576e-05
78610,2.6248576e-05
78611,2.6248576e-05
78612,2.6248576e-05
78613,2.6248576e-05
78614,2.6248576e-05
78615,2.6248576e-05
78616,2.6248576e-05
78617,2.6248576e-05
78618,2.6248576e-05
78619,2.6248576e-05
78620,2.6248576e-05
78621,2.6248576e-05
78622,2.6248576e-05
78623,2.6248576e-05
78624,2.6248576e-05
78625,2.6248576e-05
78626,2.6248576e-05
78627,2.6248576e-05
78628,2.6248576e-05
78629,2.6248576e-05
78630,2.6248576e-05
78631,2.6248576e-05
78632,2.6248576e-05
78633,2.6248576e-05
78634,2.6248576e-05
78635,2.6248576e-05
78636,2.6248576e-05
78637,2.6248576e-05
78638,2.6248576e-05
78639,2.6248576e-05
78640,2.6248576e-05
78641,2.6248576e-05
78642,2.6248576e-05
78643,2.6248576e-05
78644,2.6248576e-05
78645,2.6248576e-05
78646,2.6248576e-05
78647,2.6248576e-05
78648,2.6248576e-05
78649,2.6248576e-05
78650,2.6248576e-05
78651,2.6248576e-05
78652,2.6248576e-05
78653,2.6248576e-05
78654,2.6248576e-05
78655,2.6248576e-05
78656,2.6248576e-05
78657,2.6248576e-05
78658,2.6248576e-05
78659,2.6248576e-05
78660,2.6248576e-05
78661,2.6248576e-05
78662,2.6248576e-05
78663,2.6248576e-05
78664,2.6248576e-05
78665,2.6248576e-05
78666,2.6248576e-05
78667,2.6248576e-05
78668,2.6248576e-05
78669,2.6248576e-05
78670,2.6248576e-05
78671,2.6248576e-05
78672,2.6248576e-05
78673,2.6248576e-05
78674,2.6248576e-05
78675,2.6248576e-05
78676,2.6248576e-05
78677,2.6248576e-05
78678,2.6248576e-05
78679,2.6248576e-05
78680,2.6248576e-05
78681,2.6248576e-05
78682,2.6248576e-05
78683,2.6248576e-05
78684,2.6248576e-05
78685,2.6248576e-05
78686,2.6248576e-05
78687,2.6248576e-05
78688,2.6248576e-05
78689,2.6248576e-05
78690,2.6248576e-05
78691,2.6248576e-05
78692,2.6248576e-05
78693,2.6248576e-05
78694,2.6248576e-05
78695,2.6248576e-05
78696,2.6248576e-05
78697,2.6248576e-05
78698,2.6248576e-05
78699,2.6248576e-05
78700,2.6248576e-05
78701,2.6248576e-05
78702,2.6248576e-05
78703,2.6248576e-05
78704,2.6248576e-05
78705,2.6248576e-05
78706,2.6248576e-05
78707,2.6248576e-05
78708,2.6248576e-05
78709,2.6248576e-05
78710,2.6248576e-05
78711,2.6248576e-05
78712,2.6248576e-05
78713,2.6248576e-05
78714,2.6248576e-05
78715,2.6248576e-05
78716,2.6248576e-05
78717,2.6248576e-05
78718,2.6248576e-05
78719,2.6248576e-05
78720,2.6248576e-05
78721,2.6248576e-05
78722,2.6248576e-05
78723,2.6248576e-05
78724,2.6248576e-05
78725,2.6248576e-05
78726,2.6248576e-05
78727,2.6248576e-05
78728,2.6248576e-05
78729,2.6248576e-05
78730,2.6248576e-05
78731,2.6248576e-05
78732,2.6248576e-05
78733,2.6248576e-05
78734,2.6248576e-05
78735,2.6248576e-05
78736,2.6248576e-05
78737,2.6248576e-05
78738,2.6248576e-05
78739,2.6248576e-05
78740,2.6248576e-05
78741,2.6248576e-05
78742,2.6248576e-05
78743,2.6248576e-05
78744,2.6248576e-05
78745,2.6248576e-05
78746,2.6248576e-05
78747,2.6248576e-05
78748,2.6248576e-05
78749,2.6248576e-05
78750,2.6248576e-05
78751,2.6248576e-05
78752,2.6248576e-05
78753,2.6248576e-05
78754,2.6248576e-05
78755,2.6248576e-05
78756,2.6248576e-05
78757,2.6248576e-05
78758,2.6248576e-05
78759,2.6248576e-05
78760,2.6248576e-05
78761,2.6248576e-05
78762,2.6248576e-05
78763,2.6248576e-05
78764,2.6248576e-05
78765,2.6248576e-05
78766,2.6248576e-05
78767,2.6248576e-05
78768,2.6248576e-05
78769,2.6248576e-05
78770,2.6248576e-05
78771,2.6248576e-05
78772,2.6248576e-05
78773,2.6248576e-05
78774,2.6248576e-05
78775,2.6248576e-05
78776,2.6248576e-05
78777,2.6248576e-05
78778,2.6248576e-05
78779,2.6248576e-05
78780,2.6248576e-05
78781,2.6248576e-05
78782,2.6248576e-05
78783,2.6248576e-05
78784,2.6248576e-05
78785,2.6248576e-05
78786,2.6248576e-05
78787,2.6248576e-05
78788,2.6248576e-05
78789,2.6248576e-05
78790,2.6248576e-05
78791,2.6248576e-05
78792,2.6248576e-05
78793,2.6248576e-05
78794,2.6248576e-05
78795,2.6248576e-05
78796,2.6248576e-05
78797,2.6248576e-05
78798,2.6248576e-05
78799,2.6248576e-05
78800,2.6248576e-05
78801,2.6248576e-05
78802,2.6248576e-05
78803,2.6248576e-05
78804,2.6248576e-05
78805,2.6248576e-05
78806,2.6248576e-05
78807,2.6248576e-05
78808,2.6248576e-05
78809,2.6248576e-05
78810,2.6248576e-05
78811,2.6248576e-05
78812,2.6248576e-05
78813,2.6248576e-05
78814,2.6248576e-05
78815,2.6248576e-05
78816,2.6248576e-05
78817,2.6248576e-05
78818,2.6248576e-05
78819,2.6248576e-05
78820,2.6248576e-05
78821,2.6248576e-05
78822,2.6248576e-05
78823,2.6248576e-05
78824,2.6248576e-05
78825,2.6248576e-05
78826,2.6248576e-05
78827,2.6248576e-05
78828,2.6248576e-05
78829,2.6248576e-05
78830,2.6248576e-05
78831,2.6248576e-05
78832,2.6248576e-05
78833,2.6248576e-05
78834,2.6248576e-05
78835,2.6248576e-05
78836,2.6248576e-05
78837,2.6248576e-05
78838,2.6248576e-05
78839,2.6248576e-05
78840,2.6248576e-05
78841,2.6248576e-05
78842,2.6248576e-05
78843,2.6248576e-05
78844,2.6248576e-05
78845,2.6248576e-05
78846,2.6248576e-05
78847,2.6248576e-05
78848,2.6248576e-05
78849,2.6248576e-05
78850,2.6248576e-05
78851,2.6248576e-05
78852,2.6248576e-05
78853,2.6248576e-05
78854,2.6248576e-05
78855,2.6248576e-05
78856,2.6248576e-05
78857,2.6248576e-05
78858,2.6248576e-05
78859,2.6248576e-05
78860,2.6248576e-05
78861,2.6248576e-05
78862,2.6248576e-05
78863,2.6248576e-05
78864,2.6248576e-05
78865,2.6248576e-05
78866,2.6248576e-05
78867,2.6248576e-05
78868,2.6248576e-05
78869,2.6248576e-05
78870,2.6248576e-05
78871,2.6248576e-05
78872,2.6248576e-05
78873,2.6248576e-05
78874,2.6248576e-05
78875,2.6248576e-05
78876,2.6248576e-05
78877,2.6248576e-05
78878,2.6248576e-05
78879,2.6248576e-05
78880,2.6248576e-05
78881,2.6248576e-05
78882,2.6248576e-05
78883,2.6248576e-05
78884,2.6248576e-05
78885,2.6248576e-05
78886,2.6248576e-05
78887,2.6248576e-05
78888,2.6248576e-05
78889,2.6248576e-05
78890,2.6248576e-05
78891,2.6248576e-05
78892,2.6248576e-05
78893,2.6248576e-05
78894,2.6248576e-05
78895,2.6248576e-05
78896,2.6248576e-05
78897,2.6248576e-05
78898,2.6248576e-05
78899,2.6248576e-05
78900,2.6248576e-05
78901,2.6248576e-05
78902,2.6248576e-05
78903,2.6248576e-05
78904,2.6248576e-05
78905,2.6248576e-05
78906,2.6248576e-05
78907,2.6248576e-05
78908,2.6248576e-05
78909,2.6248576e-05
78910,2.6248576e-05
78911,2.6248576e-05
78912,2.6248576e-05
78913,2.6248576e-05
78914,2.6248576e-05
78915,2.6248576e-05
78916,2.6248576e-05
78917,2.6248576e-05
78918,2.6248576e-05
78919,2.6248576e-05
78920,2.6248576e-05
78921,2.6248576e-05
78922,2.6248576e-05
78923,2.6248576e-05
78924,2.6248576e-05
78925,2.6248576e-05
78926,2.6248576e-05
78927,2.6248576e-05
78928,2.6248576e-05
78929,2.6248576e-05
78930,2.6248576e-05
78931,2.6248576e-05
78932,2.6248576e-05
78933,2.6248576e-05
78934,2.6248576e-05
78935,2.6248576e-05
78936,2.6248576e-05
78937,2.6248576e-05
78938,2.6248576e-05
78939,2.6248576e-05
78940,2.6248576e-05
78941,2.6248576e-05
78942,2.6248576e-05
78943,2.6248576e-05
78944,2.6248576e-05
78945,2.6248576e-05
78946,2.6248576e-05
78947,2.6248576e-05
78948,2.6248576e-05
78949,2.6248576e-05
78950,2.6248576e-05
78951,2.6248576e-05
78952,2.6248576e-05
78953,2.6248576e-05
78954,2.6248576e-05
78955,2.6248576e-05
78956,2.6248576e-05
78957,2.6248576e-05
78958,2.6248576e-05
78959,2.6248576e-05
78960,2.6248576e-05
78961,2.6248576e-05
78962,2.6248576e-05
78963,2.6248576e-05
78964,2.6248576e-05
78965,2.6248576e-05
78966,2.6248576e-05
78967,2.6248576e-05
78968,2.6248576e-05
78969,2.6248576e-05
78970,2.6248576e-05
78971,2.6248576e-05
78972,2.6248576e-05
78973,2.6248576e-05
78974,2.6248576e-05
78975,2.6248576e-05
78976,2.6248576e-05
78977,2.6248576e-05
78978,2.6248576e-05
78979,2.6248576e-05
78980,2.6248576e-05
78981,2.6248576e-05
78982,2.6248576e-05
78983,2.6248576e-05
78984,2.6248576e-05
78985,2.6248576e-05
78986,2.6248576e-05
78987,2.6248576e-05
78988,2.6248576e-05
78989,2.6248576e-05
78990,2.6248576e-05
78991,2.6248576e-05
78992,2.6248576e-05
78993,2.6248576e-05
78994,2.6248576e-05
78995,2.6248576e-05
78996,2.6248576e-05
78997,2.6248576e-05
78998,2.6248576e-05
78999,2.6248576e-05
79000,2.6248576e-05
79001,2.6248576e-05
79002,2.6248576e-05
79003,2.6248576e-05
79004,2.6248576e-05
79005,2.6248576e-05
79006,2.6248576e-05
79007,2.6248576e-05
79008,2.6248576e-05
79009,2.6248576e-05
79010,2.6248576e-05
79011,2.6248576e-05
79012,2.6248576e-05
79013,2.6248576e-05
79014,2.6248576e-05
79015,2.6248576e-05
79016,2.6248576e-05
79017,2.6248576e-05
79018,2.6248576e-05
79019,2.6248576e-05
79020,2.6248576e-05
79021,2.6248576e-05
79022,2.6248576e-05
79023,2.6248576e-05
79024,2.6248576e-05
79025,2.6248576e-05
79026,2.6248576e-05
79027,2.6248576e-05
79028,2.6248576e-05
79029,2.6248576e-05
79030,2.6248576e-05
79031,2.6248576e-05
79032,2.6248576e-05
79033,2.6248576e-05
79034,2.6248576e-05
79035,2.6248576e-05
79036,2.6248576e-05
79037,2.6248576e-05
79038,2.6248576e-05
79039,2.6248576e-05
79040,2.6248576e-05
79041,2.6248576e-05
79042,2.6248576e-05
79043,2.6248576e-05
79044,2.6248576e-05
79045,2.6248576e-05
79046,2.6248576e-05
79047,2.6248576e-05
79048,2.6248576e-05
79049,2.6248576e-05
79050,2.6248576e-05
79051,2.6248576e-05
79052,2.6248576e-05
79053,2.6248576e-05
79054,2.6248576e-05
79055,2.6248576e-05
79056,2.6248576e-05
79057,2.6248576e-05
79058,2.6248576e-05
79059,2.6248576e-05
79060,2.6248576e-05
79061,2.6248576e-05
79062,2.6248576e-05
79063,2.6248576e-05
79064,2.6248576e-05
79065,2.6248576e-05
79066,2.6248576e-05
79067,2.6248576e-05
79068,2.6248576e-05
79069,2.6248576e-05
79070,2.6248576e-05
79071,2.6248576e-05
79072,2.6248576e-05
79073,2.6248576e-05
79074,2.6248576e-05
79075,2.6248576e-05
79076,2.6248576e-05
79077,2.6248576e-05
79078,2.6248576e-05
79079,2.6248576e-05
79080,2.6248576e-05
79081,2.6248576e-05
79082,2.6248576e-05
79083,2.6248576e-05
79084,2.6248576e-05
79085,2.6248576e-05
79086,2.6248576e-05
79087,2.6248576e-05
79088,2.6248576e-05
79089,2.6248576e-05
79090,2.6248576e-05
79091,2.6248576e-05
79092,2.6248576e-05
79093,2.6248576e-05
79094,2.6248576e-05
79095,2.6248576e-05
79096,2.6248576e-05
79097,2.6248576e-05
79098,2.6248576e-05
79099,2.6248576e-05
79100,2.6248576e-05
79101,2.6248576e-05
79102,2.6248576e-05
79103,2.6248576e-05
79104,2.6248576e-05
79105,2.6248576e-05
79106,2.6248576e-05
79107,2.6248576e-05
79108,2.6248576e-05
79109,2.6248576e-05
79110,2.6248576e-05
79111,2.6248576e-05
79112,2.6248576e-05
79113,2.6248576e-05
79114,2.6248576e-05
79115,2.6248576e-05
79116,2.6248576e-05
79117,2.6248576e-05
79118,2.6248576e-05
79119,2.6248576e-05
79120,2.6248576e-05
79121,2.6248576e-05
79122,2.6248576e-05
79123,2.6248576e-05
79124,2.6248576e-05
79125,2.6248576e-05
79126,2.6248576e-05
79127,2.6248576e-05
79128,2.6248576e-05
79129,2.6248576e-05
79130,2.6248576e-05
79131,2.6248576e-05
79132,2.6248576e-05
79133,2.6248576e-05
79134,2.6248576e-05
79135,2.6248576e-05
79136,2.6248576e-05
79137,2.6248576e-05
79138,2.6248576e-05
79139,2.6248576e-05
79140,2.6248576e-05
79141,2.6248576e-05
79142,2.6248576e-05
79143,2.6248576e-05
79144,2.6248576e-05
79145,2.6248576e-05
79146,2.6248576e-05
79147,2.6248576e-05
79148,2.6248576e-05
79149,2.6248576e-05
79150,2.6248576e-05
79151,2.6248576e-05
79152,2.6248576e-05
79153,2.6248576e-05
79154,2.6248576e-05
79155,2.6248576e-05
79156,2.6248576e-05
79157,2.6248576e-05
79158,2.6248576e-05
79159,2.6248576e-05
79160,2.6248576e-05
79161,2.6248576e-05
79162,2.6248576e-05
79163,2.6248576e-05
79164,2.6248576e-05
79165,2.6248576e-05
79166,2.6248576e-05
79167,2.6248576e-05
79168,2.6248576e-05
79169,2.6248576e-05
79170,2.6248576e-05
79171,2.6248576e-05
79172,2.6248576e-05
79173,2.6248576e-05
79174,2.6248576e-05
79175,2.6248576e-05
79176,2.6248576e-05
79177,2.6248576e-05
79178,2.6248576e-05
79179,2.6248576e-05
79180,2.6248576e-05
79181,2.6248576e-05
79182,2.6248576e-05
79183,2.6248576e-05
79184,2.6248576e-05
79185,2.6248576e-05
79186,2.6248576e-05
79187,2.6248576e-05
79188,2.6248576e-05
79189,2.6248576e-05
79190,2.6248576e-05
79191,2.6248576e-05
79192,2.6248576e-05
79193,2.6248576e-05
79194,2.6248576e-05
79195,2.6248576e-05
79196,2.6248576e-05
79197,2.6248576e-05
79198,2.6248576e-05
79199,2.6248576e-05
79200,2.6248576e-05
79201,2.6248576e-05
79202,2.6248576e-05
79203,2.6248576e-05
79204,2.6248576e-05
79205,2.6248576e-05
79206,2.6248576e-05
79207,2.6248576e-05
79208,2.6248576e-05
79209,2.6248576e-05
79210,2.6248576e-05
79211,2.6248576e-05
79212,2.6248576e-05
79213,2.6248576e-05
79214,2.6248576e-05
79215,2.6248576e-05
79216,2.6248576e-05
79217,2.6248576e-05
79218,2.6248576e-05
79219,2.6248576e-05
79220,2.6248576e-05
79221,2.6248576e-05
79222,2.6248576e-05
79223,2.6248576e-05
79224,2.6248576e-05
79225,2.6248576e-05
79226,2.6248576e-05
79227,2.6248576e-05
79228,2.6248576e-05
79229,2.6248576e-05
79230,2.6248576e-05
79231,2.6248576e-05
79232,2.6248576e-05
79233,2.6248576e-05
79234,2.6248576e-05
79235,2.6248576e-05
79236,2.6248576e-05
79237,2.6248576e-05
79238,2.6248576e-05
79239,2.6248576e-05
79240,2.6248576e-05
79241,2.6248576e-05
79242,2.6248576e-05
79243,2.6248576e-05
79244,2.6248576e-05
79245,2.6248576e-05
79246,2.6248576e-05
79247,2.6248576e-05
79248,2.6248576e-05
79249,2.6248576e-05
79250,2.6248576e-05
79251,2.6248576e-05
79252,2.6248576e-05
79253,2.6248576e-05
79254,2.6248576e-05
79255,2.6248576e-05
79256,2.6248576e-05
79257,2.6248576e-05
79258,2.6248576e-05
79259,2.6248576e-05
79260,2.6248576e-05
79261,2.6248576e-05
79262,2.6248576e-05
79263,2.6248576e-05
79264,2.6248576e-05
79265,2.6248576e-05
79266,2.6248576e-05
79267,2.6248576e-05
79268,2.6248576e-05
79269,2.6248576e-05
79270,2.6248576e-05
79271,2.6248576e-05
79272,2.6248576e-05
79273,2.6248576e-05
79274,2.6248576e-05
79275,2.6248576e-05
79276,2.6248576e-05
79277,2.6248576e-05
79278,2.6248576e-05
79279,2.6248576e-05
79280,2.6248576e-05
79281,2.6248576e-05
79282,2.6248576e-05
79283,2.6248576e-05
79284,2.6248576e-05
79285,2.6248576e-05
79286,2.6248576e-05
79287,2.6248576e-05
79288,2.6248576e-05
79289,2.6248576e-05
79290,2.6248576e-05
79291,2.6248576e-05
79292,2.6248576e-05
79293,2.6248576e-05
79294,2.6248576e-05
79295,2.6248576e-05
79296,2.6248576e-05
79297,2.6248576e-05
79298,2.6248576e-05
79299,2.6248576e-05
79300,2.6248576e-05
79301,2.6248576e-05
79302,2.6248576e-05
79303,2.6248576e-05
79304,2.6248576e-05
79305,2.6248576e-05
79306,2.6248576e-05
79307,2.6248576e-05
79308,2.6248576e-05
79309,2.6248576e-05
79310,2.6248576e-05
79311,2.6248576e-05
79312,2.6248576e-05
79313,2.6248576e-05
79314,2.6248576e-05
79315,2.6248576e-05
79316,2.6248576e-05
79317,2.6248576e-05
79318,2.6248576e-05
79319,2.6248576e-05
79320,2.6248576e-05
79321,2.6248576e-05
79322,2.6248576e-05
79323,2.6248576e-05
79324,2.6248576e-05
79325,2.6248576e-05
79326,2.6248576e-05
79327,2.6248576e-05
79328,2.6248576e-05
79329,2.6248576e-05
79330,2.6248576e-05
79331,2.6248576e-05
79332,2.6248576e-05
79333,2.6248576e-05
79334,2.6248576e-05
79335,2.6248576e-05
79336,2.6248576e-05
79337,2.6248576e-05
79338,2.6248576e-05
79339,2.6248576e-05
79340,2.6248576e-05
79341,2.6248576e-05
79342,2.6248576e-05
79343,2.6248576e-05
79344,2.6248576e-05
79345,2.6248576e-05
79346,2.6248576e-05
79347,2.6248576e-05
79348,2.6248576e-05
79349,2.6248576e-05
79350,2.6248576e-05
79351,2.6248576e-05
79352,2.6248576e-05
79353,2.6248576e-05
79354,2.6248576e-05
79355,2.6248576e-05
79356,2.6248576e-05
79357,2.6248576e-05
79358,2.6248576e-05
79359,2.6248576e-05
79360,2.6248576e-05
79361,2.6248576e-05
79362,2.6248576e-05
79363,2.6248576e-05
79364,2.6248576e-05
79365,2.6248576e-05
79366,2.6248576e-05
79367,2.6248576e-05
79368,2.6248576e-05
79369,2.6248576e-05
79370,2.6248576e-05
79371,2.6248576e-05
79372,2.6248576e-05
79373,2.6248576e-05
79374,2.6248576e-05
79375,2.6248576e-05
79376,2.6248576e-05
79377,2.6248576e-05
79378,2.6248576e-05
79379,2.6248576e-05
79380,2.6248576e-05
79381,2.6248576e-05
79382,2.6248576e-05
79383,2.6248576e-05
79384,2.6248576e-05
79385,2.6248576e-05
79386,2.6248576e-05
79387,2.6248576e-05
79388,2.6248576e-05
79389,2.6248576e-05
79390,2.6248576e-05
79391,2.6248576e-05
79392,2.6248576e-05
79393,2.6248576e-05
79394,2.6248576e-05
79395,2.6248576e-05
79396,2.6248576e-05
79397,2.6248576e-05
79398,2.6248576e-05
79399,2.6248576e-05
79400,2.6248576e-05
79401,2.6248576e-05
79402,2.6248576e-05
79403,2.6248576e-05
79404,2.6248576e-05
79405,2.6248576e-05
79406,2.6248576e-05
79407,2.6248576e-05
79408,2.6248576e-05
79409,2.6248576e-05
79410,2.6248576e-05
79411,2.6248576e-05
79412,2.6248576e-05
79413,2.6248576e-05
79414,2.6248576e-05
79415,2.6248576e-05
79416,2.6248576e-05
79417,2.6248576e-05
79418,2.6248576e-05
79419,2.6248576e-05
79420,2.6248576e-05
79421,2.6248576e-05
79422,2.6248576e-05
79423,2.6248576e-05
79424,2.6248576e-05
79425,2.6248576e-05
79426,2.6248576e-05
79427,2.6248576e-05
79428,2.6248576e-05
79429,2.6248576e-05
79430,2.6248576e-05
79431,2.6248576e-05
79432,2.6248576e-05
79433,2.6248576e-05
79434,2.6248576e-05
79435,2.6248576e-05
79436,2.6248576e-05
79437,2.6248576e-05
79438,2.6248576e-05
79439,2.6248576e-05
79440,2.6248576e-05
79441,2.6248576e-05
79442,2.6248576e-05
79443,2.6248576e-05
79444,2.6248576e-05
79445,2.6248576e-05
79446,2.6248576e-05
79447,2.6248576e-05
79448,2.6248576e-05
79449,2.6248576e-05
79450,2.6248576e-05
79451,2.6248576e-05
79452,2.6248576e-05
79453,2.6248576e-05
79454,2.6248576e-05
79455,2.6248576e-05
79456,2.6248576e-05
79457,2.6248576e-05
79458,2.6248576e-05
79459,2.6248576e-05
79460,2.6248576e-05
79461,2.6248576e-05
79462,2.6248576e-05
79463,2.6248576e-05
79464,2.6248576e-05
79465,2.6248576e-05
79466,2.6248576e-05
79467,2.6248576e-05
79468,2.6248576e-05
79469,2.6248576e-05
79470,2.6248576e-05
79471,2.6248576e-05
79472,2.6248576e-05
79473,2.6248576e-05
79474,2.6248576e-05
79475,2.6248576e-05
79476,2.6248576e-05
79477,2.6248576e-05
79478,2.6248576e-05
79479,2.6248576e-05
79480,2.6248576e-05
79481,2.6248576e-05
79482,2.6248576e-05
79483,2.6248576e-05
79484,2.6248576e-05
79485,2.6248576e-05
79486,2.6248576e-05
79487,2.6248576e-05
79488,2.6248576e-05
79489,2.6248576e-05
79490,2.6248576e-05
79491,2.6248576e-05
79492,2.6248576e-05
79493,2.6248576e-05
79494,2.6248576e-05
79495,2.6248576e-05
79496,2.6248576e-05
79497,2.6248576e-05
79498,2.6248576e-05
79499,2.6248576e-05
79500,2.6248576e-05
79501,2.6248576e-05
79502,2.6248576e-05
79503,2.6248576e-05
79504,2.6248576e-05
79505,2.6248576e-05
79506,2.6248576e-05
79507,2.6248576e-05
79508,2.6248576e-05
79509,2.6248576e-05
79510,2.6248576e-05
79511,2.6248576e-05
79512,2.6248576e-05
79513,2.6248576e-05
79514,2.6248576e-05
79515,2.6248576e-05
79516,2.6248576e-05
79517,2.6248576e-05
79518,2.6248576e-05
79519,2.6248576e-05
79520,2.6248576e-05
79521,2.6248576e-05
79522,2.6248576e-05
79523,2.6248576e-05
79524,2.6248576e-05
79525,2.6248576e-05
79526,2.6248576e-05
79527,2.6248576e-05
79528,2.6248576e-05
79529,2.6248576e-05
79530,2.6248576e-05
79531,2.6248576e-05
79532,2.6248576e-05
79533,2.6248576e-05
79534,2.6248576e-05
79535,2.6248576e-05
79536,2.6248576e-05
79537,2.6248576e-05
79538,2.6248576e-05
79539,2.6248576e-05
79540,2.6248576e-05
79541,2.6248576e-05
79542,2.6248576e-05
79543,2.6248576e-05
79544,2.6248576e-05
79545,2.6248576e-05
79546,2.6248576e-05
79547,2.6248576e-05
79548,2.6248576e-05
79549,2.6248576e-05
79550,2.6248576e-05
79551,2.6248576e-05
79552,2.6248576e-05
79553,2.6248576e-05
79554,2.6248576e-05
79555,2.6248576e-05
79556,2.6248576e-05
79557,2.6248576e-05
79558,2.6248576e-05
79559,2.6248576e-05
79560,2.6248576e-05
79561,2.6248576e-05
79562,2.6248576e-05
79563,2.6248576e-05
79564,2.6248576e-05
79565,2.6248576e-05
79566,2.6248576e-05
79567,2.6248576e-05
79568,2.6248576e-05
79569,2.6248576e-05
79570,2.6248576e-05
79571,2.6248576e-05
79572,2.6248576e-05
79573,2.6248576e-05
79574,2.6248576e-05
79575,2.6248576e-05
79576,2.6248576e-05
79577,2.6248576e-05
79578,2.6248576e-05
79579,2.6248576e-05
79580,2.6248576e-05
79581,2.6248576e-05
79582,2.6248576e-05
79583,2.6248576e-05
79584,2.6248576e-05
79585,2.6248576e-05
79586,2.6248576e-05
79587,2.6248576e-05
79588,2.6248576e-05
79589,2.6248576e-05
79590,2.6248576e-05
79591,2.6248576e-05
79592,2.6248576e-05
79593,2.6248576e-05
79594,2.6248576e-05
79595,2.6248576e-05
79596,2.6248576e-05
79597,2.6248576e-05
79598,2.6248576e-05
79599,2.6248576e-05
79600,2.6248576e-05
79601,2.6248576e-05
79602,2.6248576e-05
79603,2.6248576e-05
79604,2.6248576e-05
79605,2.6248576e-05
79606,2.6248576e-05
79607,2.6248576e-05
79608,2.6248576e-05
79609,2.6248576e-05
79610,2.6248576e-05
79611,2.6248576e-05
79612,2.6248576e-05
79613,2.6248576e-05
79614,2.6248576e-05
79615,2.6248576e-05
79616,2.6248576e-05
79617,2.6248576e-05
79618,2.6248576e-05
79619,2.6248576e-05
79620,2.6248576e-05
79621,2.6248576e-05
79622,2.6248576e-05
79623,2.6248576e-05
79624,2.6248576e-05
79625,2.6248576e-05
79626,2.6248576e-05
79627,2.6248576e-05
79628,2.6248576e-05
79629,2.6248576e-05
79630,2.6248576e-05
79631,2.6248576e-05
79632,2.6248576e-05
79633,2.6248576e-05
79634,2.6248576e-05
79635,2.6248576e-05
79636,2.6248576e-05
79637,2.6248576e-05
79638,2.6248576e-05
79639,2.6248576e-05
79640,2.6248576e-05
79641,2.6248576e-05
79642,2.6248576e-05
79643,2.6248576e-05
79644,2.6248576e-05
79645,2.6248576e-05
79646,2.6248576e-05
79647,2.6248576e-05
79648,2.6248576e-05
79649,2.6248576e-05
79650,2.6248576e-05
79651,2.6248576e-05
79652,2.6248576e-05
79653,2.6248576e-05
79654,2.6248576e-05
79655,2.6248576e-05
79656,2.6248576e-05
79657,2.6248576e-05
79658,2.6248576e-05
79659,2.6248576e-05
79660,2.6248576e-05
79661,2.6248576e-05
79662,2.6248576e-05
79663,2.6248576e-05
79664,2.6248576e-05
79665,2.6248576e-05
79666,2.6248576e-05
79667,2.6248576e-05
79668,2.6248576e-05
79669,2.6248576e-05
79670,2.6248576e-05
79671,2.6248576e-05
79672,2.6248576e-05
79673,2.6248576e-05
79674,2.6248576e-05
79675,2.6248576e-05
79676,2.6248576e-05
79677,2.6248576e-05
79678,2.6248576e-05
79679,2.6248576e-05
79680,2.6248576e-05
79681,2.6248576e-05
79682,2.6248576e-05
79683,2.6248576e-05
79684,2.6248576e-05
79685,2.6248576e-05
79686,2.6248576e-05
79687,2.6248576e-05
79688,2.6248576e-05
79689,2.6248576e-05
79690,2.6248576e-05
79691,2.6248576e-05
79692,2.6248576e-05
79693,2.6248576e-05
79694,2.6248576e-05
79695,2.6248576e-05
79696,2.6248576e-05
79697,2.6248576e-05
79698,2.6248576e-05
79699,2.6248576e-05
79700,2.6248576e-05
79701,2.6248576e-05
79702,2.6248576e-05
79703,2.6248576e-05
79704,2.6248576e-05
79705,2.6248576e-05
79706,2.6248576e-05
79707,2.6248576e-05
79708,2.6248576e-05
79709,2.6248576e-05
79710,2.6248576e-05
79711,2.6248576e-05
79712,2.6248576e-05
79713,2.6248576e-05
79714,2.6248576e-05
79715,2.6248576e-05
79716,2.6248576e-05
79717,2.6248576e-05
79718,2.6248576e-05
79719,2.6248576e-05
79720,2.6248576e-05
79721,2.6248576e-05
79722,2.6248576e-05
79723,2.6248576e-05
79724,2.6248576e-05
79725,2.6248576e-05
79726,2.6248576e-05
79727,2.6248576e-05
79728,2.6248576e-05
79729,2.6248576e-05
79730,2.6248576e-05
79731,2.6248576e-05
79732,2.6248576e-05
79733,2.6248576e-05
79734,2.6248576e-05
79735,2.6248576e-05
79736,2.6248576e-05
79737,2.6248576e-05
79738,2.6248576e-05
79739,2.6248576e-05
79740,2.6248576e-05
79741,2.6248576e-05
79742,2.6248576e-05
79743,2.6248576e-05
79744,2.6248576e-05
79745,2.6248576e-05
79746,2.6248576e-05
79747,2.6248576e-05
79748,2.6248576e-05
79749,2.6248576e-05
79750,2.6248576e-05
79751,2.6248576e-05
79752,2.6248576e-05
79753,2.6248576e-05
79754,2.6248576e-05
79755,2.6248576e-05
79756,2.6248576e-05
79757,2.6248576e-05
79758,2.6248576e-05
79759,2.6248576e-05
79760,2.6248576e-05
79761,2.6248576e-05
79762,2.6248576e-05
79763,2.6248576e-05
79764,2.6248576e-05
79765,2.6248576e-05
79766,2.6248576e-05
79767,2.6248576e-05
79768,2.6248576e-05
79769,2.6248576e-05
79770,2.6248576e-05
79771,2.6248576e-05
79772,2.6248576e-05
79773,2.6248576e-05
79774,2.6248576e-05
79775,2.6248576e-05
79776,2.6248576e-05
79777,2.6248576e-05
79778,2.6248576e-05
79779,2.6248576e-05
79780,2.6248576e-05
79781,2.6248576e-05
79782,2.6248576e-05
79783,2.6248576e-05
79784,2.6248576e-05
79785,2.6248576e-05
79786,2.6248576e-05
79787,2.6248576e-05
79788,2.6248576e-05
79789,2.6248576e-05
79790,2.6248576e-05
79791,2.6248576e-05
79792,2.6248576e-05
79793,2.6248576e-05
79794,2.6248576e-05
79795,2.6248576e-05
79796,2.6248576e-05
79797,2.6248576e-05
79798,2.6248576e-05
79799,2.6248576e-05
79800,2.6248576e-05
79801,2.6248576e-05
79802,2.6248576e-05
79803,2.6248576e-05
79804,2.6248576e-05
79805,2.6248576e-05
79806,2.6248576e-05
79807,2.6248576e-05
79808,2.6248576e-05
79809,2.6248576e-05
79810,2.6248576e-05
79811,2.6248576e-05
79812,2.6248576e-05
79813,2.6248576e-05
79814,2.6248576e-05
79815,2.6248576e-05
79816,2.6248576e-05
79817,2.6248576e-05
79818,2.6248576e-05
79819,2.6248576e-05
79820,2.6248576e-05
79821,2.6248576e-05
79822,2.6248576e-05
79823,2.6248576e-05
79824,2.6248576e-05
79825,2.6248576e-05
79826,2.6248576e-05
79827,2.6248576e-05
79828,2.6248576e-05
79829,2.6248576e-05
79830,2.6248576e-05
79831,2.6248576e-05
79832,2.6248576e-05
79833,2.6248576e-05
79834,2.6248576e-05
79835,2.6248576e-05
79836,2.6248576e-05
79837,2.6248576e-05
79838,2.6248576e-05
79839,2.6248576e-05
79840,2.6248576e-05
79841,2.6248576e-05
79842,2.6248576e-05
79843,2.6248576e-05
79844,2.6248576e-05
79845,2.6248576e-05
79846,2.6248576e-05
79847,2.6248576e-05
79848,2.6248576e-05
79849,2.6248576e-05
79850,2.6248576e-05
79851,2.6248576e-05
79852,2.6248576e-05
79853,2.6248576e-05
79854,2.6248576e-05
79855,2.6248576e-05
79856,2.6248576e-05
79857,2.6248576e-05
79858,2.6248576e-05
79859,2.6248576e-05
79860,2.6248576e-05
79861,2.6248576e-05
79862,2.6248576e-05
79863,2.6248576e-05
79864,2.6248576e-05
79865,2.6248576e-05
79866,2.6248576e-05
79867,2.6248576e-05
79868,2.6248576e-05
79869,2.6248576e-05
79870,2.6248576e-05
79871,2.6248576e-05
79872,2.6248576e-05
79873,2.6248576e-05
79874,2.6248576e-05
79875,2.6248576e-05
79876,2.6248576e-05
79877,2.6248576e-05
79878,2.6248576e-05
79879,2.6248576e-05
79880,2.6248576e-05
79881,2.6248576e-05
79882,2.6248576e-05
79883,2.6248576e-05
79884,2.6248576e-05
79885,2.6248576e-05
79886,2.6248576e-05
79887,2.6248576e-05
79888,2.6248576e-05
79889,2.6248576e-05
79890,2.6248576e-05
79891,2.6248576e-05
79892,2.6248576e-05
79893,2.6248576e-05
79894,2.6248576e-05
79895,2.6248576e-05
79896,2.6248576e-05
79897,2.6248576e-05
79898,2.6248576e-05
79899,2.6248576e-05
79900,2.6248576e-05
79901,2.6248576e-05
79902,2.6248576e-05
79903,2.6248576e-05
79904,2.6248576e-05
79905,2.6248576e-05
79906,2.6248576e-05
79907,2.6248576e-05
79908,2.6248576e-05
79909,2.6248576e-05
79910,2.6248576e-05
79911,2.6248576e-05
79912,2.6248576e-05
79913,2.6248576e-05
79914,2.6248576e-05
79915,2.6248576e-05
79916,2.6248576e-05
79917,2.6248576e-05
79918,2.6248576e-05
79919,2.6248576e-05
79920,2.6248576e-05
79921,2.6248576e-05
79922,2.6248576e-05
79923,2.6248576e-05
79924,2.6248576e-05
79925,2.6248576e-05
79926,2.6248576e-05
79927,2.6248576e-05
79928,2.6248576e-05
79929,2.6248576e-05
79930,2.6248576e-05
79931,2.6248576e-05
79932,2.6248576e-05
79933,2.6248576e-05
79934,2.6248576e-05
79935,2.6248576e-05
79936,2.6248576e-05
79937,2.6248576e-05
79938,2.6248576e-05
79939,2.6248576e-05
79940,2.6248576e-05
79941,2.6248576e-05
79942,2.6248576e-05
79943,2.6248576e-05
79944,2.6248576e-05
79945,2.6248576e-05
79946,2.6248576e-05
79947,2.6248576e-05
79948,2.6248576e-05
79949,2.6248576e-05
79950,2.6248576e-05
79951,2.6248576e-05
79952,2.6248576e-05
79953,2.6248576e-05
79954,2.6248576e-05
79955,2.6248576e-05
79956,2.6248576e-05
79957,2.6248576e-05
79958,2.6248576e-05
79959,2.6248576e-05
79960,2.6248576e-05
79961,2.6248576e-05
79962,2.6248576e-05
79963,2.6248576e-05
79964,2.6248576e-05
79965,2.6248576e-05
79966,2.6248576e-05
79967,2.6248576e-05
79968,2.6248576e-05
79969,2.6248576e-05
79970,2.6248576e-05
79971,2.6248576e-05
79972,2.6248576e-05
79973,2.6248576e-05
79974,2.6248576e-05
79975,2.6248576e-05
79976,2.6248576e-05
79977,2.6248576e-05
79978,2.6248576e-05
79979,2.6248576e-05
79980,2.6248576e-05
79981,2.6248576e-05
79982,2.6248576e-05
79983,2.6248576e-05
79984,2.6248576e-05
79985,2.6248576e-05
79986,2.6248576e-05
79987,2.6248576e-05
79988,2.6248576e-05
79989,2.6248576e-05
79990,2.6248576e-05
79991,2.6248576e-05
79992,2.6248576e-05
79993,2.6248576e-05
79994,2.6248576e-05
79995,2.6248576e-05
79996,2.6248576e-05
79997,2.6248576e-05
79998,2.6248576e-05
79999,2.6248576e-05
80000,2.6248576e-05
80001,2.6248576e-05
80002,2.6248576e-05
80003,2.6248576e-05
80004,2.6248576e-05
80005,2.6248576e-05
80006,2.6248576e-05
80007,2.6248576e-05
80008,2.6248576e-05
80009,2.6248576e-05
80010,2.6248576e-05
80011,2.6248576e-05
80012,2.6248576e-05
80013,2.6248576e-05
80014,2.6248576e-05
80015,2.6248576e-05
80016,2.6248576e-05
80017,2.6248576e-05
80018,2.6248576e-05
80019,2.6248576e-05
80020,2.6248576e-05
80021,2.6248576e-05
80022,2.6248576e-05
80023,2.6248576e-05
80024,2.6248576e-05
80025,2.6248576e-05
80026,2.6248576e-05
80027,2.6248576e-05
80028,2.6248576e-05
80029,2.6248576e-05
80030,2.6248576e-05
80031,2.6248576e-05
80032,2.6248576e-05
80033,2.6248576e-05
80034,2.6248576e-05
80035,2.6248576e-05
80036,2.6248576e-05
80037,2.6248576e-05
80038,2.6248576e-05
80039,2.6248576e-05
80040,2.6248576e-05
80041,2.6248576e-05
80042,2.6248576e-05
80043,2.6248576e-05
80044,2.6248576e-05
80045,2.6248576e-05
80046,2.6248576e-05
80047,2.6248576e-05
80048,2.6248576e-05
80049,2.6248576e-05
80050,2.6248576e-05
80051,2.6248576e-05
80052,2.6248576e-05
80053,2.6248576e-05
80054,2.6248576e-05
80055,2.6248576e-05
80056,2.6248576e-05
80057,2.6248576e-05
80058,2.6248576e-05
80059,2.6248576e-05
80060,2.6248576e-05
80061,2.6248576e-05
80062,2.6248576e-05
80063,2.6248576e-05
80064,2.6248576e-05
80065,2.6248576e-05
80066,2.6248576e-05
80067,2.6248576e-05
80068,2.6248576e-05
80069,2.6248576e-05
80070,2.6248576e-05
80071,2.6248576e-05
80072,2.6248576e-05
80073,2.6248576e-05
80074,2.6248576e-05
80075,2.6248576e-05
80076,2.6248576e-05
80077,2.6248576e-05
80078,2.6248576e-05
80079,2.6248576e-05
80080,2.6248576e-05
80081,2.6248576e-05
80082,2.6248576e-05
80083,2.6248576e-05
80084,2.6248576e-05
80085,2.6248576e-05
80086,2.6248576e-05
80087,2.6248576e-05
80088,2.6248576e-05
80089,2.6248576e-05
80090,2.6248576e-05
80091,2.6248576e-05
80092,2.6248576e-05
80093,2.6248576e-05
80094,2.6248576e-05
80095,2.6248576e-05
80096,2.6248576e-05
80097,2.6248576e-05
80098,2.6248576e-05
80099,2.6248576e-05
80100,2.6248576e-05
80101,2.6248576e-05
80102,2.6248576e-05
80103,2.6248576e-05
80104,2.6248576e-05
80105,2.6248576e-05
80106,2.6248576e-05
80107,2.6248576e-05
80108,2.6248576e-05
80109,2.6248576e-05
80110,2.6248576e-05
80111,2.6248576e-05
80112,2.6248576e-05
80113,2.6248576e-05
80114,2.6248576e-05
80115,2.6248576e-05
80116,2.6248576e-05
80117,2.6248576e-05
80118,2.6248576e-05
80119,2.6248576e-05
80120,2.6248576e-05
80121,2.6248576e-05
80122,2.6248576e-05
80123,2.6248576e-05
80124,2.6248576e-05
80125,2.6248576e-05
80126,2.6248576e-05
80127,2.6248576e-05
80128,2.6248576e-05
80129,2.6248576e-05
80130,2.6248576e-05
80131,2.6248576e-05
80132,2.6248576e-05
80133,2.6248576e-05
80134,2.6248576e-05
80135,2.6248576e-05
80136,2.6248576e-05
80137,2.6248576e-05
80138,2.6248576e-05
80139,2.6248576e-05
80140,2.6248576e-05
80141,2.6248576e-05
80142,2.6248576e-05
80143,2.6248576e-05
80144,2.6248576e-05
80145,2.6248576e-05
80146,2.6248576e-05
80147,2.6248576e-05
80148,2.6248576e-05
80149,2.6248576e-05
80150,2.6248576e-05
80151,2.6248576e-05
80152,2.6248576e-05
80153,2.6248576e-05
80154,2.6248576e-05
80155,2.6248576e-05
80156,2.6248576e-05
80157,2.6248576e-05
80158,2.6248576e-05
80159,2.6248576e-05
80160,2.6248576e-05
80161,2.6248576e-05
80162,2.6248576e-05
80163,2.6248576e-05
80164,2.6248576e-05
80165,2.6248576e-05
80166,2.6248576e-05
80167,2.6248576e-05
80168,2.6248576e-05
80169,2.6248576e-05
80170,2.6248576e-05
80171,2.6248576e-05
80172,2.6248576e-05
80173,2.6248576e-05
80174,2.6248576e-05
80175,2.6248576e-05
80176,2.6248576e-05
80177,2.6248576e-05
80178,2.6248576e-05
80179,2.6248576e-05
80180,2.6248576e-05
80181,2.6248576e-05
80182,2.6248576e-05
80183,2.6248576e-05
80184,2.6248576e-05
80185,2.6248576e-05
80186,2.6248576e-05
80187,2.6248576e-05
80188,2.6248576e-05
80189,2.6248576e-05
80190,2.6248576e-05
80191,2.6248576e-05
80192,2.6248576e-05
80193,2.6248576e-05
80194,2.6248576e-05
80195,2.6248576e-05
80196,2.6248576e-05
80197,2.6248576e-05
80198,2.6248576e-05
80199,2.6248576e-05
80200,2.6248576e-05
80201,2.6248576e-05
80202,2.6248576e-05
80203,2.6248576e-05
80204,2.6248576e-05
80205,2.6248576e-05
80206,2.6248576e-05
80207,2.6248576e-05
80208,2.6248576e-05
80209,2.6248576e-05
80210,2.6248576e-05
80211,2.6248576e-05
80212,2.6248576e-05
80213,2.6248576e-05
80214,2.6248576e-05
80215,2.6248576e-05
80216,2.6248576e-05
80217,2.6248576e-05
80218,2.6248576e-05
80219,2.6248576e-05
80220,2.6248576e-05
80221,2.6248576e-05
80222,2.6248576e-05
80223,2.6248576e-05
80224,2.6248576e-05
80225,2.6248576e-05
80226,2.6248576e-05
80227,2.6248576e-05
80228,2.6248576e-05
80229,2.6248576e-05
80230,2.6248576e-05
80231,2.6248576e-05
80232,2.6248576e-05
80233,2.6248576e-05
80234,2.6248576e-05
80235,2.6248576e-05
80236,2.6248576e-05
80237,2.6248576e-05
80238,2.6248576e-05
80239,2.6248576e-05
80240,2.6248576e-05
80241,2.6248576e-05
80242,2.6248576e-05
80243,2.6248576e-05
80244,2.6248576e-05
80245,2.6248576e-05
80246,2.6248576e-05
80247,2.6248576e-05
80248,2.6248576e-05
80249,2.6248576e-05
80250,2.6248576e-05
80251,2.6248576e-05
80252,2.6248576e-05
80253,2.6248576e-05
80254,2.6248576e-05
80255,2.6248576e-05
80256,2.6248576e-05
80257,2.6248576e-05
80258,2.6248576e-05
80259,2.6248576e-05
80260,2.6248576e-05
80261,2.6248576e-05
80262,2.6248576e-05
80263,2.6248576e-05
80264,2.6248576e-05
80265,2.6248576e-05
80266,2.6248576e-05
80267,2.6248576e-05
80268,2.6248576e-05
80269,2.6248576e-05
80270,2.6248576e-05
80271,2.6248576e-05
80272,2.6248576e-05
80273,2.6248576e-05
80274,2.6248576e-05
80275,2.6248576e-05
80276,2.6248576e-05
80277,2.6248576e-05
80278,2.6248576e-05
80279,2.6248576e-05
80280,2.6248576e-05
80281,2.6248576e-05
80282,2.6248576e-05
80283,2.6248576e-05
80284,2.6248576e-05
80285,2.6248576e-05
80286,2.6248576e-05
80287,2.6248576e-05
80288,2.6248576e-05
80289,2.6248576e-05
80290,2.6248576e-05
80291,2.6248576e-05
80292,2.6248576e-05
80293,2.6248576e-05
80294,2.6248576e-05
80295,2.6248576e-05
80296,2.6248576e-05
80297,2.6248576e-05
80298,2.6248576e-05
80299,2.6248576e-05
80300,2.6248576e-05
80301,2.6248576e-05
80302,2.6248576e-05
80303,2.6248576e-05
80304,2.6248576e-05
80305,2.6248576e-05
80306,2.6248576e-05
80307,2.6248576e-05
80308,2.6248576e-05
80309,2.6248576e-05
80310,2.6248576e-05
80311,2.6248576e-05
80312,2.6248576e-05
80313,2.6248576e-05
80314,2.6248576e-05
80315,2.6248576e-05
80316,2.6248576e-05
80317,2.6248576e-05
80318,2.6248576e-05
80319,2.6248576e-05
80320,2.6248576e-05
80321,2.6248576e-05
80322,2.6248576e-05
80323,2.6248576e-05
80324,2.6248576e-05
80325,2.6248576e-05
80326,2.6248576e-05
80327,2.6248576e-05
80328,2.6248576e-05
80329,2.6248576e-05
80330,2.6248576e-05
80331,2.6248576e-05
80332,2.6248576e-05
80333,2.6248576e-05
80334,2.6248576e-05
80335,2.6248576e-05
80336,2.6248576e-05
80337,2.6248576e-05
80338,2.6248576e-05
80339,2.6248576e-05
80340,2.6248576e-05
80341,2.6248576e-05
80342,2.6248576e-05
80343,2.6248576e-05
80344,2.6248576e-05
80345,2.6248576e-05
80346,2.6248576e-05
80347,2.6248576e-05
80348,2.6248576e-05
80349,2.6248576e-05
80350,2.6248576e-05
80351,2.6248576e-05
80352,2.6248576e-05
80353,2.6248576e-05
80354,2.6248576e-05
80355,2.6248576e-05
80356,2.6248576e-05
80357,2.6248576e-05
80358,2.6248576e-05
80359,2.6248576e-05
80360,2.6248576e-05
80361,2.6248576e-05
80362,2.6248576e-05
80363,2.6248576e-05
80364,2.6248576e-05
80365,2.6248576e-05
80366,2.6248576e-05
80367,2.6248576e-05
80368,2.6248576e-05
80369,2.6248576e-05
80370,2.6248576e-05
80371,2.6248576e-05
80372,2.6248576e-05
80373,2.6248576e-05
80374,2.6248576e-05
80375,2.6248576e-05
80376,2.6248576e-05
80377,2.6248576e-05
80378,2.6248576e-05
80379,2.6248576e-05
80380,2.6248576e-05
80381,2.6248576e-05
80382,2.6248576e-05
80383,2.6248576e-05
80384,2.6248576e-05
80385,2.6248576e-05
80386,2.6248576e-05
80387,2.6248576e-05
80388,2.6248576e-05
80389,2.6248576e-05
80390,2.6248576e-05
80391,2.6248576e-05
80392,2.6248576e-05
80393,2.6248576e-05
80394,2.6248576e-05
80395,2.6248576e-05
80396,2.6248576e-05
80397,2.6248576e-05
80398,2.6248576e-05
80399,2.6248576e-05
80400,2.6248576e-05
80401,2.6248576e-05
80402,2.6248576e-05
80403,2.6248576e-05
80404,2.6248576e-05
80405,2.6248576e-05
80406,2.6248576e-05
80407,2.6248576e-05
80408,2.6248576e-05
80409,2.6248576e-05
80410,2.6248576e-05
80411,2.6248576e-05
80412,2.6248576e-05
80413,2.6248576e-05
80414,2.6248576e-05
80415,2.6248576e-05
80416,2.6248576e-05
80417,2.6248576e-05
80418,2.6248576e-05
80419,2.6248576e-05
80420,2.6248576e-05
80421,2.6248576e-05
80422,2.6248576e-05
80423,2.6248576e-05
80424,2.6248576e-05
80425,2.6248576e-05
80426,2.6248576e-05
80427,2.6248576e-05
80428,2.6248576e-05
80429,2.6248576e-05
80430,2.6248576e-05
80431,2.6248576e-05
80432,2.6248576e-05
80433,2.6248576e-05
80434,2.6248576e-05
80435,2.6248576e-05
80436,2.6248576e-05
80437,2.6248576e-05
80438,2.6248576e-05
80439,2.6248576e-05
80440,2.6248576e-05
80441,2.6248576e-05
80442,2.6248576e-05
80443,2.6248576e-05
80444,2.6248576e-05
80445,2.6248576e-05
80446,2.6248576e-05
80447,2.6248576e-05
80448,2.6248576e-05
80449,2.6248576e-05
80450,2.6248576e-05
80451,2.6248576e-05
80452,2.6248576e-05
80453,2.6248576e-05
80454,2.6248576e-05
80455,2.6248576e-05
80456,2.6248576e-05
80457,2.6248576e-05
80458,2.6248576e-05
80459,2.6248576e-05
80460,2.6248576e-05
80461,2.6248576e-05
80462,2.6248576e-05
80463,2.6248576e-05
80464,2.6248576e-05
80465,2.6248576e-05
80466,2.6248576e-05
80467,2.6248576e-05
80468,2.6248576e-05
80469,2.6248576e-05
80470,2.6248576e-05
80471,2.6248576e-05
80472,2.6248576e-05
80473,2.6248576e-05
80474,2.6248576e-05
80475,2.6248576e-05
80476,2.6248576e-05
80477,2.6248576e-05
80478,2.6248576e-05
80479,2.6248576e-05
80480,2.6248576e-05
80481,2.6248576e-05
80482,2.6248576e-05
80483,2.6248576e-05
80484,2.6248576e-05
80485,2.6248576e-05
80486,2.6248576e-05
80487,2.6248576e-05
80488,2.6248576e-05
80489,2.6248576e-05
80490,2.6248576e-05
80491,2.6248576e-05
80492,2.6248576e-05
80493,2.6248576e-05
80494,2.6248576e-05
80495,2.6248576e-05
80496,2.6248576e-05
80497,2.6248576e-05
80498,2.6248576e-05
80499,2.6248576e-05
80500,2.6248576e-05
80501,2.6248576e-05
80502,2.6248576e-05
80503,2.6248576e-05
80504,2.6248576e-05
80505,2.6248576e-05
80506,2.6248576e-05
80507,2.6248576e-05
80508,2.6248576e-05
80509,2.6248576e-05
80510,2.6248576e-05
80511,2.6248576e-05
80512,2.6248576e-05
80513,2.6248576e-05
80514,2.6248576e-05
80515,2.6248576e-05
80516,2.6248576e-05
80517,2.6248576e-05
80518,2.6248576e-05
80519,2.6248576e-05
80520,2.6248576e-05
80521,2.6248576e-05
80522,2.6248576e-05
80523,2.6248576e-05
80524,2.6248576e-05
80525,2.6248576e-05
80526,2.6248576e-05
80527,2.6248576e-05
80528,2.6248576e-05
80529,2.6248576e-05
80530,2.6248576e-05
80531,2.6248576e-05
80532,2.6248576e-05
80533,2.6248576e-05
80534,2.6248576e-05
80535,2.6248576e-05
80536,2.6248576e-05
80537,2.6248576e-05
80538,2.6248576e-05
80539,2.6248576e-05
80540,2.6248576e-05
80541,2.6248576e-05
80542,2.6248576e-05
80543,2.6248576e-05
80544,2.6248576e-05
80545,2.6248576e-05
80546,2.6248576e-05
80547,2.6248576e-05
80548,2.6248576e-05
80549,2.6248576e-05
80550,2.6248576e-05
80551,2.6248576e-05
80552,2.6248576e-05
80553,2.6248576e-05
80554,2.6248576e-05
80555,2.6248576e-05
80556,2.6248576e-05
80557,2.6248576e-05
80558,2.6248576e-05
80559,2.6248576e-05
80560,2.6248576e-05
80561,2.6248576e-05
80562,2.6248576e-05
80563,2.6248576e-05
80564,2.6248576e-05
80565,2.6248576e-05
80566,2.6248576e-05
80567,2.6248576e-05
80568,2.6248576e-05
80569,2.6248576e-05
80570,2.6248576e-05
80571,2.6248576e-05
80572,2.6248576e-05
80573,2.6248576e-05
80574,2.6248576e-05
80575,2.6248576e-05
80576,2.6248576e-05
80577,2.6248576e-05
80578,2.6248576e-05
80579,2.6248576e-05
80580,2.6248576e-05
80581,2.6248576e-05
80582,2.6248576e-05
80583,2.6248576e-05
80584,2.6248576e-05
80585,2.6248576e-05
80586,2.6248576e-05
80587,2.6248576e-05
80588,2.6248576e-05
80589,2.6248576e-05
80590,2.6248576e-05
80591,2.6248576e-05
80592,2.6248576e-05
80593,2.6248576e-05
80594,2.6248576e-05
80595,2.6248576e-05
80596,2.6248576e-05
80597,2.6248576e-05
80598,2.6248576e-05
80599,2.6248576e-05
80600,2.6248576e-05
80601,2.6248576e-05
80602,2.6248576e-05
80603,2.6248576e-05
80604,2.6248576e-05
80605,2.6248576e-05
80606,2.6248576e-05
80607,2.6248576e-05
80608,2.6248576e-05
80609,2.6248576e-05
80610,2.6248576e-05
80611,2.6248576e-05
80612,2.6248576e-05
80613,2.6248576e-05
80614,2.6248576e-05
80615,2.6248576e-05
80616,2.6248576e-05
80617,2.6248576e-05
80618,2.6248576e-05
80619,2.6248576e-05
80620,2.6248576e-05
80621,2.6248576e-05
80622,2.6248576e-05
80623,2.6248576e-05
80624,2.6248576e-05
80625,2.6248576e-05
80626,2.6248576e-05
80627,2.6248576e-05
80628,2.6248576e-05
80629,2.6248576e-05
80630,2.6248576e-05
80631,2.6248576e-05
80632,2.6248576e-05
80633,2.6248576e-05
80634,2.6248576e-05
80635,2.6248576e-05
80636,2.6248576e-05
80637,2.6248576e-05
80638,2.6248576e-05
80639,2.6248576e-05
80640,2.6248576e-05
80641,2.6248576e-05
80642,2.6248576e-05
80643,2.6248576e-05
80644,2.6248576e-05
80645,2.6248576e-05
80646,2.6248576e-05
80647,2.6248576e-05
80648,2.6248576e-05
80649,2.6248576e-05
80650,2.6248576e-05
80651,2.6248576e-05
80652,2.6248576e-05
80653,2.6248576e-05
80654,2.6248576e-05
80655,2.6248576e-05
80656,2.6248576e-05
80657,2.6248576e-05
80658,2.6248576e-05
80659,2.6248576e-05
80660,2.6248576e-05
80661,2.6248576e-05
80662,2.6248576e-05
80663,2.6248576e-05
80664,2.6248576e-05
80665,2.6248576e-05
80666,2.6248576e-05
80667,2.6248576e-05
80668,2.6248576e-05
80669,2.6248576e-05
80670,2.6248576e-05
80671,2.6248576e-05
80672,2.6248576e-05
80673,2.6248576e-05
80674,2.6248576e-05
80675,2.6248576e-05
80676,2.6248576e-05
80677,2.6248576e-05
80678,2.6248576e-05
80679,2.6248576e-05
80680,2.6248576e-05
80681,2.6248576e-05
80682,2.6248576e-05
80683,2.6248576e-05
80684,2.6248576e-05
80685,2.6248576e-05
80686,2.6248576e-05
80687,2.6248576e-05
80688,2.6248576e-05
80689,2.6248576e-05
80690,2.6248576e-05
80691,2.6248576e-05
80692,2.6248576e-05
80693,2.6248576e-05
80694,2.6248576e-05
80695,2.6248576e-05
80696,2.6248576e-05
80697,2.6248576e-05
80698,2.6248576e-05
80699,2.6248576e-05
80700,2.6248576e-05
80701,2.6248576e-05
80702,2.6248576e-05
80703,2.6248576e-05
80704,2.6248576e-05
80705,2.6248576e-05
80706,2.6248576e-05
80707,2.6248576e-05
80708,2.6248576e-05
80709,2.6248576e-05
80710,2.6248576e-05
80711,2.6248576e-05
80712,2.6248576e-05
80713,2.6248576e-05
80714,2.6248576e-05
80715,2.6248576e-05
80716,2.6248576e-05
80717,2.6248576e-05
80718,2.6248576e-05
80719,2.6248576e-05
80720,2.6248576e-05
80721,2.6248576e-05
80722,2.6248576e-05
80723,2.6248576e-05
80724,2.6248576e-05
80725,2.6248576e-05
80726,2.6248576e-05
80727,2.6248576e-05
80728,2.6248576e-05
80729,2.6248576e-05
80730,2.6248576e-05
80731,2.6248576e-05
80732,2.6248576e-05
80733,2.6248576e-05
80734,2.6248576e-05
80735,2.6248576e-05
80736,2.6248576e-05
80737,2.6248576e-05
80738,2.6248576e-05
80739,2.6248576e-05
80740,2.6248576e-05
80741,2.6248576e-05
80742,2.6248576e-05
80743,2.6248576e-05
80744,2.6248576e-05
80745,2.6248576e-05
80746,2.6248576e-05
80747,2.6248576e-05
80748,2.6248576e-05
80749,2.6248576e-05
80750,2.6248576e-05
80751,2.6248576e-05
80752,2.6248576e-05
80753,2.6248576e-05
80754,2.6248576e-05
80755,2.6248576e-05
80756,2.6248576e-05
80757,2.6248576e-05
80758,2.6248576e-05
80759,2.6248576e-05
80760,2.6248576e-05
80761,2.6248576e-05
80762,2.6248576e-05
80763,2.6248576e-05
80764,2.6248576e-05
80765,2.6248576e-05
80766,2.6248576e-05
80767,2.6248576e-05
80768,2.6248576e-05
80769,2.6248576e-05
80770,2.6248576e-05
80771,2.6248576e-05
80772,2.6248576e-05
80773,2.6248576e-05
80774,2.6248576e-05
80775,2.6248576e-05
80776,2.6248576e-05
80777,2.6248576e-05
80778,2.6248576e-05
80779,2.6248576e-05
80780,2.6248576e-05
80781,2.6248576e-05
80782,2.6248576e-05
80783,2.6248576e-05
80784,2.6248576e-05
80785,2.6248576e-05
80786,2.6248576e-05
80787,2.6248576e-05
80788,2.6248576e-05
80789,2.6248576e-05
80790,2.6248576e-05
80791,2.6248576e-05
80792,2.6248576e-05
80793,2.6248576e-05
80794,2.6248576e-05
80795,2.6248576e-05
80796,2.6248576e-05
80797,2.6248576e-05
80798,2.6248576e-05
80799,2.6248576e-05
80800,2.6248576e-05
80801,2.6248576e-05
80802,2.6248576e-05
80803,2.6248576e-05
80804,2.6248576e-05
80805,2.6248576e-05
80806,2.6248576e-05
80807,2.6248576e-05
80808,2.6248576e-05
80809,2.6248576e-05
80810,2.6248576e-05
80811,2.6248576e-05
80812,2.6248576e-05
80813,2.6248576e-05
80814,2.6248576e-05
80815,2.6248576e-05
80816,2.6248576e-05
80817,2.6248576e-05
80818,2.6248576e-05
80819,2.6248576e-05
80820,2.6248576e-05
80821,2.6248576e-05
80822,2.6248576e-05
80823,2.6248576e-05
80824,2.6248576e-05
80825,2.6248576e-05
80826,2.6248576e-05
80827,2.6248576e-05
80828,2.6248576e-05
80829,2.6248576e-05
80830,2.6248576e-05
80831,2.6248576e-05
80832,2.6248576e-05
80833,2.6248576e-05
80834,2.6248576e-05
80835,2.6248576e-05
80836,2.6248576e-05
80837,2.6248576e-05
80838,2.6248576e-05
80839,2.6248576e-05
80840,2.6248576e-05
80841,2.6248576e-05
80842,2.6248576e-05
80843,2.6248576e-05
80844,2.6248576e-05
80845,2.6248576e-05
80846,2.6248576e-05
80847,2.6248576e-05
80848,2.6248576e-05
80849,2.6248576e-05
80850,2.6248576e-05
80851,2.6248576e-05
80852,2.6248576e-05
80853,2.6248576e-05
80854,2.6248576e-05
80855,2.6248576e-05
80856,2.6248576e-05
80857,2.6248576e-05
80858,2.6248576e-05
80859,2.6248576e-05
80860,2.6248576e-05
80861,2.6248576e-05
80862,2.6248576e-05
80863,2.6248576e-05
80864,2.6248576e-05
80865,2.6248576e-05
80866,2.6248576e-05
80867,2.6248576e-05
80868,2.6248576e-05
80869,2.6248576e-05
80870,2.6248576e-05
80871,2.6248576e-05
80872,2.6248576e-05
80873,2.6248576e-05
80874,2.6248576e-05
80875,2.6248576e-05
80876,2.6248576e-05
80877,2.6248576e-05
80878,2.6248576e-05
80879,2.6248576e-05
80880,2.6248576e-05
80881,2.6248576e-05
80882,2.6248576e-05
80883,2.6248576e-05
80884,2.6248576e-05
80885,2.6248576e-05
80886,2.6248576e-05
80887,2.6248576e-05
80888,2.6248576e-05
80889,2.6248576e-05
80890,2.6248576e-05
80891,2.6248576e-05
80892,2.6248576e-05
80893,2.6248576e-05
80894,2.6248576e-05
80895,2.6248576e-05
80896,2.6248576e-05
80897,2.6248576e-05
80898,2.6248576e-05
80899,2.6248576e-05
80900,2.6248576e-05
80901,2.6248576e-05
80902,2.6248576e-05
80903,2.6248576e-05
80904,2.6248576e-05
80905,2.6248576e-05
80906,2.6248576e-05
80907,2.6248576e-05
80908,2.6248576e-05
80909,2.6248576e-05
80910,2.6248576e-05
80911,2.6248576e-05
80912,2.6248576e-05
80913,2.6248576e-05
80914,2.6248576e-05
80915,2.6248576e-05
80916,2.6248576e-05
80917,2.6248576e-05
80918,2.6248576e-05
80919,2.6248576e-05
80920,2.6248576e-05
80921,2.6248576e-05
80922,2.6248576e-05
80923,2.6248576e-05
80924,2.6248576e-05
80925,2.6248576e-05
80926,2.6248576e-05
80927,2.6248576e-05
80928,2.6248576e-05
80929,2.6248576e-05
80930,2.6248576e-05
80931,2.6248576e-05
80932,2.6248576e-05
80933,2.6248576e-05
80934,2.6248576e-05
80935,2.6248576e-05
80936,2.6248576e-05
80937,2.6248576e-05
80938,2.6248576e-05
80939,2.6248576e-05
80940,2.6248576e-05
80941,2.6248576e-05
80942,2.6248576e-05
80943,2.6248576e-05
80944,2.6248576e-05
80945,2.6248576e-05
80946,2.6248576e-05
80947,2.6248576e-05
80948,2.6248576e-05
80949,2.6248576e-05
80950,2.6248576e-05
80951,2.6248576e-05
80952,2.6248576e-05
80953,2.6248576e-05
80954,2.6248576e-05
80955,2.6248576e-05
80956,2.6248576e-05
80957,2.6248576e-05
80958,2.6248576e-05
80959,2.6248576e-05
80960,2.6248576e-05
80961,2.6248576e-05
80962,2.6248576e-05
80963,2.6248576e-05
80964,2.6248576e-05
80965,2.6248576e-05
80966,2.6248576e-05
80967,2.6248576e-05
80968,2.6248576e-05
80969,2.6248576e-05
80970,2.6248576e-05
80971,2.6248576e-05
80972,2.6248576e-05
80973,2.6248576e-05
80974,2.6248576e-05
80975,2.6248576e-05
80976,2.6248576e-05
80977,2.6248576e-05
80978,2.6248576e-05
80979,2.6248576e-05
80980,2.6248576e-05
80981,2.6248576e-05
80982,2.6248576e-05
80983,2.6248576e-05
80984,2.6248576e-05
80985,2.6248576e-05
80986,2.6248576e-05
80987,2.6248576e-05
80988,2.6248576e-05
80989,2.6248576e-05
80990,2.6248576e-05
80991,2.6248576e-05
80992,2.6248576e-05
80993,2.6248576e-05
80994,2.6248576e-05
80995,2.6248576e-05
80996,2.6248576e-05
80997,2.6248576e-05
80998,2.6248576e-05
80999,2.6248576e-05
81000,2.6248576e-05
81001,2.6248576e-05
81002,2.6248576e-05
81003,2.6248576e-05
81004,2.6248576e-05
81005,2.6248576e-05
81006,2.6248576e-05
81007,2.6248576e-05
81008,2.6248576e-05
81009,2.6248576e-05
81010,2.6248576e-05
81011,2.6248576e-05
81012,2.6248576e-05
81013,2.6248576e-05
81014,2.6248576e-05
81015,2.6248576e-05
81016,2.6248576e-05
81017,2.6248576e-05
81018,2.6248576e-05
81019,2.6248576e-05
81020,2.6248576e-05
81021,2.6248576e-05
81022,2.6248576e-05
81023,2.6248576e-05
81024,2.6248576e-05
81025,2.6248576e-05
81026,2.6248576e-05
81027,2.6248576e-05
81028,2.6248576e-05
81029,2.6248576e-05
81030,2.6248576e-05
81031,2.6248576e-05
81032,2.6248576e-05
81033,2.6248576e-05
81034,2.6248576e-05
81035,2.6248576e-05
81036,2.6248576e-05
81037,2.6248576e-05
81038,2.6248576e-05
81039,2.6248576e-05
81040,2.6248576e-05
81041,2.6248576e-05
81042,2.6248576e-05
81043,2.6248576e-05
81044,2.6248576e-05
81045,2.6248576e-05
81046,2.6248576e-05
81047,2.6248576e-05
81048,2.6248576e-05
81049,2.6248576e-05
81050,2.6248576e-05
81051,2.6248576e-05
81052,2.6248576e-05
81053,2.6248576e-05
81054,2.6248576e-05
81055,2.6248576e-05
81056,2.6248576e-05
81057,2.6248576e-05
81058,2.6248576e-05
81059,2.6248576e-05
81060,2.6248576e-05
81061,2.6248576e-05
81062,2.6248576e-05
81063,2.6248576e-05
81064,2.6248576e-05
81065,2.6248576e-05
81066,2.6248576e-05
81067,2.6248576e-05
81068,2.6248576e-05
81069,2.6248576e-05
81070,2.6248576e-05
81071,2.6248576e-05
81072,2.6248576e-05
81073,2.6248576e-05
81074,2.6248576e-05
81075,2.6248576e-05
81076,2.6248576e-05
81077,2.6248576e-05
81078,2.6248576e-05
81079,2.6248576e-05
81080,2.6248576e-05
81081,2.6248576e-05
81082,2.6248576e-05
81083,2.6248576e-05
81084,2.6248576e-05
81085,2.6248576e-05
81086,2.6248576e-05
81087,2.6248576e-05
81088,2.6248576e-05
81089,2.6248576e-05
81090,2.6248576e-05
81091,2.6248576e-05
81092,2.6248576e-05
81093,2.6248576e-05
81094,2.6248576e-05
81095,2.6248576e-05
81096,2.6248576e-05
81097,2.6248576e-05
81098,2.6248576e-05
81099,2.6248576e-05
81100,2.6248576e-05
81101,2.6248576e-05
81102,2.6248576e-05
81103,2.6248576e-05
81104,2.6248576e-05
81105,2.6248576e-05
81106,2.6248576e-05
81107,2.6248576e-05
81108,2.6248576e-05
81109,2.6248576e-05
81110,2.6248576e-05
81111,2.6248576e-05
81112,2.6248576e-05
81113,2.6248576e-05
81114,2.6248576e-05
81115,2.6248576e-05
81116,2.6248576e-05
81117,2.6248576e-05
81118,2.6248576e-05
81119,2.6248576e-05
81120,2.6248576e-05
81121,2.6248576e-05
81122,2.6248576e-05
81123,2.6248576e-05
81124,2.6248576e-05
81125,2.6248576e-05
81126,2.6248576e-05
81127,2.6248576e-05
81128,2.6248576e-05
81129,2.6248576e-05
81130,2.6248576e-05
81131,2.6248576e-05
81132,2.6248576e-05
81133,2.6248576e-05
81134,2.6248576e-05
81135,2.6248576e-05
81136,2.6248576e-05
81137,2.6248576e-05
81138,2.6248576e-05
81139,2.6248576e-05
81140,2.6248576e-05
81141,2.6248576e-05
81142,2.6248576e-05
81143,2.6248576e-05
81144,2.6248576e-05
81145,2.6248576e-05
81146,2.6248576e-05
81147,2.6248576e-05
81148,2.6248576e-05
81149,2.6248576e-05
81150,2.6248576e-05
81151,2.6248576e-05
81152,2.6248576e-05
81153,2.6248576e-05
81154,2.6248576e-05
81155,2.6248576e-05
81156,2.6248576e-05
81157,2.6248576e-05
81158,2.6248576e-05
81159,2.6248576e-05
81160,2.6248576e-05
81161,2.6248576e-05
81162,2.6248576e-05
81163,2.6248576e-05
81164,2.6248576e-05
81165,2.6248576e-05
81166,2.6248576e-05
81167,2.6248576e-05
81168,2.6248576e-05
81169,2.6248576e-05
81170,2.6248576e-05
81171,2.6248576e-05
81172,2.6248576e-05
81173,2.6248576e-05
81174,2.6248576e-05
81175,2.6248576e-05
81176,2.6248576e-05
81177,2.6248576e-05
81178,2.6248576e-05
81179,2.6248576e-05
81180,2.6248576e-05
81181,2.6248576e-05
81182,2.6248576e-05
81183,2.6248576e-05
81184,2.6248576e-05
81185,2.6248576e-05
81186,2.6248576e-05
81187,2.6248576e-05
81188,2.6248576e-05
81189,2.6248576e-05
81190,2.6248576e-05
81191,2.6248576e-05
81192,2.6248576e-05
81193,2.6248576e-05
81194,2.6248576e-05
81195,2.6248576e-05
81196,2.6248576e-05
81197,2.6248576e-05
81198,2.6248576e-05
81199,2.6248576e-05
81200,2.6248576e-05
81201,2.6248576e-05
81202,2.6248576e-05
81203,2.6248576e-05
81204,2.6248576e-05
81205,2.6248576e-05
81206,2.6248576e-05
81207,2.6248576e-05
81208,2.6248576e-05
81209,2.6248576e-05
81210,2.6248576e-05
81211,2.6248576e-05
81212,2.6248576e-05
81213,2.6248576e-05
81214,2.6248576e-05
81215,2.6248576e-05
81216,2.6248576e-05
81217,2.6248576e-05
81218,2.6248576e-05
81219,2.6248576e-05
81220,2.6248576e-05
81221,2.6248576e-05
81222,2.6248576e-05
81223,2.6248576e-05
81224,2.6248576e-05
81225,2.6248576e-05
81226,2.6248576e-05
81227,2.6248576e-05
81228,2.6248576e-05
81229,2.6248576e-05
81230,2.6248576e-05
81231,2.6248576e-05
81232,2.6248576e-05
81233,2.6248576e-05
81234,2.6248576e-05
81235,2.6248576e-05
81236,2.6248576e-05
81237,2.6248576e-05
81238,2.6248576e-05
81239,2.6248576e-05
81240,2.6248576e-05
81241,2.6248576e-05
81242,2.6248576e-05
81243,2.6248576e-05
81244,2.6248576e-05
81245,2.6248576e-05
81246,2.6248576e-05
81247,2.6248576e-05
81248,2.6248576e-05
81249,2.6248576e-05
81250,2.6248576e-05
81251,2.6248576e-05
81252,2.6248576e-05
81253,2.6248576e-05
81254,2.6248576e-05
81255,2.6248576e-05
81256,2.6248576e-05
81257,2.6248576e-05
81258,2.6248576e-05
81259,2.6248576e-05
81260,2.6248576e-05
81261,2.6248576e-05
81262,2.6248576e-05
81263,2.6248576e-05
81264,2.6248576e-05
81265,2.6248576e-05
81266,2.6248576e-05
81267,2.6248576e-05
81268,2.6248576e-05
81269,2.6248576e-05
81270,2.6248576e-05
81271,2.6248576e-05
81272,2.6248576e-05
81273,2.6248576e-05
81274,2.6248576e-05
81275,2.6248576e-05
81276,2.6248576e-05
81277,2.6248576e-05
81278,2.6248576e-05
81279,2.6248576e-05
81280,2.6248576e-05
81281,2.6248576e-05
81282,2.6248576e-05
81283,2.6248576e-05
81284,2.6248576e-05
81285,2.6248576e-05
81286,2.6248576e-05
81287,2.6248576e-05
81288,2.6248576e-05
81289,2.6248576e-05
81290,2.6248576e-05
81291,2.6248576e-05
81292,2.6248576e-05
81293,2.6248576e-05
81294,2.6248576e-05
81295,2.6248576e-05
81296,2.6248576e-05
81297,2.6248576e-05
81298,2.6248576e-05
81299,2.6248576e-05
81300,2.6248576e-05
81301,2.6248576e-05
81302,2.6248576e-05
81303,2.6248576e-05
81304,2.6248576e-05
81305,2.6248576e-05
81306,2.6248576e-05
81307,2.6248576e-05
81308,2.6248576e-05
81309,2.6248576e-05
81310,2.6248576e-05
81311,2.6248576e-05
81312,2.6248576e-05
81313,2.6248576e-05
81314,2.6248576e-05
81315,2.6248576e-05
81316,2.6248576e-05
81317,2.6248576e-05
81318,2.6248576e-05
81319,2.6248576e-05
81320,2.6248576e-05
81321,2.6248576e-05
81322,2.6248576e-05
81323,2.6248576e-05
81324,2.6248576e-05
81325,2.6248576e-05
81326,2.6248576e-05
81327,2.6248576e-05
81328,2.6248576e-05
81329,2.6248576e-05
81330,2.6248576e-05
81331,2.6248576e-05
81332,2.6248576e-05
81333,2.6248576e-05
81334,2.6248576e-05
81335,2.6248576e-05
81336,2.6248576e-05
81337,2.6248576e-05
81338,2.6248576e-05
81339,2.6248576e-05
81340,2.6248576e-05
81341,2.6248576e-05
81342,2.6248576e-05
81343,2.6248576e-05
81344,2.6248576e-05
81345,2.6248576e-05
81346,2.6248576e-05
81347,2.6248576e-05
81348,2.6248576e-05
81349,2.6248576e-05
81350,2.6248576e-05
81351,2.6248576e-05
81352,2.6248576e-05
81353,2.6248576e-05
81354,2.6248576e-05
81355,2.6248576e-05
81356,2.6248576e-05
81357,2.6248576e-05
81358,2.6248576e-05
81359,2.6248576e-05
81360,2.6248576e-05
81361,2.6248576e-05
81362,2.6248576e-05
81363,2.6248576e-05
81364,2.6248576e-05
81365,2.6248576e-05
81366,2.6248576e-05
81367,2.6248576e-05
81368,2.6248576e-05
81369,2.6248576e-05
81370,2.6248576e-05
81371,2.6248576e-05
81372,2.6248576e-05
81373,2.6248576e-05
81374,2.6248576e-05
81375,2.6248576e-05
81376,2.6248576e-05
81377,2.6248576e-05
81378,2.6248576e-05
81379,2.6248576e-05
81380,2.6248576e-05
81381,2.6248576e-05
81382,2.6248576e-05
81383,2.6248576e-05
81384,2.6248576e-05
81385,2.6248576e-05
81386,2.6248576e-05
81387,2.6248576e-05
81388,2.6248576e-05
81389,2.6248576e-05
81390,2.6248576e-05
81391,2.6248576e-05
81392,2.6248576e-05
81393,2.6248576e-05
81394,2.6248576e-05
81395,2.6248576e-05
81396,2.6248576e-05
81397,2.6248576e-05
81398,2.6248576e-05
81399,2.6248576e-05
81400,2.6248576e-05
81401,2.6248576e-05
81402,2.6248576e-05
81403,2.6248576e-05
81404,2.6248576e-05
81405,2.6248576e-05
81406,2.6248576e-05
81407,2.6248576e-05
81408,2.6248576e-05
81409,2.6248576e-05
81410,2.6248576e-05
81411,2.6248576e-05
81412,2.6248576e-05
81413,2.6248576e-05
81414,2.6248576e-05
81415,2.6248576e-05
81416,2.6248576e-05
81417,2.6248576e-05
81418,2.6248576e-05
81419,2.6248576e-05
81420,2.6248576e-05
81421,2.6248576e-05
81422,2.6248576e-05
81423,2.6248576e-05
81424,2.6248576e-05
81425,2.6248576e-05
81426,2.6248576e-05
81427,2.6248576e-05
81428,2.6248576e-05
81429,2.6248576e-05
81430,2.6248576e-05
81431,2.6248576e-05
81432,2.6248576e-05
81433,2.6248576e-05
81434,2.6248576e-05
81435,2.6248576e-05
81436,2.6248576e-05
81437,2.6248576e-05
81438,2.6248576e-05
81439,2.6248576e-05
81440,2.6248576e-05
81441,2.6248576e-05
81442,2.6248576e-05
81443,2.6248576e-05
81444,2.6248576e-05
81445,2.6248576e-05
81446,2.6248576e-05
81447,2.6248576e-05
81448,2.6248576e-05
81449,2.6248576e-05
81450,2.6248576e-05
81451,2.6248576e-05
81452,2.6248576e-05
81453,2.6248576e-05
81454,2.6248576e-05
81455,2.6248576e-05
81456,2.6248576e-05
81457,2.6248576e-05
81458,2.6248576e-05
81459,2.6248576e-05
81460,2.6248576e-05
81461,2.6248576e-05
81462,2.6248576e-05
81463,2.6248576e-05
81464,2.6248576e-05
81465,2.6248576e-05
81466,2.6248576e-05
81467,2.6248576e-05
81468,2.6248576e-05
81469,2.6248576e-05
81470,2.6248576e-05
81471,2.6248576e-05
81472,2.6248576e-05
81473,2.6248576e-05
81474,2.6248576e-05
81475,2.6248576e-05
81476,2.6248576e-05
81477,2.6248576e-05
81478,2.6248576e-05
81479,2.6248576e-05
81480,2.6248576e-05
81481,2.6248576e-05
81482,2.6248576e-05
81483,2.6248576e-05
81484,2.6248576e-05
81485,2.6248576e-05
81486,2.6248576e-05
81487,2.6248576e-05
81488,2.6248576e-05
81489,2.6248576e-05
81490,2.6248576e-05
81491,2.6248576e-05
81492,2.6248576e-05
81493,2.6248576e-05
81494,2.6248576e-05
81495,2.6248576e-05
81496,2.6248576e-05
81497,2.6248576e-05
81498,2.6248576e-05
81499,2.6248576e-05
81500,2.6248576e-05
81501,2.6248576e-05
81502,2.6248576e-05
81503,2.6248576e-05
81504,2.6248576e-05
81505,2.6248576e-05
81506,2.6248576e-05
81507,2.6248576e-05
81508,2.6248576e-05
81509,2.6248576e-05
81510,2.6248576e-05
81511,2.6248576e-05
81512,2.6248576e-05
81513,2.6248576e-05
81514,2.6248576e-05
81515,2.6248576e-05
81516,2.6248576e-05
81517,2.6248576e-05
81518,2.6248576e-05
81519,2.6248576e-05
81520,2.6248576e-05
81521,2.6248576e-05
81522,2.6248576e-05
81523,2.6248576e-05
81524,2.6248576e-05
81525,2.6248576e-05
81526,2.6248576e-05
81527,2.6248576e-05
81528,2.6248576e-05
81529,2.6248576e-05
81530,2.6248576e-05
81531,2.6248576e-05
81532,2.6248576e-05
81533,2.6248576e-05
81534,2.6248576e-05
81535,2.6248576e-05
81536,2.6248576e-05
81537,2.6248576e-05
81538,2.6248576e-05
81539,2.6248576e-05
81540,2.6248576e-05
81541,2.6248576e-05
81542,2.6248576e-05
81543,2.6248576e-05
81544,2.6248576e-05
81545,2.6248576e-05
81546,2.6248576e-05
81547,2.6248576e-05
81548,2.6248576e-05
81549,2.6248576e-05
81550,2.6248576e-05
81551,2.6248576e-05
81552,2.6248576e-05
81553,2.6248576e-05
81554,2.6248576e-05
81555,2.6248576e-05
81556,2.6248576e-05
81557,2.6248576e-05
81558,2.6248576e-05
81559,2.6248576e-05
81560,2.6248576e-05
81561,2.6248576e-05
81562,2.6248576e-05
81563,2.6248576e-05
81564,2.6248576e-05
81565,2.6248576e-05
81566,2.6248576e-05
81567,2.6248576e-05
81568,2.6248576e-05
81569,2.6248576e-05
81570,2.6248576e-05
81571,2.6248576e-05
81572,2.6248576e-05
81573,2.6248576e-05
81574,2.6248576e-05
81575,2.6248576e-05
81576,2.6248576e-05
81577,2.6248576e-05
81578,2.6248576e-05
81579,2.6248576e-05
81580,2.6248576e-05
81581,2.6248576e-05
81582,2.6248576e-05
81583,2.6248576e-05
81584,2.6248576e-05
81585,2.6248576e-05
81586,2.6248576e-05
81587,2.6248576e-05
81588,2.6248576e-05
81589,2.6248576e-05
81590,2.6248576e-05
81591,2.6248576e-05
81592,2.6248576e-05
81593,2.6248576e-05
81594,2.6248576e-05
81595,2.6248576e-05
81596,2.6248576e-05
81597,2.6248576e-05
81598,2.6248576e-05
81599,2.6248576e-05
81600,2.6248576e-05
81601,2.6248576e-05
81602,2.6248576e-05
81603,2.6248576e-05
81604,2.6248576e-05
81605,2.6248576e-05
81606,2.6248576e-05
81607,2.6248576e-05
81608,2.6248576e-05
81609,2.6248576e-05
81610,2.6248576e-05
81611,2.6248576e-05
81612,2.6248576e-05
81613,2.6248576e-05
81614,2.6248576e-05
81615,2.6248576e-05
81616,2.6248576e-05
81617,2.6248576e-05
81618,2.6248576e-05
81619,2.6248576e-05
81620,2.6248576e-05
81621,2.6248576e-05
81622,2.6248576e-05
81623,2.6248576e-05
81624,2.6248576e-05
81625,2.6248576e-05
81626,2.6248576e-05
81627,2.6248576e-05
81628,2.6248576e-05
81629,2.6248576e-05
81630,2.6248576e-05
81631,2.6248576e-05
81632,2.6248576e-05
81633,2.6248576e-05
81634,2.6248576e-05
81635,2.6248576e-05
81636,2.6248576e-05
81637,2.6248576e-05
81638,2.6248576e-05
81639,2.6248576e-05
81640,2.6248576e-05
81641,2.6248576e-05
81642,2.6248576e-05
81643,2.6248576e-05
81644,2.6248576e-05
81645,2.6248576e-05
81646,2.6248576e-05
81647,2.6248576e-05
81648,2.6248576e-05
81649,2.6248576e-05
81650,2.6248576e-05
81651,2.6248576e-05
81652,2.6248576e-05
81653,2.6248576e-05
81654,2.6248576e-05
81655,2.6248576e-05
81656,2.6248576e-05
81657,2.6248576e-05
81658,2.6248576e-05
81659,2.6248576e-05
81660,2.6248576e-05
81661,2.6248576e-05
81662,2.6248576e-05
81663,2.6248576e-05
81664,2.6248576e-05
81665,2.6248576e-05
81666,2.6248576e-05
81667,2.6248576e-05
81668,2.6248576e-05
81669,2.6248576e-05
81670,2.6248576e-05
81671,2.6248576e-05
81672,2.6248576e-05
81673,2.6248576e-05
81674,2.6248576e-05
81675,2.6248576e-05
81676,2.6248576e-05
81677,2.6248576e-05
81678,2.6248576e-05
81679,2.6248576e-05
81680,2.6248576e-05
81681,2.6248576e-05
81682,2.6248576e-05
81683,2.6248576e-05
81684,2.6248576e-05
81685,2.6248576e-05
81686,2.6248576e-05
81687,2.6248576e-05
81688,2.6248576e-05
81689,2.6248576e-05
81690,2.6248576e-05
81691,2.6248576e-05
81692,2.6248576e-05
81693,2.6248576e-05
81694,2.6248576e-05
81695,2.6248576e-05
81696,2.6248576e-05
81697,2.6248576e-05
81698,2.6248576e-05
81699,2.6248576e-05
81700,2.6248576e-05
81701,2.6248576e-05
81702,2.6248576e-05
81703,2.6248576e-05
81704,2.6248576e-05
81705,2.6248576e-05
81706,2.6248576e-05
81707,2.6248576e-05
81708,2.6248576e-05
81709,2.6248576e-05
81710,2.6248576e-05
81711,2.6248576e-05
81712,2.6248576e-05
81713,2.6248576e-05
81714,2.6248576e-05
81715,2.6248576e-05
81716,2.6248576e-05
81717,2.6248576e-05
81718,2.6248576e-05
81719,2.6248576e-05
81720,2.6248576e-05
81721,2.6248576e-05
81722,2.6248576e-05
81723,2.6248576e-05
81724,2.6248576e-05
81725,2.6248576e-05
81726,2.6248576e-05
81727,2.6248576e-05
81728,2.6248576e-05
81729,2.6248576e-05
81730,2.6248576e-05
81731,2.6248576e-05
81732,2.6248576e-05
81733,2.6248576e-05
81734,2.6248576e-05
81735,2.6248576e-05
81736,2.6248576e-05
81737,2.6248576e-05
81738,2.6248576e-05
81739,2.6248576e-05
81740,2.6248576e-05
81741,2.6248576e-05
81742,2.6248576e-05
81743,2.6248576e-05
81744,2.6248576e-05
81745,2.6248576e-05
81746,2.6248576e-05
81747,2.6248576e-05
81748,2.6248576e-05
81749,2.6248576e-05
81750,2.6248576e-05
81751,2.6248576e-05
81752,2.6248576e-05
81753,2.6248576e-05
81754,2.6248576e-05
81755,2.6248576e-05
81756,2.6248576e-05
81757,2.6248576e-05
81758,2.6248576e-05
81759,2.6248576e-05
81760,2.6248576e-05
81761,2.6248576e-05
81762,2.6248576e-05
81763,2.6248576e-05
81764,2.6248576e-05
81765,2.6248576e-05
81766,2.6248576e-05
81767,2.6248576e-05
81768,2.6248576e-05
81769,2.6248576e-05
81770,2.6248576e-05
81771,2.6248576e-05
81772,2.6248576e-05
81773,2.6248576e-05
81774,2.6248576e-05
81775,2.6248576e-05
81776,2.6248576e-05
81777,2.6248576e-05
81778,2.6248576e-05
81779,2.6248576e-05
81780,2.6248576e-05
81781,2.6248576e-05
81782,2.6248576e-05
81783,2.6248576e-05
81784,2.6248576e-05
81785,2.6248576e-05
81786,2.6248576e-05
81787,2.6248576e-05
81788,2.6248576e-05
81789,2.6248576e-05
81790,2.6248576e-05
81791,2.6248576e-05
81792,2.6248576e-05
81793,2.6248576e-05
81794,2.6248576e-05
81795,2.6248576e-05
81796,2.6248576e-05
81797,2.6248576e-05
81798,2.6248576e-05
81799,2.6248576e-05
81800,2.6248576e-05
81801,2.6248576e-05
81802,2.6248576e-05
81803,2.6248576e-05
81804,2.6248576e-05
81805,2.6248576e-05
81806,2.6248576e-05
81807,2.6248576e-05
81808,2.6248576e-05
81809,2.6248576e-05
81810,2.6248576e-05
81811,2.6248576e-05
81812,2.6248576e-05
81813,2.6248576e-05
81814,2.6248576e-05
81815,2.6248576e-05
81816,2.6248576e-05
81817,2.6248576e-05
81818,2.6248576e-05
81819,2.6248576e-05
81820,2.6248576e-05
81821,2.6248576e-05
81822,2.6248576e-05
81823,2.6248576e-05
81824,2.6248576e-05
81825,2.6248576e-05
81826,2.6248576e-05
81827,2.6248576e-05
81828,2.6248576e-05
81829,2.6248576e-05
81830,2.6248576e-05
81831,2.6248576e-05
81832,2.6248576e-05
81833,2.6248576e-05
81834,2.6248576e-05
81835,2.6248576e-05
81836,2.6248576e-05
81837,2.6248576e-05
81838,2.6248576e-05
81839,2.6248576e-05
81840,2.6248576e-05
81841,2.6248576e-05
81842,2.6248576e-05
81843,2.6248576e-05
81844,2.6248576e-05
81845,2.6248576e-05
81846,2.6248576e-05
81847,2.6248576e-05
81848,2.6248576e-05
81849,2.6248576e-05
81850,2.6248576e-05
81851,2.6248576e-05
81852,2.6248576e-05
81853,2.6248576e-05
81854,2.6248576e-05
81855,2.6248576e-05
81856,2.6248576e-05
81857,2.6248576e-05
81858,2.6248576e-05
81859,2.6248576e-05
81860,2.6248576e-05
81861,2.6248576e-05
81862,2.6248576e-05
81863,2.6248576e-05
81864,2.6248576e-05
81865,2.6248576e-05
81866,2.6248576e-05
81867,2.6248576e-05
81868,2.6248576e-05
81869,2.6248576e-05
81870,2.6248576e-05
81871,2.6248576e-05
81872,2.6248576e-05
81873,2.6248576e-05
81874,2.6248576e-05
81875,2.6248576e-05
81876,2.6248576e-05
81877,2.6248576e-05
81878,2.6248576e-05
81879,2.6248576e-05
81880,2.6248576e-05
81881,2.6248576e-05
81882,2.6248576e-05
81883,2.6248576e-05
81884,2.6248576e-05
81885,2.6248576e-05
81886,2.6248576e-05
81887,2.6248576e-05
81888,2.6248576e-05
81889,2.6248576e-05
81890,2.6248576e-05
81891,2.6248576e-05
81892,2.6248576e-05
81893,2.6248576e-05
81894,2.6248576e-05
81895,2.6248576e-05
81896,2.6248576e-05
81897,2.6248576e-05
81898,2.6248576e-05
81899,2.6248576e-05
81900,2.6248576e-05
81901,2.6248576e-05
81902,2.6248576e-05
81903,2.6248576e-05
81904,2.6248576e-05
81905,2.6248576e-05
81906,2.6248576e-05
81907,2.6248576e-05
81908,2.6248576e-05
81909,2.6248576e-05
81910,2.6248576e-05
81911,2.6248576e-05
81912,2.6248576e-05
81913,2.6248576e-05
81914,2.6248576e-05
81915,2.6248576e-05
81916,2.6248576e-05
81917,2.6248576e-05
81918,2.6248576e-05
81919,2.6248576e-05
81920,2.6248576e-05
81921,2.6248576e-05
81922,2.6248576e-05
81923,2.6248576e-05
81924,2.6248576e-05
81925,2.6248576e-05
81926,2.6248576e-05
81927,2.6248576e-05
81928,2.6248576e-05
81929,2.6248576e-05
81930,2.6248576e-05
81931,2.6248576e-05
81932,2.6248576e-05
81933,2.6248576e-05
81934,2.6248576e-05
81935,2.6248576e-05
81936,2.6248576e-05
81937,2.6248576e-05
81938,2.6248576e-05
81939,2.6248576e-05
81940,2.6248576e-05
81941,2.6248576e-05
81942,2.6248576e-05
81943,2.6248576e-05
81944,2.6248576e-05
81945,2.6248576e-05
81946,2.6248576e-05
81947,2.6248576e-05
81948,2.6248576e-05
81949,2.6248576e-05
81950,2.6248576e-05
81951,2.6248576e-05
81952,2.6248576e-05
81953,2.6248576e-05
81954,2.6248576e-05
81955,2.6248576e-05
81956,2.6248576e-05
81957,2.6248576e-05
81958,2.6248576e-05
81959,2.6248576e-05
81960,2.6248576e-05
81961,2.6248576e-05
81962,2.6248576e-05
81963,2.6248576e-05
81964,2.6248576e-05
81965,2.6248576e-05
81966,2.6248576e-05
81967,2.6248576e-05
81968,2.6248576e-05
81969,2.6248576e-05
81970,2.6248576e-05
81971,2.6248576e-05
81972,2.6248576e-05
81973,2.6248576e-05
81974,2.6248576e-05
81975,2.6248576e-05
81976,2.6248576e-05
81977,2.6248576e-05
81978,2.6248576e-05
81979,2.6248576e-05
81980,2.6248576e-05
81981,2.6248576e-05
81982,2.6248576e-05
81983,2.6248576e-05
81984,2.6248576e-05
81985,2.6248576e-05
81986,2.6248576e-05
81987,2.6248576e-05
81988,2.6248576e-05
81989,2.6248576e-05
81990,2.6248576e-05
81991,2.6248576e-05
81992,2.6248576e-05
81993,2.6248576e-05
81994,2.6248576e-05
81995,2.6248576e-05
81996,2.6248576e-05
81997,2.6248576e-05
81998,2.6248576e-05
81999,2.6248576e-05
82000,2.6248576e-05
82001,2.6248576e-05
82002,2.6248576e-05
82003,2.6248576e-05
82004,2.6248576e-05
82005,2.6248576e-05
82006,2.6248576e-05
82007,2.6248576e-05
82008,2.6248576e-05
82009,2.6248576e-05
82010,2.6248576e-05
82011,2.6248576e-05
82012,2.6248576e-05
82013,2.6248576e-05
82014,2.6248576e-05
82015,2.6248576e-05
82016,2.6248576e-05
82017,2.6248576e-05
82018,2.6248576e-05
82019,2.6248576e-05
82020,2.6248576e-05
82021,2.6248576e-05
82022,2.6248576e-05
82023,2.6248576e-05
82024,2.6248576e-05
82025,2.6248576e-05
82026,2.6248576e-05
82027,2.6248576e-05
82028,2.6248576e-05
82029,2.6248576e-05
82030,2.6248576e-05
82031,2.6248576e-05
82032,2.6248576e-05
82033,2.6248576e-05
82034,2.6248576e-05
82035,2.6248576e-05
82036,2.6248576e-05
82037,2.6248576e-05
82038,2.6248576e-05
82039,2.6248576e-05
82040,2.6248576e-05
82041,2.6248576e-05
82042,2.6248576e-05
82043,2.6248576e-05
82044,2.6248576e-05
82045,2.6248576e-05
82046,2.6248576e-05
82047,2.6248576e-05
82048,2.6248576e-05
82049,2.6248576e-05
82050,2.6248576e-05
82051,2.6248576e-05
82052,2.6248576e-05
82053,2.6248576e-05
82054,2.6248576e-05
82055,2.6248576e-05
82056,2.6248576e-05
82057,2.6248576e-05
82058,2.6248576e-05
82059,2.6248576e-05
82060,2.6248576e-05
82061,2.6248576e-05
82062,2.6248576e-05
82063,2.6248576e-05
82064,2.6248576e-05
82065,2.6248576e-05
82066,2.6248576e-05
82067,2.6248576e-05
82068,2.6248576e-05
82069,2.6248576e-05
82070,2.6248576e-05
82071,2.6248576e-05
82072,2.6248576e-05
82073,2.6248576e-05
82074,2.6248576e-05
82075,2.6248576e-05
82076,2.6248576e-05
82077,2.6248576e-05
82078,2.6248576e-05
82079,2.6248576e-05
82080,2.6248576e-05
82081,2.6248576e-05
82082,2.6248576e-05
82083,2.6248576e-05
82084,2.6248576e-05
82085,2.6248576e-05
82086,2.6248576e-05
82087,2.6248576e-05
82088,2.6248576e-05
82089,2.6248576e-05
82090,2.6248576e-05
82091,2.6248576e-05
82092,2.6248576e-05
82093,2.6248576e-05
82094,2.6248576e-05
82095,2.6248576e-05
82096,2.6248576e-05
82097,2.6248576e-05
82098,2.6248576e-05
82099,2.6248576e-05
82100,2.6248576e-05
82101,2.6248576e-05
82102,2.6248576e-05
82103,2.6248576e-05
82104,2.6248576e-05
82105,2.6248576e-05
82106,2.6248576e-05
82107,2.6248576e-05
82108,2.6248576e-05
82109,2.6248576e-05
82110,2.6248576e-05
82111,2.6248576e-05
82112,2.6248576e-05
82113,2.6248576e-05
82114,2.6248576e-05
82115,2.6248576e-05
82116,2.6248576e-05
82117,2.6248576e-05
82118,2.6248576e-05
82119,2.6248576e-05
82120,2.6248576e-05
82121,2.6248576e-05
82122,2.6248576e-05
82123,2.6248576e-05
82124,2.6248576e-05
82125,2.6248576e-05
82126,2.6248576e-05
82127,2.6248576e-05
82128,2.6248576e-05
82129,2.6248576e-05
82130,2.6248576e-05
82131,2.6248576e-05
82132,2.6248576e-05
82133,2.6248576e-05
82134,2.6248576e-05
82135,2.6248576e-05
82136,2.6248576e-05
82137,2.6248576e-05
82138,2.6248576e-05
82139,2.6248576e-05
82140,2.6248576e-05
82141,2.6248576e-05
82142,2.6248576e-05
82143,2.6248576e-05
82144,2.6248576e-05
82145,2.6248576e-05
82146,2.6248576e-05
82147,2.6248576e-05
82148,2.6248576e-05
82149,2.6248576e-05
82150,2.6248576e-05
82151,2.6248576e-05
82152,2.6248576e-05
82153,2.6248576e-05
82154,2.6248576e-05
82155,2.6248576e-05
82156,2.6248576e-05
82157,2.6248576e-05
82158,2.6248576e-05
82159,2.6248576e-05
82160,2.6248576e-05
82161,2.6248576e-05
82162,2.6248576e-05
82163,2.6248576e-05
82164,2.6248576e-05
82165,2.6248576e-05
82166,2.6248576e-05
82167,2.6248576e-05
82168,2.6248576e-05
82169,2.6248576e-05
82170,2.6248576e-05
82171,2.6248576e-05
82172,2.6248576e-05
82173,2.6248576e-05
82174,2.6248576e-05
82175,2.6248576e-05
82176,2.6248576e-05
82177,2.6248576e-05
82178,2.6248576e-05
82179,2.6248576e-05
82180,2.6248576e-05
82181,2.6248576e-05
82182,2.6248576e-05
82183,2.6248576e-05
82184,2.6248576e-05
82185,2.6248576e-05
82186,2.6248576e-05
82187,2.6248576e-05
82188,2.6248576e-05
82189,2.6248576e-05
82190,2.6248576e-05
82191,2.6248576e-05
82192,2.6248576e-05
82193,2.6248576e-05
82194,2.6248576e-05
82195,2.6248576e-05
82196,2.6248576e-05
82197,2.6248576e-05
82198,2.6248576e-05
82199,2.6248576e-05
82200,2.6248576e-05
82201,2.6248576e-05
82202,2.6248576e-05
82203,2.6248576e-05
82204,2.6248576e-05
82205,2.6248576e-05
82206,2.6248576e-05
82207,2.6248576e-05
82208,2.6248576e-05
82209,2.6248576e-05
82210,2.6248576e-05
82211,2.6248576e-05
82212,2.6248576e-05
82213,2.6248576e-05
82214,2.6248576e-05
82215,2.6248576e-05
82216,2.6248576e-05
82217,2.6248576e-05
82218,2.6248576e-05
82219,2.6248576e-05
82220,2.6248576e-05
82221,2.6248576e-05
82222,2.6248576e-05
82223,2.6248576e-05
82224,2.6248576e-05
82225,2.6248576e-05
82226,2.6248576e-05
82227,2.6248576e-05
82228,2.6248576e-05
82229,2.6248576e-05
82230,2.6248576e-05
82231,2.6248576e-05
82232,2.6248576e-05
82233,2.6248576e-05
82234,2.6248576e-05
82235,2.6248576e-05
82236,2.6248576e-05
82237,2.6248576e-05
82238,2.6248576e-05
82239,2.6248576e-05
82240,2.6248576e-05
82241,2.6248576e-05
82242,2.6248576e-05
82243,2.6248576e-05
82244,2.6248576e-05
82245,2.6248576e-05
82246,2.6248576e-05
82247,2.6248576e-05
82248,2.6248576e-05
82249,2.6248576e-05
82250,2.6248576e-05
82251,2.6248576e-05
82252,2.6248576e-05
82253,2.6248576e-05
82254,2.6248576e-05
82255,2.6248576e-05
82256,2.6248576e-05
82257,2.6248576e-05
82258,2.6248576e-05
82259,2.6248576e-05
82260,2.6248576e-05
82261,2.6248576e-05
82262,2.6248576e-05
82263,2.6248576e-05
82264,2.6248576e-05
82265,2.6248576e-05
82266,2.6248576e-05
82267,2.6248576e-05
82268,2.6248576e-05
82269,2.6248576e-05
82270,2.6248576e-05
82271,2.6248576e-05
82272,2.6248576e-05
82273,2.6248576e-05
82274,2.6248576e-05
82275,2.6248576e-05
82276,2.6248576e-05
82277,2.6248576e-05
82278,2.6248576e-05
82279,2.6248576e-05
82280,2.6248576e-05
82281,2.6248576e-05
82282,2.6248576e-05
82283,2.6248576e-05
82284,2.6248576e-05
82285,2.6248576e-05
82286,2.6248576e-05
82287,2.6248576e-05
82288,2.6248576e-05
82289,2.6248576e-05
82290,2.6248576e-05
82291,2.6248576e-05
82292,2.6248576e-05
82293,2.6248576e-05
82294,2.6248576e-05
82295,2.6248576e-05
82296,2.6248576e-05
82297,2.6248576e-05
82298,2.6248576e-05
82299,2.6248576e-05
82300,2.6248576e-05
82301,2.6248576e-05
82302,2.6248576e-05
82303,2.6248576e-05
82304,2.6248576e-05
82305,2.6248576e-05
82306,2.6248576e-05
82307,2.6248576e-05
82308,2.6248576e-05
82309,2.6248576e-05
82310,2.6248576e-05
82311,2.6248576e-05
82312,2.6248576e-05
82313,2.6248576e-05
82314,2.6248576e-05
82315,2.6248576e-05
82316,2.6248576e-05
82317,2.6248576e-05
82318,2.6248576e-05
82319,2.6248576e-05
82320,2.6248576e-05
82321,2.6248576e-05
82322,2.6248576e-05
82323,2.6248576e-05
82324,2.6248576e-05
82325,2.6248576e-05
82326,2.6248576e-05
82327,2.6248576e-05
82328,2.6248576e-05
82329,2.6248576e-05
82330,2.6248576e-05
82331,2.6248576e-05
82332,2.6248576e-05
82333,2.6248576e-05
82334,2.6248576e-05
82335,2.6248576e-05
82336,2.6248576e-05
82337,2.6248576e-05
82338,2.6248576e-05
82339,2.6248576e-05
82340,2.6248576e-05
82341,2.6248576e-05
82342,2.6248576e-05
82343,2.6248576e-05
82344,2.6248576e-05
82345,2.6248576e-05
82346,2.6248576e-05
82347,2.6248576e-05
82348,2.6248576e-05
82349,2.6248576e-05
82350,2.6248576e-05
82351,2.6248576e-05
82352,2.6248576e-05
82353,2.6248576e-05
82354,2.6248576e-05
82355,2.6248576e-05
82356,2.6248576e-05
82357,2.6248576e-05
82358,2.6248576e-05
82359,2.6248576e-05
82360,2.6248576e-05
82361,2.6248576e-05
82362,2.6248576e-05
82363,2.6248576e-05
82364,2.6248576e-05
82365,2.6248576e-05
82366,2.6248576e-05
82367,2.6248576e-05
82368,2.6248576e-05
82369,2.6248576e-05
82370,2.6248576e-05
82371,2.6248576e-05
82372,2.6248576e-05
82373,2.6248576e-05
82374,2.6248576e-05
82375,2.6248576e-05
82376,2.6248576e-05
82377,2.6248576e-05
82378,2.6248576e-05
82379,2.6248576e-05
82380,2.6248576e-05
82381,2.6248576e-05
82382,2.6248576e-05
82383,2.6248576e-05
82384,2.6248576e-05
82385,2.6248576e-05
82386,2.6248576e-05
82387,2.6248576e-05
82388,2.6248576e-05
82389,2.6248576e-05
82390,2.6248576e-05
82391,2.6248576e-05
82392,2.6248576e-05
82393,2.6248576e-05
82394,2.6248576e-05
82395,2.6248576e-05
82396,2.6248576e-05
82397,2.6248576e-05
82398,2.6248576e-05
82399,2.6248576e-05
82400,2.6248576e-05
82401,2.6248576e-05
82402,2.6248576e-05
82403,2.6248576e-05
82404,2.6248576e-05
82405,2.6248576e-05
82406,2.6248576e-05
82407,2.6248576e-05
82408,2.6248576e-05
82409,2.6248576e-05
82410,2.6248576e-05
82411,2.6248576e-05
82412,2.6248576e-05
82413,2.6248576e-05
82414,2.6248576e-05
82415,2.6248576e-05
82416,2.6248576e-05
82417,2.6248576e-05
82418,2.6248576e-05
82419,2.6248576e-05
82420,2.6248576e-05
82421,2.6248576e-05
82422,2.6248576e-05
82423,2.6248576e-05
82424,2.6248576e-05
82425,2.6248576e-05
82426,2.6248576e-05
82427,2.6248576e-05
82428,2.6248576e-05
82429,2.6248576e-05
82430,2.6248576e-05
82431,2.6248576e-05
82432,2.6248576e-05
82433,2.6248576e-05
82434,2.6248576e-05
82435,2.6248576e-05
82436,2.6248576e-05
82437,2.6248576e-05
82438,2.6248576e-05
82439,2.6248576e-05
82440,2.6248576e-05
82441,2.6248576e-05
82442,2.6248576e-05
82443,2.6248576e-05
82444,2.6248576e-05
82445,2.6248576e-05
82446,2.6248576e-05
82447,2.6248576e-05
82448,2.6248576e-05
82449,2.6248576e-05
82450,2.6248576e-05
82451,2.6248576e-05
82452,2.6248576e-05
82453,2.6248576e-05
82454,2.6248576e-05
82455,2.6248576e-05
82456,2.6248576e-05
82457,2.6248576e-05
82458,2.6248576e-05
82459,2.6248576e-05
82460,2.6248576e-05
82461,2.6248576e-05
82462,2.6248576e-05
82463,2.6248576e-05
82464,2.6248576e-05
82465,2.6248576e-05
82466,2.6248576e-05
82467,2.6248576e-05
82468,2.6248576e-05
82469,2.6248576e-05
82470,2.6248576e-05
82471,2.6248576e-05
82472,2.6248576e-05
82473,2.6248576e-05
82474,2.6248576e-05
82475,2.6248576e-05
82476,2.6248576e-05
82477,2.6248576e-05
82478,2.6248576e-05
82479,2.6248576e-05
82480,2.6248576e-05
82481,2.6248576e-05
82482,2.6248576e-05
82483,2.6248576e-05
82484,2.6248576e-05
82485,2.6248576e-05
82486,2.6248576e-05
82487,2.6248576e-05
82488,2.6248576e-05
82489,2.6248576e-05
82490,2.6248576e-05
82491,2.6248576e-05
82492,2.6248576e-05
82493,2.6248576e-05
82494,2.6248576e-05
82495,2.6248576e-05
82496,2.6248576e-05
82497,2.6248576e-05
82498,2.6248576e-05
82499,2.6248576e-05
82500,2.6248576e-05
82501,2.6248576e-05
82502,2.6248576e-05
82503,2.6248576e-05
82504,2.6248576e-05
82505,2.6248576e-05
82506,2.6248576e-05
82507,2.6248576e-05
82508,2.6248576e-05
82509,2.6248576e-05
82510,2.6248576e-05
82511,2.6248576e-05
82512,2.6248576e-05
82513,2.6248576e-05
82514,2.6248576e-05
82515,2.6248576e-05
82516,2.6248576e-05
82517,2.6248576e-05
82518,2.6248576e-05
82519,2.6248576e-05
82520,2.6248576e-05
82521,2.6248576e-05
82522,2.6248576e-05
82523,2.6248576e-05
82524,2.6248576e-05
82525,2.6248576e-05
82526,2.6248576e-05
82527,2.6248576e-05
82528,2.6248576e-05
82529,2.6248576e-05
82530,2.6248576e-05
82531,2.6248576e-05
82532,2.6248576e-05
82533,2.6248576e-05
82534,2.6248576e-05
82535,2.6248576e-05
82536,2.6248576e-05
82537,2.6248576e-05
82538,2.6248576e-05
82539,2.6248576e-05
82540,2.6248576e-05
82541,2.6248576e-05
82542,2.6248576e-05
82543,2.6248576e-05
82544,2.6248576e-05
82545,2.6248576e-05
82546,2.6248576e-05
82547,2.6248576e-05
82548,2.6248576e-05
82549,2.6248576e-05
82550,2.6248576e-05
82551,2.6248576e-05
82552,2.6248576e-05
82553,2.6248576e-05
82554,2.6248576e-05
82555,2.6248576e-05
82556,2.6248576e-05
82557,2.6248576e-05
82558,2.6248576e-05
82559,2.6248576e-05
82560,2.6248576e-05
82561,2.6248576e-05
82562,2.6248576e-05
82563,2.6248576e-05
82564,2.6248576e-05
82565,2.6248576e-05
82566,2.6248576e-05
82567,2.6248576e-05
82568,2.6248576e-05
82569,2.6248576e-05
82570,2.6248576e-05
82571,2.6248576e-05
82572,2.6248576e-05
82573,2.6248576e-05
82574,2.6248576e-05
82575,2.6248576e-05
82576,2.6248576e-05
82577,2.6248576e-05
82578,2.6248576e-05
82579,2.6248576e-05
82580,2.6248576e-05
82581,2.6248576e-05
82582,2.6248576e-05
82583,2.6248576e-05
82584,2.6248576e-05
82585,2.6248576e-05
82586,2.6248576e-05
82587,2.6248576e-05
82588,2.6248576e-05
82589,2.6248576e-05
82590,2.6248576e-05
82591,2.6248576e-05
82592,2.6248576e-05
82593,2.6248576e-05
82594,2.6248576e-05
82595,2.6248576e-05
82596,2.6248576e-05
82597,2.6248576e-05
82598,2.6248576e-05
82599,2.6248576e-05
82600,2.6248576e-05
82601,2.6248576e-05
82602,2.6248576e-05
82603,2.6248576e-05
82604,2.6248576e-05
82605,2.6248576e-05
82606,2.6248576e-05
82607,2.6248576e-05
82608,2.6248576e-05
82609,2.6248576e-05
82610,2.6248576e-05
82611,2.6248576e-05
82612,2.6248576e-05
82613,2.6248576e-05
82614,2.6248576e-05
82615,2.6248576e-05
82616,2.6248576e-05
82617,2.6248576e-05
82618,2.6248576e-05
82619,2.6248576e-05
82620,2.6248576e-05
82621,2.6248576e-05
82622,2.6248576e-05
82623,2.6248576e-05
82624,2.6248576e-05
82625,2.6248576e-05
82626,2.6248576e-05
82627,2.6248576e-05
82628,2.6248576e-05
82629,2.6248576e-05
82630,2.6248576e-05
82631,2.6248576e-05
82632,2.6248576e-05
82633,2.6248576e-05
82634,2.6248576e-05
82635,2.6248576e-05
82636,2.6248576e-05
82637,2.6248576e-05
82638,2.6248576e-05
82639,2.6248576e-05
82640,2.6248576e-05
82641,2.6248576e-05
82642,2.6248576e-05
82643,2.6248576e-05
82644,2.6248576e-05
82645,2.6248576e-05
82646,2.6248576e-05
82647,2.6248576e-05
82648,2.6248576e-05
82649,2.6248576e-05
82650,2.6248576e-05
82651,2.6248576e-05
82652,2.6248576e-05
82653,2.6248576e-05
82654,2.6248576e-05
82655,2.6248576e-05
82656,2.6248576e-05
82657,2.6248576e-05
82658,2.6248576e-05
82659,2.6248576e-05
82660,2.6248576e-05
82661,2.6248576e-05
82662,2.6248576e-05
82663,2.6248576e-05
82664,2.6248576e-05
82665,2.6248576e-05
82666,2.6248576e-05
82667,2.6248576e-05
82668,2.6248576e-05
82669,2.6248576e-05
82670,2.6248576e-05
82671,2.6248576e-05
82672,2.6248576e-05
82673,2.6248576e-05
82674,2.6248576e-05
82675,2.6248576e-05
82676,2.6248576e-05
82677,2.6248576e-05
82678,2.6248576e-05
82679,2.6248576e-05
82680,2.6248576e-05
82681,2.6248576e-05
82682,2.6248576e-05
82683,2.6248576e-05
82684,2.6248576e-05
82685,2.6248576e-05
82686,2.6248576e-05
82687,2.6248576e-05
82688,2.6248576e-05
82689,2.6248576e-05
82690,2.6248576e-05
82691,2.6248576e-05
82692,2.6248576e-05
82693,2.6248576e-05
82694,2.6248576e-05
82695,2.6248576e-05
82696,2.6248576e-05
82697,2.6248576e-05
82698,2.6248576e-05
82699,2.6248576e-05
82700,2.6248576e-05
82701,2.6248576e-05
82702,2.6248576e-05
82703,2.6248576e-05
82704,2.6248576e-05
82705,2.6248576e-05
82706,2.6248576e-05
82707,2.6248576e-05
82708,2.6248576e-05
82709,2.6248576e-05
82710,2.6248576e-05
82711,2.6248576e-05
82712,2.6248576e-05
82713,2.6248576e-05
82714,2.6248576e-05
82715,2.6248576e-05
82716,2.6248576e-05
82717,2.6248576e-05
82718,2.6248576e-05
82719,2.6248576e-05
82720,2.6248576e-05
82721,2.6248576e-05
82722,2.6248576e-05
82723,2.6248576e-05
82724,2.6248576e-05
82725,2.6248576e-05
82726,2.6248576e-05
82727,2.6248576e-05
82728,2.6248576e-05
82729,2.6248576e-05
82730,2.6248576e-05
82731,2.6248576e-05
82732,2.6248576e-05
82733,2.6248576e-05
82734,2.6248576e-05
82735,2.6248576e-05
82736,2.6248576e-05
82737,2.6248576e-05
82738,2.6248576e-05
82739,2.6248576e-05
82740,2.6248576e-05
82741,2.6248576e-05
82742,2.6248576e-05
82743,2.6248576e-05
82744,2.6248576e-05
82745,2.6248576e-05
82746,2.6248576e-05
82747,2.6248576e-05
82748,2.6248576e-05
82749,2.6248576e-05
82750,2.6248576e-05
82751,2.6248576e-05
82752,2.6248576e-05
82753,2.6248576e-05
82754,2.6248576e-05
82755,2.6248576e-05
82756,2.6248576e-05
82757,2.6248576e-05
82758,2.6248576e-05
82759,2.6248576e-05
82760,2.6248576e-05
82761,2.6248576e-05
82762,2.6248576e-05
82763,2.6248576e-05
82764,2.6248576e-05
82765,2.6248576e-05
82766,2.6248576e-05
82767,2.6248576e-05
82768,2.6248576e-05
82769,2.6248576e-05
82770,2.6248576e-05
82771,2.6248576e-05
82772,2.6248576e-05
82773,2.6248576e-05
82774,2.6248576e-05
82775,2.6248576e-05
82776,2.6248576e-05
82777,2.6248576e-05
82778,2.6248576e-05
82779,2.6248576e-05
82780,2.6248576e-05
82781,2.6248576e-05
82782,2.6248576e-05
82783,2.6248576e-05
82784,2.6248576e-05
82785,2.6248576e-05
82786,2.6248576e-05
82787,2.6248576e-05
82788,2.6248576e-05
82789,2.6248576e-05
82790,2.6248576e-05
82791,2.6248576e-05
82792,2.6248576e-05
82793,2.6248576e-05
82794,2.6248576e-05
82795,2.6248576e-05
82796,2.6248576e-05
82797,2.6248576e-05
82798,2.6248576e-05
82799,2.6248576e-05
82800,2.6248576e-05
82801,2.6248576e-05
82802,2.6248576e-05
82803,2.6248576e-05
82804,2.6248576e-05
82805,2.6248576e-05
82806,2.6248576e-05
82807,2.6248576e-05
82808,2.6248576e-05
82809,2.6248576e-05
82810,2.6248576e-05
82811,2.6248576e-05
82812,2.6248576e-05
82813,2.6248576e-05
82814,2.6248576e-05
82815,2.6248576e-05
82816,2.6248576e-05
82817,2.6248576e-05
82818,2.6248576e-05
82819,2.6248576e-05
82820,2.6248576e-05
82821,2.6248576e-05
82822,2.6248576e-05
82823,2.6248576e-05
82824,2.6248576e-05
82825,2.6248576e-05
82826,2.6248576e-05
82827,2.6248576e-05
82828,2.6248576e-05
82829,2.6248576e-05
82830,2.6248576e-05
82831,2.6248576e-05
82832,2.6248576e-05
82833,2.6248576e-05
82834,2.6248576e-05
82835,2.6248576e-05
82836,2.6248576e-05
82837,2.6248576e-05
82838,2.6248576e-05
82839,2.6248576e-05
82840,2.6248576e-05
82841,2.6248576e-05
82842,2.6248576e-05
82843,2.6248576e-05
82844,2.6248576e-05
82845,2.6248576e-05
82846,2.6248576e-05
82847,2.6248576e-05
82848,2.6248576e-05
82849,2.6248576e-05
82850,2.6248576e-05
82851,2.6248576e-05
82852,2.6248576e-05
82853,2.6248576e-05
82854,2.6248576e-05
82855,2.6248576e-05
82856,2.6248576e-05
82857,2.6248576e-05
82858,2.6248576e-05
82859,2.6248576e-05
82860,2.6248576e-05
82861,2.6248576e-05
82862,2.6248576e-05
82863,2.6248576e-05
82864,2.6248576e-05
82865,2.6248576e-05
82866,2.6248576e-05
82867,2.6248576e-05
82868,2.6248576e-05
82869,2.6248576e-05
82870,2.6248576e-05
82871,2.6248576e-05
82872,2.6248576e-05
82873,2.6248576e-05
82874,2.6248576e-05
82875,2.6248576e-05
82876,2.6248576e-05
82877,2.6248576e-05
82878,2.6248576e-05
82879,2.6248576e-05
82880,2.6248576e-05
82881,2.6248576e-05
82882,2.6248576e-05
82883,2.6248576e-05
82884,2.6248576e-05
82885,2.6248576e-05
82886,2.6248576e-05
82887,2.6248576e-05
82888,2.6248576e-05
82889,2.6248576e-05
82890,2.6248576e-05
82891,2.6248576e-05
82892,2.6248576e-05
82893,2.6248576e-05
82894,2.6248576e-05
82895,2.6248576e-05
82896,2.6248576e-05
82897,2.6248576e-05
82898,2.6248576e-05
82899,2.6248576e-05
82900,2.6248576e-05
82901,2.6248576e-05
82902,2.6248576e-05
82903,2.6248576e-05
82904,2.6248576e-05
82905,2.6248576e-05
82906,2.6248576e-05
82907,2.6248576e-05
82908,2.6248576e-05
82909,2.6248576e-05
82910,2.6248576e-05
82911,2.6248576e-05
82912,2.6248576e-05
82913,2.6248576e-05
82914,2.6248576e-05
82915,2.6248576e-05
82916,2.6248576e-05
82917,2.6248576e-05
82918,2.6248576e-05
82919,2.6248576e-05
82920,2.6248576e-05
82921,2.6248576e-05
82922,2.6248576e-05
82923,2.6248576e-05
82924,2.6248576e-05
82925,2.6248576e-05
82926,2.6248576e-05
82927,2.6248576e-05
82928,2.6248576e-05
82929,2.6248576e-05
82930,2.6248576e-05
82931,2.6248576e-05
82932,2.6248576e-05
82933,2.6248576e-05
82934,2.6248576e-05
82935,2.6248576e-05
82936,2.6248576e-05
82937,2.6248576e-05
82938,2.6248576e-05
82939,2.6248576e-05
82940,2.6248576e-05
82941,2.6248576e-05
82942,2.6248576e-05
82943,2.6248576e-05
82944,2.6248576e-05
82945,2.6248576e-05
82946,2.6248576e-05
82947,2.6248576e-05
82948,2.6248576e-05
82949,2.6248576e-05
82950,2.6248576e-05
82951,2.6248576e-05
82952,2.6248576e-05
82953,2.6248576e-05
82954,2.6248576e-05
82955,2.6248576e-05
82956,2.6248576e-05
82957,2.6248576e-05
82958,2.6248576e-05
82959,2.6248576e-05
82960,2.6248576e-05
82961,2.6248576e-05
82962,2.6248576e-05
82963,2.6248576e-05
82964,2.6248576e-05
82965,2.6248576e-05
82966,2.6248576e-05
82967,2.6248576e-05
82968,2.6248576e-05
82969,2.6248576e-05
82970,2.6248576e-05
82971,2.6248576e-05
82972,2.6248576e-05
82973,2.6248576e-05
82974,2.6248576e-05
82975,2.6248576e-05
82976,2.6248576e-05
82977,2.6248576e-05
82978,2.6248576e-05
82979,2.6248576e-05
82980,2.6248576e-05
82981,2.6248576e-05
82982,2.6248576e-05
82983,2.6248576e-05
82984,2.6248576e-05
82985,2.6248576e-05
82986,2.6248576e-05
82987,2.6248576e-05
82988,2.6248576e-05
82989,2.6248576e-05
82990,2.6248576e-05
82991,2.6248576e-05
82992,2.6248576e-05
82993,2.6248576e-05
82994,2.6248576e-05
82995,2.6248576e-05
82996,2.6248576e-05
82997,2.6248576e-05
82998,2.6248576e-05
82999,2.6248576e-05
83000,2.6248576e-05
83001,2.6248576e-05
83002,2.6248576e-05
83003,2.6248576e-05
83004,2.6248576e-05
83005,2.6248576e-05
83006,2.6248576e-05
83007,2.6248576e-05
83008,2.6248576e-05
83009,2.6248576e-05
83010,2.6248576e-05
83011,2.6248576e-05
83012,2.6248576e-05
83013,2.6248576e-05
83014,2.6248576e-05
83015,2.6248576e-05
83016,2.6248576e-05
83017,2.6248576e-05
83018,2.6248576e-05
83019,2.6248576e-05
83020,2.6248576e-05
83021,2.6248576e-05
83022,2.6248576e-05
83023,2.6248576e-05
83024,2.6248576e-05
83025,2.6248576e-05
83026,2.6248576e-05
83027,2.6248576e-05
83028,2.6248576e-05
83029,2.6248576e-05
83030,2.6248576e-05
83031,2.6248576e-05
83032,2.6248576e-05
83033,2.6248576e-05
83034,2.6248576e-05
83035,2.6248576e-05
83036,2.6248576e-05
83037,2.6248576e-05
83038,2.6248576e-05
83039,2.6248576e-05
83040,2.6248576e-05
83041,2.6248576e-05
83042,2.6248576e-05
83043,2.6248576e-05
83044,2.6248576e-05
83045,2.6248576e-05
83046,2.6248576e-05
83047,2.6248576e-05
83048,2.6248576e-05
83049,2.6248576e-05
83050,2.6248576e-05
83051,2.6248576e-05
83052,2.6248576e-05
83053,2.6248576e-05
83054,2.6248576e-05
83055,2.6248576e-05
83056,2.6248576e-05
83057,2.6248576e-05
83058,2.6248576e-05
83059,2.6248576e-05
83060,2.6248576e-05
83061,2.6248576e-05
83062,2.6248576e-05
83063,2.6248576e-05
83064,2.6248576e-05
83065,2.6248576e-05
83066,2.6248576e-05
83067,2.6248576e-05
83068,2.6248576e-05
83069,2.6248576e-05
83070,2.6248576e-05
83071,2.6248576e-05
83072,2.6248576e-05
83073,2.6248576e-05
83074,2.6248576e-05
83075,2.6248576e-05
83076,2.6248576e-05
83077,2.6248576e-05
83078,2.6248576e-05
83079,2.6248576e-05
83080,2.6248576e-05
83081,2.6248576e-05
83082,2.6248576e-05
83083,2.6248576e-05
83084,2.6248576e-05
83085,2.6248576e-05
83086,2.6248576e-05
83087,2.6248576e-05
83088,2.6248576e-05
83089,2.6248576e-05
83090,2.6248576e-05
83091,2.6248576e-05
83092,2.6248576e-05
83093,2.6248576e-05
83094,2.6248576e-05
83095,2.6248576e-05
83096,2.6248576e-05
83097,2.6248576e-05
83098,2.6248576e-05
83099,2.6248576e-05
83100,2.6248576e-05
83101,2.6248576e-05
83102,2.6248576e-05
83103,2.6248576e-05
83104,2.6248576e-05
83105,2.6248576e-05
83106,2.6248576e-05
83107,2.6248576e-05
83108,2.6248576e-05
83109,2.6248576e-05
83110,2.6248576e-05
83111,2.6248576e-05
83112,2.6248576e-05
83113,2.6248576e-05
83114,2.6248576e-05
83115,2.6248576e-05
83116,2.6248576e-05
83117,2.6248576e-05
83118,2.6248576e-05
83119,2.6248576e-05
83120,2.6248576e-05
83121,2.6248576e-05
83122,2.6248576e-05
83123,2.6248576e-05
83124,2.6248576e-05
83125,2.6248576e-05
83126,2.6248576e-05
83127,2.6248576e-05
83128,2.6248576e-05
83129,2.6248576e-05
83130,2.6248576e-05
83131,2.6248576e-05
83132,2.6248576e-05
83133,2.6248576e-05
83134,2.6248576e-05
83135,2.6248576e-05
83136,2.6248576e-05
83137,2.6248576e-05
83138,2.6248576e-05
83139,2.6248576e-05
83140,2.6248576e-05
83141,2.6248576e-05
83142,2.6248576e-05
83143,2.6248576e-05
83144,2.6248576e-05
83145,2.6248576e-05
83146,2.6248576e-05
83147,2.6248576e-05
83148,2.6248576e-05
83149,2.6248576e-05
83150,2.6248576e-05
83151,2.6248576e-05
83152,2.6248576e-05
83153,2.6248576e-05
83154,2.6248576e-05
83155,2.6248576e-05
83156,2.6248576e-05
83157,2.6248576e-05
83158,2.6248576e-05
83159,2.6248576e-05
83160,2.6248576e-05
83161,2.6248576e-05
83162,2.6248576e-05
83163,2.6248576e-05
83164,2.6248576e-05
83165,2.6248576e-05
83166,2.6248576e-05
83167,2.6248576e-05
83168,2.6248576e-05
83169,2.6248576e-05
83170,2.6248576e-05
83171,2.6248576e-05
83172,2.6248576e-05
83173,2.6248576e-05
83174,2.6248576e-05
83175,2.6248576e-05
83176,2.6248576e-05
83177,2.6248576e-05
83178,2.6248576e-05
83179,2.6248576e-05
83180,2.6248576e-05
83181,2.6248576e-05
83182,2.6248576e-05
83183,2.6248576e-05
83184,2.6248576e-05
83185,2.6248576e-05
83186,2.6248576e-05
83187,2.6248576e-05
83188,2.6248576e-05
83189,2.6248576e-05
83190,2.6248576e-05
83191,2.6248576e-05
83192,2.6248576e-05
83193,2.6248576e-05
83194,2.6248576e-05
83195,2.6248576e-05
83196,2.6248576e-05
83197,2.6248576e-05
83198,2.6248576e-05
83199,2.6248576e-05
83200,2.6248576e-05
83201,2.6248576e-05
83202,2.6248576e-05
83203,2.6248576e-05
83204,2.6248576e-05
83205,2.6248576e-05
83206,2.6248576e-05
83207,2.6248576e-05
83208,2.6248576e-05
83209,2.6248576e-05
83210,2.6248576e-05
83211,2.6248576e-05
83212,2.6248576e-05
83213,2.6248576e-05
83214,2.6248576e-05
83215,2.6248576e-05
83216,2.6248576e-05
83217,2.6248576e-05
83218,2.6248576e-05
83219,2.6248576e-05
83220,2.6248576e-05
83221,2.6248576e-05
83222,2.6248576e-05
83223,2.6248576e-05
83224,2.6248576e-05
83225,2.6248576e-05
83226,2.6248576e-05
83227,2.6248576e-05
83228,2.6248576e-05
83229,2.6248576e-05
83230,2.6248576e-05
83231,2.6248576e-05
83232,2.6248576e-05
83233,2.6248576e-05
83234,2.6248576e-05
83235,2.6248576e-05
83236,2.6248576e-05
83237,2.6248576e-05
83238,2.6248576e-05
83239,2.6248576e-05
83240,2.6248576e-05
83241,2.6248576e-05
83242,2.6248576e-05
83243,2.6248576e-05
83244,2.6248576e-05
83245,2.6248576e-05
83246,2.6248576e-05
83247,2.6248576e-05
83248,2.6248576e-05
83249,2.6248576e-05
83250,2.6248576e-05
83251,2.6248576e-05
83252,2.6248576e-05
83253,2.6248576e-05
83254,2.6248576e-05
83255,2.6248576e-05
83256,2.6248576e-05
83257,2.6248576e-05
83258,2.6248576e-05
83259,2.6248576e-05
83260,2.6248576e-05
83261,2.6248576e-05
83262,2.6248576e-05
83263,2.6248576e-05
83264,2.6248576e-05
83265,2.6248576e-05
83266,2.6248576e-05
83267,2.6248576e-05
83268,2.6248576e-05
83269,2.6248576e-05
83270,2.6248576e-05
83271,2.6248576e-05
83272,2.6248576e-05
83273,2.6248576e-05
83274,2.6248576e-05
83275,2.6248576e-05
83276,2.6248576e-05
83277,2.6248576e-05
83278,2.6248576e-05
83279,2.6248576e-05
83280,2.6248576e-05
83281,2.6248576e-05
83282,2.6248576e-05
83283,2.6248576e-05
83284,2.6248576e-05
83285,2.6248576e-05
83286,2.6248576e-05
83287,2.6248576e-05
83288,2.6248576e-05
83289,2.6248576e-05
83290,2.6248576e-05
83291,2.6248576e-05
83292,2.6248576e-05
83293,2.6248576e-05
83294,2.6248576e-05
83295,2.6248576e-05
83296,2.6248576e-05
83297,2.6248576e-05
83298,2.6248576e-05
83299,2.6248576e-05
83300,2.6248576e-05
83301,2.6248576e-05
83302,2.6248576e-05
83303,2.6248576e-05
83304,2.6248576e-05
83305,2.6248576e-05
83306,2.6248576e-05
83307,2.6248576e-05
83308,2.6248576e-05
83309,2.6248576e-05
83310,2.6248576e-05
83311,2.6248576e-05
83312,2.6248576e-05
83313,2.6248576e-05
83314,2.6248576e-05
83315,2.6248576e-05
83316,2.6248576e-05
83317,2.6248576e-05
83318,2.6248576e-05
83319,2.6248576e-05
83320,2.6248576e-05
83321,2.6248576e-05
83322,2.6248576e-05
83323,2.6248576e-05
83324,2.6248576e-05
83325,2.6248576e-05
83326,2.6248576e-05
83327,2.6248576e-05
83328,2.6248576e-05
83329,2.6248576e-05
83330,2.6248576e-05
83331,2.6248576e-05
83332,2.6248576e-05
83333,2.6248576e-05
83334,2.6248576e-05
83335,2.6248576e-05
83336,2.6248576e-05
83337,2.6248576e-05
83338,2.6248576e-05
83339,2.6248576e-05
83340,2.6248576e-05
83341,2.6248576e-05
83342,2.6248576e-05
83343,2.6248576e-05
83344,2.6248576e-05
83345,2.6248576e-05
83346,2.6248576e-05
83347,2.6248576e-05
83348,2.6248576e-05
83349,2.6248576e-05
83350,2.6248576e-05
83351,2.6248576e-05
83352,2.6248576e-05
83353,2.6248576e-05
83354,2.6248576e-05
83355,2.6248576e-05
83356,2.6248576e-05
83357,2.6248576e-05
83358,2.6248576e-05
83359,2.6248576e-05
83360,2.6248576e-05
83361,2.6248576e-05
83362,2.6248576e-05
83363,2.6248576e-05
83364,2.6248576e-05
83365,2.6248576e-05
83366,2.6248576e-05
83367,2.6248576e-05
83368,2.6248576e-05
83369,2.6248576e-05
83370,2.6248576e-05
83371,2.6248576e-05
83372,2.6248576e-05
83373,2.6248576e-05
83374,2.6248576e-05
83375,2.6248576e-05
83376,2.6248576e-05
83377,2.6248576e-05
83378,2.6248576e-05
83379,2.6248576e-05
83380,2.6248576e-05
83381,2.6248576e-05
83382,2.6248576e-05
83383,2.6248576e-05
83384,2.6248576e-05
83385,2.6248576e-05
83386,2.6248576e-05
83387,2.6248576e-05
83388,2.6248576e-05
83389,2.6248576e-05
83390,2.6248576e-05
83391,2.6248576e-05
83392,2.6248576e-05
83393,2.6248576e-05
83394,2.6248576e-05
83395,2.6248576e-05
83396,2.6248576e-05
83397,2.6248576e-05
83398,2.6248576e-05
83399,2.6248576e-05
83400,2.6248576e-05
83401,2.6248576e-05
83402,2.6248576e-05
83403,2.6248576e-05
83404,2.6248576e-05
83405,2.6248576e-05
83406,2.6248576e-05
83407,2.6248576e-05
83408,2.6248576e-05
83409,2.6248576e-05
83410,2.6248576e-05
83411,2.6248576e-05
83412,2.6248576e-05
83413,2.6248576e-05
83414,2.6248576e-05
83415,2.6248576e-05
83416,2.6248576e-05
83417,2.6248576e-05
83418,2.6248576e-05
83419,2.6248576e-05
83420,2.6248576e-05
83421,2.6248576e-05
83422,2.6248576e-05
83423,2.6248576e-05
83424,2.6248576e-05
83425,2.6248576e-05
83426,2.6248576e-05
83427,2.6248576e-05
83428,2.6248576e-05
83429,2.6248576e-05
83430,2.6248576e-05
83431,2.6248576e-05
83432,2.6248576e-05
83433,2.6248576e-05
83434,2.6248576e-05
83435,2.6248576e-05
83436,2.6248576e-05
83437,2.6248576e-05
83438,2.6248576e-05
83439,2.6248576e-05
83440,2.6248576e-05
83441,2.6248576e-05
83442,2.6248576e-05
83443,2.6248576e-05
83444,2.6248576e-05
83445,2.6248576e-05
83446,2.6248576e-05
83447,2.6248576e-05
83448,2.6248576e-05
83449,2.6248576e-05
83450,2.6248576e-05
83451,2.6248576e-05
83452,2.6248576e-05
83453,2.6248576e-05
83454,2.6248576e-05
83455,2.6248576e-05
83456,2.6248576e-05
83457,2.6248576e-05
83458,2.6248576e-05
83459,2.6248576e-05
83460,2.6248576e-05
83461,2.6248576e-05
83462,2.6248576e-05
83463,2.6248576e-05
83464,2.6248576e-05
83465,2.6248576e-05
83466,2.6248576e-05
83467,2.6248576e-05
83468,2.6248576e-05
83469,2.6248576e-05
83470,2.6248576e-05
83471,2.6248576e-05
83472,2.6248576e-05
83473,2.6248576e-05
83474,2.6248576e-05
83475,2.6248576e-05
83476,2.6248576e-05
83477,2.6248576e-05
83478,2.6248576e-05
83479,2.6248576e-05
83480,2.6248576e-05
83481,2.6248576e-05
83482,2.6248576e-05
83483,2.6248576e-05
83484,2.6248576e-05
83485,2.6248576e-05
83486,2.6248576e-05
83487,2.6248576e-05
83488,2.6248576e-05
83489,2.6248576e-05
83490,2.6248576e-05
83491,2.6248576e-05
83492,2.6248576e-05
83493,2.6248576e-05
83494,2.6248576e-05
83495,2.6248576e-05
83496,2.6248576e-05
83497,2.6248576e-05
83498,2.6248576e-05
83499,2.6248576e-05
83500,2.6248576e-05
83501,2.6248576e-05
83502,2.6248576e-05
83503,2.6248576e-05
83504,2.6248576e-05
83505,2.6248576e-05
83506,2.6248576e-05
83507,2.6248576e-05
83508,2.6248576e-05
83509,2.6248576e-05
83510,2.6248576e-05
83511,2.6248576e-05
83512,2.6248576e-05
83513,2.6248576e-05
83514,2.6248576e-05
83515,2.6248576e-05
83516,2.6248576e-05
83517,2.6248576e-05
83518,2.6248576e-05
83519,2.6248576e-05
83520,2.6248576e-05
83521,2.6248576e-05
83522,2.6248576e-05
83523,2.6248576e-05
83524,2.6248576e-05
83525,2.6248576e-05
83526,2.6248576e-05
83527,2.6248576e-05
83528,2.6248576e-05
83529,2.6248576e-05
83530,2.6248576e-05
83531,2.6248576e-05
83532,2.6248576e-05
83533,2.6248576e-05
83534,2.6248576e-05
83535,2.6248576e-05
83536,2.6248576e-05
83537,2.6248576e-05
83538,2.6248576e-05
83539,2.6248576e-05
83540,2.6248576e-05
83541,2.6248576e-05
83542,2.6248576e-05
83543,2.6248576e-05
83544,2.6248576e-05
83545,2.6248576e-05
83546,2.6248576e-05
83547,2.6248576e-05
83548,2.6248576e-05
83549,2.6248576e-05
83550,2.6248576e-05
83551,2.6248576e-05
83552,2.6248576e-05
83553,2.6248576e-05
83554,2.6248576e-05
83555,2.6248576e-05
83556,2.6248576e-05
83557,2.6248576e-05
83558,2.6248576e-05
83559,2.6248576e-05
83560,2.6248576e-05
83561,2.6248576e-05
83562,2.6248576e-05
83563,2.6248576e-05
83564,2.6248576e-05
83565,2.6248576e-05
83566,2.6248576e-05
83567,2.6248576e-05
83568,2.6248576e-05
83569,2.6248576e-05
83570,2.6248576e-05
83571,2.6248576e-05
83572,2.6248576e-05
83573,2.6248576e-05
83574,2.6248576e-05
83575,2.6248576e-05
83576,2.6248576e-05
83577,2.6248576e-05
83578,2.6248576e-05
83579,2.6248576e-05
83580,2.6248576e-05
83581,2.6248576e-05
83582,2.6248576e-05
83583,2.6248576e-05
83584,2.6248576e-05
83585,2.6248576e-05
83586,2.6248576e-05
83587,2.6248576e-05
83588,2.6248576e-05
83589,2.6248576e-05
83590,2.6248576e-05
83591,2.6248576e-05
83592,2.6248576e-05
83593,2.6248576e-05
83594,2.6248576e-05
83595,2.6248576e-05
83596,2.6248576e-05
83597,2.6248576e-05
83598,2.6248576e-05
83599,2.6248576e-05
83600,2.6248576e-05
83601,2.6248576e-05
83602,2.6248576e-05
83603,2.6248576e-05
83604,2.6248576e-05
83605,2.6248576e-05
83606,2.6248576e-05
83607,2.6248576e-05
83608,2.6248576e-05
83609,2.6248576e-05
83610,2.6248576e-05
83611,2.6248576e-05
83612,2.6248576e-05
83613,2.6248576e-05
83614,2.6248576e-05
83615,2.6248576e-05
83616,2.6248576e-05
83617,2.6248576e-05
83618,2.6248576e-05
83619,2.6248576e-05
83620,2.6248576e-05
83621,2.6248576e-05
83622,2.6248576e-05
83623,2.6248576e-05
83624,2.6248576e-05
83625,2.6248576e-05
83626,2.6248576e-05
83627,2.6248576e-05
83628,2.6248576e-05
83629,2.6248576e-05
83630,2.6248576e-05
83631,2.6248576e-05
83632,2.6248576e-05
83633,2.6248576e-05
83634,2.6248576e-05
83635,2.6248576e-05
83636,2.6248576e-05
83637,2.6248576e-05
83638,2.6248576e-05
83639,2.6248576e-05
83640,2.6248576e-05
83641,2.6248576e-05
83642,2.6248576e-05
83643,2.6248576e-05
83644,2.6248576e-05
83645,2.6248576e-05
83646,2.6248576e-05
83647,2.6248576e-05
83648,2.6248576e-05
83649,2.6248576e-05
83650,2.6248576e-05
83651,2.6248576e-05
83652,2.6248576e-05
83653,2.6248576e-05
83654,2.6248576e-05
83655,2.6248576e-05
83656,2.6248576e-05
83657,2.6248576e-05
83658,2.6248576e-05
83659,2.6248576e-05
83660,2.6248576e-05
83661,2.6248576e-05
83662,2.6248576e-05
83663,2.6248576e-05
83664,2.6248576e-05
83665,2.6248576e-05
83666,2.6248576e-05
83667,2.6248576e-05
83668,2.6248576e-05
83669,2.6248576e-05
83670,2.6248576e-05
83671,2.6248576e-05
83672,2.6248576e-05
83673,2.6248576e-05
83674,2.6248576e-05
83675,2.6248576e-05
83676,2.6248576e-05
83677,2.6248576e-05
83678,2.6248576e-05
83679,2.6248576e-05
83680,2.6248576e-05
83681,2.6248576e-05
83682,2.6248576e-05
83683,2.6248576e-05
83684,2.6248576e-05
83685,2.6248576e-05
83686,2.6248576e-05
83687,2.6248576e-05
83688,2.6248576e-05
83689,2.6248576e-05
83690,2.6248576e-05
83691,2.6248576e-05
83692,2.6248576e-05
83693,2.6248576e-05
83694,2.6248576e-05
83695,2.6248576e-05
83696,2.6248576e-05
83697,2.6248576e-05
83698,2.6248576e-05
83699,2.6248576e-05
83700,2.6248576e-05
83701,2.6248576e-05
83702,2.6248576e-05
83703,2.6248576e-05
83704,2.6248576e-05
83705,2.6248576e-05
83706,2.6248576e-05
83707,2.6248576e-05
83708,2.6248576e-05
83709,2.6248576e-05
83710,2.6248576e-05
83711,2.6248576e-05
83712,2.6248576e-05
83713,2.6248576e-05
83714,2.6248576e-05
83715,2.6248576e-05
83716,2.6248576e-05
83717,2.6248576e-05
83718,2.6248576e-05
83719,2.6248576e-05
83720,2.6248576e-05
83721,2.6248576e-05
83722,2.6248576e-05
83723,2.6248576e-05
83724,2.6248576e-05
83725,2.6248576e-05
83726,2.6248576e-05
83727,2.6248576e-05
83728,2.6248576e-05
83729,2.6248576e-05
83730,2.6248576e-05
83731,2.6248576e-05
83732,2.6248576e-05
83733,2.6248576e-05
83734,2.6248576e-05
83735,2.6248576e-05
83736,2.6248576e-05
83737,2.6248576e-05
83738,2.6248576e-05
83739,2.6248576e-05
83740,2.6248576e-05
83741,2.6248576e-05
83742,2.6248576e-05
83743,2.6248576e-05
83744,2.6248576e-05
83745,2.6248576e-05
83746,2.6248576e-05
83747,2.6248576e-05
83748,2.6248576e-05
83749,2.6248576e-05
83750,2.6248576e-05
83751,2.6248576e-05
83752,2.6248576e-05
83753,2.6248576e-05
83754,2.6248576e-05
83755,2.6248576e-05
83756,2.6248576e-05
83757,2.6248576e-05
83758,2.6248576e-05
83759,2.6248576e-05
83760,2.6248576e-05
83761,2.6248576e-05
83762,2.6248576e-05
83763,2.6248576e-05
83764,2.6248576e-05
83765,2.6248576e-05
83766,2.6248576e-05
83767,2.6248576e-05
83768,2.6248576e-05
83769,2.6248576e-05
83770,2.6248576e-05
83771,2.6248576e-05
83772,2.6248576e-05
83773,2.6248576e-05
83774,2.6248576e-05
83775,2.6248576e-05
83776,2.6248576e-05
83777,2.6248576e-05
83778,2.6248576e-05
83779,2.6248576e-05
83780,2.6248576e-05
83781,2.6248576e-05
83782,2.6248576e-05
83783,2.6248576e-05
83784,2.6248576e-05
83785,2.6248576e-05
83786,2.6248576e-05
83787,2.6248576e-05
83788,2.6248576e-05
83789,2.6248576e-05
83790,2.6248576e-05
83791,2.6248576e-05
83792,2.6248576e-05
83793,2.6248576e-05
83794,2.6248576e-05
83795,2.6248576e-05
83796,2.6248576e-05
83797,2.6248576e-05
83798,2.6248576e-05
83799,2.6248576e-05
83800,2.6248576e-05
83801,2.6248576e-05
83802,2.6248576e-05
83803,2.6248576e-05
83804,2.6248576e-05
83805,2.6248576e-05
83806,2.6248576e-05
83807,2.6248576e-05
83808,2.6248576e-05
83809,2.6248576e-05
83810,2.6248576e-05
83811,2.6248576e-05
83812,2.6248576e-05
83813,2.6248576e-05
83814,2.6248576e-05
83815,2.6248576e-05
83816,2.6248576e-05
83817,2.6248576e-05
83818,2.6248576e-05
83819,2.6248576e-05
83820,2.6248576e-05
83821,2.6248576e-05
83822,2.6248576e-05
83823,2.6248576e-05
83824,2.6248576e-05
83825,2.6248576e-05
83826,2.6248576e-05
83827,2.6248576e-05
83828,2.6248576e-05
83829,2.6248576e-05
83830,2.6248576e-05
83831,2.6248576e-05
83832,2.6248576e-05
83833,2.6248576e-05
83834,2.6248576e-05
83835,2.6248576e-05
83836,2.6248576e-05
83837,2.6248576e-05
83838,2.6248576e-05
83839,2.6248576e-05
83840,2.6248576e-05
83841,2.6248576e-05
83842,2.6248576e-05
83843,2.6248576e-05
83844,2.6248576e-05
83845,2.6248576e-05
83846,2.6248576e-05
83847,2.6248576e-05
83848,2.6248576e-05
83849,2.6248576e-05
83850,2.6248576e-05
83851,2.6248576e-05
83852,2.6248576e-05
83853,2.6248576e-05
83854,2.6248576e-05
83855,2.6248576e-05
83856,2.6248576e-05
83857,2.6248576e-05
83858,2.6248576e-05
83859,2.6248576e-05
83860,2.6248576e-05
83861,2.6248576e-05
83862,2.6248576e-05
83863,2.6248576e-05
83864,2.6248576e-05
83865,2.6248576e-05
83866,2.6248576e-05
83867,2.6248576e-05
83868,2.6248576e-05
83869,2.6248576e-05
83870,2.6248576e-05
83871,2.6248576e-05
83872,2.6248576e-05
83873,2.6248576e-05
83874,2.6248576e-05
83875,2.6248576e-05
83876,2.6248576e-05
83877,2.6248576e-05
83878,2.6248576e-05
83879,2.6248576e-05
83880,2.6248576e-05
83881,2.6248576e-05
83882,2.6248576e-05
83883,2.6248576e-05
83884,2.6248576e-05
83885,2.6248576e-05
83886,2.6248576e-05
83887,2.6248576e-05
83888,2.6248576e-05
83889,2.6248576e-05
83890,2.6248576e-05
83891,2.6248576e-05
83892,2.6248576e-05
83893,2.6248576e-05
83894,2.6248576e-05
83895,2.6248576e-05
83896,2.6248576e-05
83897,2.6248576e-05
83898,2.6248576e-05
83899,2.6248576e-05
83900,2.6248576e-05
83901,2.6248576e-05
83902,2.6248576e-05
83903,2.6248576e-05
83904,2.6248576e-05
83905,2.6248576e-05
83906,2.6248576e-05
83907,2.6248576e-05
83908,2.6248576e-05
83909,2.6248576e-05
83910,2.6248576e-05
83911,2.6248576e-05
83912,2.6248576e-05
83913,2.6248576e-05
83914,2.6248576e-05
83915,2.6248576e-05
83916,2.6248576e-05
83917,2.6248576e-05
83918,2.6248576e-05
83919,2.6248576e-05
83920,2.6248576e-05
83921,2.6248576e-05
83922,2.6248576e-05
83923,2.6248576e-05
83924,2.6248576e-05
83925,2.6248576e-05
83926,2.6248576e-05
83927,2.6248576e-05
83928,2.6248576e-05
83929,2.6248576e-05
83930,2.6248576e-05
83931,2.6248576e-05
83932,2.6248576e-05
83933,2.6248576e-05
83934,2.6248576e-05
83935,2.6248576e-05
83936,2.6248576e-05
83937,2.6248576e-05
83938,2.6248576e-05
83939,2.6248576e-05
83940,2.6248576e-05
83941,2.6248576e-05
83942,2.6248576e-05
83943,2.6248576e-05
83944,2.6248576e-05
83945,2.6248576e-05
83946,2.6248576e-05
83947,2.6248576e-05
83948,2.6248576e-05
83949,2.6248576e-05
83950,2.6248576e-05
83951,2.6248576e-05
83952,2.6248576e-05
83953,2.6248576e-05
83954,2.6248576e-05
83955,2.6248576e-05
83956,2.6248576e-05
83957,2.6248576e-05
83958,2.6248576e-05
83959,2.6248576e-05
83960,2.6248576e-05
83961,2.6248576e-05
83962,2.6248576e-05
83963,2.6248576e-05
83964,2.6248576e-05
83965,2.6248576e-05
83966,2.6248576e-05
83967,2.6248576e-05
83968,2.6248576e-05
83969,2.6248576e-05
83970,2.6248576e-05
83971,2.6248576e-05
83972,2.6248576e-05
83973,2.6248576e-05
83974,2.6248576e-05
83975,2.6248576e-05
83976,2.6248576e-05
83977,2.6248576e-05
83978,2.6248576e-05
83979,2.6248576e-05
83980,2.6248576e-05
83981,2.6248576e-05
83982,2.6248576e-05
83983,2.6248576e-05
83984,2.6248576e-05
83985,2.6248576e-05
83986,2.6248576e-05
83987,2.6248576e-05
83988,2.6248576e-05
83989,2.6248576e-05
83990,2.6248576e-05
83991,2.6248576e-05
83992,2.6248576e-05
83993,2.6248576e-05
83994,2.6248576e-05
83995,2.6248576e-05
83996,2.6248576e-05
83997,2.6248576e-05
83998,2.6248576e-05
83999,2.6248576e-05
84000,2.6248576e-05
84001,2.6248576e-05
84002,2.6248576e-05
84003,2.6248576e-05
84004,2.6248576e-05
84005,2.6248576e-05
84006,2.6248576e-05
84007,2.6248576e-05
84008,2.6248576e-05
84009,2.6248576e-05
84010,2.6248576e-05
84011,2.6248576e-05
84012,2.6248576e-05
84013,2.6248576e-05
84014,2.6248576e-05
84015,2.6248576e-05
84016,2.6248576e-05
84017,2.6248576e-05
84018,2.6248576e-05
84019,2.6248576e-05
84020,2.6248576e-05
84021,2.6248576e-05
84022,2.6248576e-05
84023,2.6248576e-05
84024,2.6248576e-05
84025,2.6248576e-05
84026,2.6248576e-05
84027,2.6248576e-05
84028,2.6248576e-05
84029,2.6248576e-05
84030,2.6248576e-05
84031,2.6248576e-05
84032,2.6248576e-05
84033,2.6248576e-05
84034,2.6248576e-05
84035,2.6248576e-05
84036,2.6248576e-05
84037,2.6248576e-05
84038,2.6248576e-05
84039,2.6248576e-05
84040,2.6248576e-05
84041,2.6248576e-05
84042,2.6248576e-05
84043,2.6248576e-05
84044,2.6248576e-05
84045,2.6248576e-05
84046,2.6248576e-05
84047,2.6248576e-05
84048,2.6248576e-05
84049,2.6248576e-05
84050,2.6248576e-05
84051,2.6248576e-05
84052,2.6248576e-05
84053,2.6248576e-05
84054,2.6248576e-05
84055,2.6248576e-05
84056,2.6248576e-05
84057,2.6248576e-05
84058,2.6248576e-05
84059,2.6248576e-05
84060,2.6248576e-05
84061,2.6248576e-05
84062,2.6248576e-05
84063,2.6248576e-05
84064,2.6248576e-05
84065,2.6248576e-05
84066,2.6248576e-05
84067,2.6248576e-05
84068,2.6248576e-05
84069,2.6248576e-05
84070,2.6248576e-05
84071,2.6248576e-05
84072,2.6248576e-05
84073,2.6248576e-05
84074,2.6248576e-05
84075,2.6248576e-05
84076,2.6248576e-05
84077,2.6248576e-05
84078,2.6248576e-05
84079,2.6248576e-05
84080,2.6248576e-05
84081,2.6248576e-05
84082,2.6248576e-05
84083,2.6248576e-05
84084,2.6248576e-05
84085,2.6248576e-05
84086,2.6248576e-05
84087,2.6248576e-05
84088,2.6248576e-05
84089,2.6248576e-05
84090,2.6248576e-05
84091,2.6248576e-05
84092,2.6248576e-05
84093,2.6248576e-05
84094,2.6248576e-05
84095,2.6248576e-05
84096,2.6248576e-05
84097,2.6248576e-05
84098,2.6248576e-05
84099,2.6248576e-05
84100,2.6248576e-05
84101,2.6248576e-05
84102,2.6248576e-05
84103,2.6248576e-05
84104,2.6248576e-05
84105,2.6248576e-05
84106,2.6248576e-05
84107,2.6248576e-05
84108,2.6248576e-05
84109,2.6248576e-05
84110,2.6248576e-05
84111,2.6248576e-05
84112,2.6248576e-05
84113,2.6248576e-05
84114,2.6248576e-05
84115,2.6248576e-05
84116,2.6248576e-05
84117,2.6248576e-05
84118,2.6248576e-05
84119,2.6248576e-05
84120,2.6248576e-05
84121,2.6248576e-05
84122,2.6248576e-05
84123,2.6248576e-05
84124,2.6248576e-05
84125,2.6248576e-05
84126,2.6248576e-05
84127,2.6248576e-05
84128,2.6248576e-05
84129,2.6248576e-05
84130,2.6248576e-05
84131,2.6248576e-05
84132,2.6248576e-05
84133,2.6248576e-05
84134,2.6248576e-05
84135,2.6248576e-05
84136,2.6248576e-05
84137,2.6248576e-05
84138,2.6248576e-05
84139,2.6248576e-05
84140,2.6248576e-05
84141,2.6248576e-05
84142,2.6248576e-05
84143,2.6248576e-05
84144,2.6248576e-05
84145,2.6248576e-05
84146,2.6248576e-05
84147,2.6248576e-05
84148,2.6248576e-05
84149,2.6248576e-05
84150,2.6248576e-05
84151,2.6248576e-05
84152,2.6248576e-05
84153,2.6248576e-05
84154,2.6248576e-05
84155,2.6248576e-05
84156,2.6248576e-05
84157,2.6248576e-05
84158,2.6248576e-05
84159,2.6248576e-05
84160,2.6248576e-05
84161,2.6248576e-05
84162,2.6248576e-05
84163,2.6248576e-05
84164,2.6248576e-05
84165,2.6248576e-05
84166,2.6248576e-05
84167,2.6248576e-05
84168,2.6248576e-05
84169,2.6248576e-05
84170,2.6248576e-05
84171,2.6248576e-05
84172,2.6248576e-05
84173,2.6248576e-05
84174,2.6248576e-05
84175,2.6248576e-05
84176,2.6248576e-05
84177,2.6248576e-05
84178,2.6248576e-05
84179,2.6248576e-05
84180,2.6248576e-05
84181,2.6248576e-05
84182,2.6248576e-05
84183,2.6248576e-05
84184,2.6248576e-05
84185,2.6248576e-05
84186,2.6248576e-05
84187,2.6248576e-05
84188,2.6248576e-05
84189,2.6248576e-05
84190,2.6248576e-05
84191,2.6248576e-05
84192,2.6248576e-05
84193,2.6248576e-05
84194,2.6248576e-05
84195,2.6248576e-05
84196,2.6248576e-05
84197,2.6248576e-05
84198,2.6248576e-05
84199,2.6248576e-05
84200,2.6248576e-05
84201,2.6248576e-05
84202,2.6248576e-05
84203,2.6248576e-05
84204,2.6248576e-05
84205,2.6248576e-05
84206,2.6248576e-05
84207,2.6248576e-05
84208,2.6248576e-05
84209,2.6248576e-05
84210,2.6248576e-05
84211,2.6248576e-05
84212,2.6248576e-05
84213,2.6248576e-05
84214,2.6248576e-05
84215,2.6248576e-05
84216,2.6248576e-05
84217,2.6248576e-05
84218,2.6248576e-05
84219,2.6248576e-05
84220,2.6248576e-05
84221,2.6248576e-05
84222,2.6248576e-05
84223,2.6248576e-05
84224,2.6248576e-05
84225,2.6248576e-05
84226,2.6248576e-05
84227,2.6248576e-05
84228,2.6248576e-05
84229,2.6248576e-05
84230,2.6248576e-05
84231,2.6248576e-05
84232,2.6248576e-05
84233,2.6248576e-05
84234,2.6248576e-05
84235,2.6248576e-05
84236,2.6248576e-05
84237,2.6248576e-05
84238,2.6248576e-05
84239,2.6248576e-05
84240,2.6248576e-05
84241,2.6248576e-05
84242,2.6248576e-05
84243,2.6248576e-05
84244,2.6248576e-05
84245,2.6248576e-05
84246,2.6248576e-05
84247,2.6248576e-05
84248,2.6248576e-05
84249,2.6248576e-05
84250,2.6248576e-05
84251,2.6248576e-05
84252,2.6248576e-05
84253,2.6248576e-05
84254,2.6248576e-05
84255,2.6248576e-05
84256,2.6248576e-05
84257,2.6248576e-05
84258,2.6248576e-05
84259,2.6248576e-05
84260,2.6248576e-05
84261,2.6248576e-05
84262,2.6248576e-05
84263,2.6248576e-05
84264,2.6248576e-05
84265,2.6248576e-05
84266,2.6248576e-05
84267,2.6248576e-05
84268,2.6248576e-05
84269,2.6248576e-05
84270,2.6248576e-05
84271,2.6248576e-05
84272,2.6248576e-05
84273,2.6248576e-05
84274,2.6248576e-05
84275,2.6248576e-05
84276,2.6248576e-05
84277,2.6248576e-05
84278,2.6248576e-05
84279,2.6248576e-05
84280,2.6248576e-05
84281,2.6248576e-05
84282,2.6248576e-05
84283,2.6248576e-05
84284,2.6248576e-05
84285,2.6248576e-05
84286,2.6248576e-05
84287,2.6248576e-05
84288,2.6248576e-05
84289,2.6248576e-05
84290,2.6248576e-05
84291,2.6248576e-05
84292,2.6248576e-05
84293,2.6248576e-05
84294,2.6248576e-05
84295,2.6248576e-05
84296,2.6248576e-05
84297,2.6248576e-05
84298,2.6248576e-05
84299,2.6248576e-05
84300,2.6248576e-05
84301,2.6248576e-05
84302,2.6248576e-05
84303,2.6248576e-05
84304,2.6248576e-05
84305,2.6248576e-05
84306,2.6248576e-05
84307,2.6248576e-05
84308,2.6248576e-05
84309,2.6248576e-05
84310,2.6248576e-05
84311,2.6248576e-05
84312,2.6248576e-05
84313,2.6248576e-05
84314,2.6248576e-05
84315,2.6248576e-05
84316,2.6248576e-05
84317,2.6248576e-05
84318,2.6248576e-05
84319,2.6248576e-05
84320,2.6248576e-05
84321,2.6248576e-05
84322,2.6248576e-05
84323,2.6248576e-05
84324,2.6248576e-05
84325,2.6248576e-05
84326,2.6248576e-05
84327,2.6248576e-05
84328,2.6248576e-05
84329,2.6248576e-05
84330,2.6248576e-05
84331,2.6248576e-05
84332,2.6248576e-05
84333,2.6248576e-05
84334,2.6248576e-05
84335,2.6248576e-05
84336,2.6248576e-05
84337,2.6248576e-05
84338,2.6248576e-05
84339,2.6248576e-05
84340,2.6248576e-05
84341,2.6248576e-05
84342,2.6248576e-05
84343,2.6248576e-05
84344,2.6248576e-05
84345,2.6248576e-05
84346,2.6248576e-05
84347,2.6248576e-05
84348,2.6248576e-05
84349,2.6248576e-05
84350,2.6248576e-05
84351,2.6248576e-05
84352,2.6248576e-05
84353,2.6248576e-05
84354,2.6248576e-05
84355,2.6248576e-05
84356,2.6248576e-05
84357,2.6248576e-05
84358,2.6248576e-05
84359,2.6248576e-05
84360,2.6248576e-05
84361,2.6248576e-05
84362,2.6248576e-05
84363,2.6248576e-05
84364,2.6248576e-05
84365,2.6248576e-05
84366,2.6248576e-05
84367,2.6248576e-05
84368,2.6248576e-05
84369,2.6248576e-05
84370,2.6248576e-05
84371,2.6248576e-05
84372,2.6248576e-05
84373,2.6248576e-05
84374,2.6248576e-05
84375,2.6248576e-05
84376,2.6248576e-05
84377,2.6248576e-05
84378,2.6248576e-05
84379,2.6248576e-05
84380,2.6248576e-05
84381,2.6248576e-05
84382,2.6248576e-05
84383,2.6248576e-05
84384,2.6248576e-05
84385,2.6248576e-05
84386,2.6248576e-05
84387,2.6248576e-05
84388,2.6248576e-05
84389,2.6248576e-05
84390,2.6248576e-05
84391,2.6248576e-05
84392,2.6248576e-05
84393,2.6248576e-05
84394,2.6248576e-05
84395,2.6248576e-05
84396,2.6248576e-05
84397,2.6248576e-05
84398,2.6248576e-05
84399,2.6248576e-05
84400,2.6248576e-05
84401,2.6248576e-05
84402,2.6248576e-05
84403,2.6248576e-05
84404,2.6248576e-05
84405,2.6248576e-05
84406,2.6248576e-05
84407,2.6248576e-05
84408,2.6248576e-05
84409,2.6248576e-05
84410,2.6248576e-05
84411,2.6248576e-05
84412,2.6248576e-05
84413,2.6248576e-05
84414,2.6248576e-05
84415,2.6248576e-05
84416,2.6248576e-05
84417,2.6248576e-05
84418,2.6248576e-05
84419,2.6248576e-05
84420,2.6248576e-05
84421,2.6248576e-05
84422,2.6248576e-05
84423,2.6248576e-05
84424,2.6248576e-05
84425,2.6248576e-05
84426,2.6248576e-05
84427,2.6248576e-05
84428,2.6248576e-05
84429,2.6248576e-05
84430,2.6248576e-05
84431,2.6248576e-05
84432,2.6248576e-05
84433,2.6248576e-05
84434,2.6248576e-05
84435,2.6248576e-05
84436,2.6248576e-05
84437,2.6248576e-05
84438,2.6248576e-05
84439,2.6248576e-05
84440,2.6248576e-05
84441,2.6248576e-05
84442,2.6248576e-05
84443,2.6248576e-05
84444,2.6248576e-05
84445,2.6248576e-05
84446,2.6248576e-05
84447,2.6248576e-05
84448,2.6248576e-05
84449,2.6248576e-05
84450,2.6248576e-05
84451,2.6248576e-05
84452,2.6248576e-05
84453,2.6248576e-05
84454,2.6248576e-05
84455,2.6248576e-05
84456,2.6248576e-05
84457,2.6248576e-05
84458,2.6248576e-05
84459,2.6248576e-05
84460,2.6248576e-05
84461,2.6248576e-05
84462,2.6248576e-05
84463,2.6248576e-05
84464,2.6248576e-05
84465,2.6248576e-05
84466,2.6248576e-05
84467,2.6248576e-05
84468,2.6248576e-05
84469,2.6248576e-05
84470,2.6248576e-05
84471,2.6248576e-05
84472,2.6248576e-05
84473,2.6248576e-05
84474,2.6248576e-05
84475,2.6248576e-05
84476,2.6248576e-05
84477,2.6248576e-05
84478,2.6248576e-05
84479,2.6248576e-05
84480,2.6248576e-05
84481,2.6248576e-05
84482,2.6248576e-05
84483,2.6248576e-05
84484,2.6248576e-05
84485,2.6248576e-05
84486,2.6248576e-05
84487,2.6248576e-05
84488,2.6248576e-05
84489,2.6248576e-05
84490,2.6248576e-05
84491,2.6248576e-05
84492,2.6248576e-05
84493,2.6248576e-05
84494,2.6248576e-05
84495,2.6248576e-05
84496,2.6248576e-05
84497,2.6248576e-05
84498,2.6248576e-05
84499,2.6248576e-05
84500,2.6248576e-05
84501,2.6248576e-05
84502,2.6248576e-05
84503,2.6248576e-05
84504,2.6248576e-05
84505,2.6248576e-05
84506,2.6248576e-05
84507,2.6248576e-05
84508,2.6248576e-05
84509,2.6248576e-05
84510,2.6248576e-05
84511,2.6248576e-05
84512,2.6248576e-05
84513,2.6248576e-05
84514,2.6248576e-05
84515,2.6248576e-05
84516,2.6248576e-05
84517,2.6248576e-05
84518,2.6248576e-05
84519,2.6248576e-05
84520,2.6248576e-05
84521,2.6248576e-05
84522,2.6248576e-05
84523,2.6248576e-05
84524,2.6248576e-05
84525,2.6248576e-05
84526,2.6248576e-05
84527,2.6248576e-05
84528,2.6248576e-05
84529,2.6248576e-05
84530,2.6248576e-05
84531,2.6248576e-05
84532,2.6248576e-05
84533,2.6248576e-05
84534,2.6248576e-05
84535,2.6248576e-05
84536,2.6248576e-05
84537,2.6248576e-05
84538,2.6248576e-05
84539,2.6248576e-05
84540,2.6248576e-05
84541,2.6248576e-05
84542,2.6248576e-05
84543,2.6248576e-05
84544,2.6248576e-05
84545,2.6248576e-05
84546,2.6248576e-05
84547,2.6248576e-05
84548,2.6248576e-05
84549,2.6248576e-05
84550,2.6248576e-05
84551,2.6248576e-05
84552,2.6248576e-05
84553,2.6248576e-05
84554,2.6248576e-05
84555,2.6248576e-05
84556,2.6248576e-05
84557,2.6248576e-05
84558,2.6248576e-05
84559,2.6248576e-05
84560,2.6248576e-05
84561,2.6248576e-05
84562,2.6248576e-05
84563,2.6248576e-05
84564,2.6248576e-05
84565,2.6248576e-05
84566,2.6248576e-05
84567,2.6248576e-05
84568,2.6248576e-05
84569,2.6248576e-05
84570,2.6248576e-05
84571,2.6248576e-05
84572,2.6248576e-05
84573,2.6248576e-05
84574,2.6248576e-05
84575,2.6248576e-05
84576,2.6248576e-05
84577,2.6248576e-05
84578,2.6248576e-05
84579,2.6248576e-05
84580,2.6248576e-05
84581,2.6248576e-05
84582,2.6248576e-05
84583,2.6248576e-05
84584,2.6248576e-05
84585,2.6248576e-05
84586,2.6248576e-05
84587,2.6248576e-05
84588,2.6248576e-05
84589,2.6248576e-05
84590,2.6248576e-05
84591,2.6248576e-05
84592,2.6248576e-05
84593,2.6248576e-05
84594,2.6248576e-05
84595,2.6248576e-05
84596,2.6248576e-05
84597,2.6248576e-05
84598,2.6248576e-05
84599,2.6248576e-05
84600,2.6248576e-05
84601,2.6248576e-05
84602,2.6248576e-05
84603,2.6248576e-05
84604,2.6248576e-05
84605,2.6248576e-05
84606,2.6248576e-05
84607,2.6248576e-05
84608,2.6248576e-05
84609,2.6248576e-05
84610,2.6248576e-05
84611,2.6248576e-05
84612,2.6248576e-05
84613,2.6248576e-05
84614,2.6248576e-05
84615,2.6248576e-05
84616,2.6248576e-05
84617,2.6248576e-05
84618,2.6248576e-05
84619,2.6248576e-05
84620,2.6248576e-05
84621,2.6248576e-05
84622,2.6248576e-05
84623,2.6248576e-05
84624,2.6248576e-05
84625,2.6248576e-05
84626,2.6248576e-05
84627,2.6248576e-05
84628,2.6248576e-05
84629,2.6248576e-05
84630,2.6248576e-05
84631,2.6248576e-05
84632,2.6248576e-05
84633,2.6248576e-05
84634,2.6248576e-05
84635,2.6248576e-05
84636,2.6248576e-05
84637,2.6248576e-05
84638,2.6248576e-05
84639,2.6248576e-05
84640,2.6248576e-05
84641,2.6248576e-05
84642,2.6248576e-05
84643,2.6248576e-05
84644,2.6248576e-05
84645,2.6248576e-05
84646,2.6248576e-05
84647,2.6248576e-05
84648,2.6248576e-05
84649,2.6248576e-05
84650,2.6248576e-05
84651,2.6248576e-05
84652,2.6248576e-05
84653,2.6248576e-05
84654,2.6248576e-05
84655,2.6248576e-05
84656,2.6248576e-05
84657,2.6248576e-05
84658,2.6248576e-05
84659,2.6248576e-05
84660,2.6248576e-05
84661,2.6248576e-05
84662,2.6248576e-05
84663,2.6248576e-05
84664,2.6248576e-05
84665,2.6248576e-05
84666,2.6248576e-05
84667,2.6248576e-05
84668,2.6248576e-05
84669,2.6248576e-05
84670,2.6248576e-05
84671,2.6248576e-05
84672,2.6248576e-05
84673,2.6248576e-05
84674,2.6248576e-05
84675,2.6248576e-05
84676,2.6248576e-05
84677,2.6248576e-05
84678,2.6248576e-05
84679,2.6248576e-05
84680,2.6248576e-05
84681,2.6248576e-05
84682,2.6248576e-05
84683,2.6248576e-05
84684,2.6248576e-05
84685,2.6248576e-05
84686,2.6248576e-05
84687,2.6248576e-05
84688,2.6248576e-05
84689,2.6248576e-05
84690,2.6248576e-05
84691,2.6248576e-05
84692,2.6248576e-05
84693,2.6248576e-05
84694,2.6248576e-05
84695,2.6248576e-05
84696,2.6248576e-05
84697,2.6248576e-05
84698,2.6248576e-05
84699,2.6248576e-05
84700,2.6248576e-05
84701,2.6248576e-05
84702,2.6248576e-05
84703,2.6248576e-05
84704,2.6248576e-05
84705,2.6248576e-05
84706,2.6248576e-05
84707,2.6248576e-05
84708,2.6248576e-05
84709,2.6248576e-05
84710,2.6248576e-05
84711,2.6248576e-05
84712,2.6248576e-05
84713,2.6248576e-05
84714,2.6248576e-05
84715,2.6248576e-05
84716,2.6248576e-05
84717,2.6248576e-05
84718,2.6248576e-05
84719,2.6248576e-05
84720,2.6248576e-05
84721,2.6248576e-05
84722,2.6248576e-05
84723,2.6248576e-05
84724,2.6248576e-05
84725,2.6248576e-05
84726,2.6248576e-05
84727,2.6248576e-05
84728,2.6248576e-05
84729,2.6248576e-05
84730,2.6248576e-05
84731,2.6248576e-05
84732,2.6248576e-05
84733,2.6248576e-05
84734,2.6248576e-05
84735,2.6248576e-05
84736,2.6248576e-05
84737,2.6248576e-05
84738,2.6248576e-05
84739,2.6248576e-05
84740,2.6248576e-05
84741,2.6248576e-05
84742,2.6248576e-05
84743,2.6248576e-05
84744,2.6248576e-05
84745,2.6248576e-05
84746,2.6248576e-05
84747,2.6248576e-05
84748,2.6248576e-05
84749,2.6248576e-05
84750,2.6248576e-05
84751,2.6248576e-05
84752,2.6248576e-05
84753,2.6248576e-05
84754,2.6248576e-05
84755,2.6248576e-05
84756,2.6248576e-05
84757,2.6248576e-05
84758,2.6248576e-05
84759,2.6248576e-05
84760,2.6248576e-05
84761,2.6248576e-05
84762,2.6248576e-05
84763,2.6248576e-05
84764,2.6248576e-05
84765,2.6248576e-05
84766,2.6248576e-05
84767,2.6248576e-05
84768,2.6248576e-05
84769,2.6248576e-05
84770,2.6248576e-05
84771,2.6248576e-05
84772,2.6248576e-05
84773,2.6248576e-05
84774,2.6248576e-05
84775,2.6248576e-05
84776,2.6248576e-05
84777,2.6248576e-05
84778,2.6248576e-05
84779,2.6248576e-05
84780,2.6248576e-05
84781,2.6248576e-05
84782,2.6248576e-05
84783,2.6248576e-05
84784,2.6248576e-05
84785,2.6248576e-05
84786,2.6248576e-05
84787,2.6248576e-05
84788,2.6248576e-05
84789,2.6248576e-05
84790,2.6248576e-05
84791,2.6248576e-05
84792,2.6248576e-05
84793,2.6248576e-05
84794,2.6248576e-05
84795,2.6248576e-05
84796,2.6248576e-05
84797,2.6248576e-05
84798,2.6248576e-05
84799,2.6248576e-05
84800,2.6248576e-05
84801,2.6248576e-05
84802,2.6248576e-05
84803,2.6248576e-05
84804,2.6248576e-05
84805,2.6248576e-05
84806,2.6248576e-05
84807,2.6248576e-05
84808,2.6248576e-05
84809,2.6248576e-05
84810,2.6248576e-05
84811,2.6248576e-05
84812,2.6248576e-05
84813,2.6248576e-05
84814,2.6248576e-05
84815,2.6248576e-05
84816,2.6248576e-05
84817,2.6248576e-05
84818,2.6248576e-05
84819,2.6248576e-05
84820,2.6248576e-05
84821,2.6248576e-05
84822,2.6248576e-05
84823,2.6248576e-05
84824,2.6248576e-05
84825,2.6248576e-05
84826,2.6248576e-05
84827,2.6248576e-05
84828,2.6248576e-05
84829,2.6248576e-05
84830,2.6248576e-05
84831,2.6248576e-05
84832,2.6248576e-05
84833,2.6248576e-05
84834,2.6248576e-05
84835,2.6248576e-05
84836,2.6248576e-05
84837,2.6248576e-05
84838,2.6248576e-05
84839,2.6248576e-05
84840,2.6248576e-05
84841,2.6248576e-05
84842,2.6248576e-05
84843,2.6248576e-05
84844,2.6248576e-05
84845,2.6248576e-05
84846,2.6248576e-05
84847,2.6248576e-05
84848,2.6248576e-05
84849,2.6248576e-05
84850,2.6248576e-05
84851,2.6248576e-05
84852,2.6248576e-05
84853,2.6248576e-05
84854,2.6248576e-05
84855,2.6248576e-05
84856,2.6248576e-05
84857,2.6248576e-05
84858,2.6248576e-05
84859,2.6248576e-05
84860,2.6248576e-05
84861,2.6248576e-05
84862,2.6248576e-05
84863,2.6248576e-05
84864,2.6248576e-05
84865,2.6248576e-05
84866,2.6248576e-05
84867,2.6248576e-05
84868,2.6248576e-05
84869,2.6248576e-05
84870,2.6248576e-05
84871,2.6248576e-05
84872,2.6248576e-05
84873,2.6248576e-05
84874,2.6248576e-05
84875,2.6248576e-05
84876,2.6248576e-05
84877,2.6248576e-05
84878,2.6248576e-05
84879,2.6248576e-05
84880,2.6248576e-05
84881,2.6248576e-05
84882,2.6248576e-05
84883,2.6248576e-05
84884,2.6248576e-05
84885,2.6248576e-05
84886,2.6248576e-05
84887,2.6248576e-05
84888,2.6248576e-05
84889,2.6248576e-05
84890,2.6248576e-05
84891,2.6248576e-05
84892,2.6248576e-05
84893,2.6248576e-05
84894,2.6248576e-05
84895,2.6248576e-05
84896,2.6248576e-05
84897,2.6248576e-05
84898,2.6248576e-05
84899,2.6248576e-05
84900,2.6248576e-05
84901,2.6248576e-05
84902,2.6248576e-05
84903,2.6248576e-05
84904,2.6248576e-05
84905,2.6248576e-05
84906,2.6248576e-05
84907,2.6248576e-05
84908,2.6248576e-05
84909,2.6248576e-05
84910,2.6248576e-05
84911,2.6248576e-05
84912,2.6248576e-05
84913,2.6248576e-05
84914,2.6248576e-05
84915,2.6248576e-05
84916,2.6248576e-05
84917,2.6248576e-05
84918,2.6248576e-05
84919,2.6248576e-05
84920,2.6248576e-05
84921,2.6248576e-05
84922,2.6248576e-05
84923,2.6248576e-05
84924,2.6248576e-05
84925,2.6248576e-05
84926,2.6248576e-05
84927,2.6248576e-05
84928,2.6248576e-05
84929,2.6248576e-05
84930,2.6248576e-05
84931,2.6248576e-05
84932,2.6248576e-05
84933,2.6248576e-05
84934,2.6248576e-05
84935,2.6248576e-05
84936,2.6248576e-05
84937,2.6248576e-05
84938,2.6248576e-05
84939,2.6248576e-05
84940,2.6248576e-05
84941,2.6248576e-05
84942,2.6248576e-05
84943,2.6248576e-05
84944,2.6248576e-05
84945,2.6248576e-05
84946,2.6248576e-05
84947,2.6248576e-05
84948,2.6248576e-05
84949,2.6248576e-05
84950,2.6248576e-05
84951,2.6248576e-05
84952,2.6248576e-05
84953,2.6248576e-05
84954,2.6248576e-05
84955,2.6248576e-05
84956,2.6248576e-05
84957,2.6248576e-05
84958,2.6248576e-05
84959,2.6248576e-05
84960,2.6248576e-05
84961,2.6248576e-05
84962,2.6248576e-05
84963,2.6248576e-05
84964,2.6248576e-05
84965,2.6248576e-05
84966,2.6248576e-05
84967,2.6248576e-05
84968,2.6248576e-05
84969,2.6248576e-05
84970,2.6248576e-05
84971,2.6248576e-05
84972,2.6248576e-05
84973,2.6248576e-05
84974,2.6248576e-05
84975,2.6248576e-05
84976,2.6248576e-05
84977,2.6248576e-05
84978,2.6248576e-05
84979,2.6248576e-05
84980,2.6248576e-05
84981,2.6248576e-05
84982,2.6248576e-05
84983,2.6248576e-05
84984,2.6248576e-05
84985,2.6248576e-05
84986,2.6248576e-05
84987,2.6248576e-05
84988,2.6248576e-05
84989,2.6248576e-05
84990,2.6248576e-05
84991,2.6248576e-05
84992,2.6248576e-05
84993,2.6248576e-05
84994,2.6248576e-05
84995,2.6248576e-05
84996,2.6248576e-05
84997,2.6248576e-05
84998,2.6248576e-05
84999,2.6248576e-05
85000,2.6248576e-05
85001,2.6248576e-05
85002,2.6248576e-05
85003,2.6248576e-05
85004,2.6248576e-05
85005,2.6248576e-05
85006,2.6248576e-05
85007,2.6248576e-05
85008,2.6248576e-05
85009,2.6248576e-05
85010,2.6248576e-05
85011,2.6248576e-05
85012,2.6248576e-05
85013,2.6248576e-05
85014,2.6248576e-05
85015,2.6248576e-05
85016,2.6248576e-05
85017,2.6248576e-05
85018,2.6248576e-05
85019,2.6248576e-05
85020,2.6248576e-05
85021,2.6248576e-05
85022,2.6248576e-05
85023,2.6248576e-05
85024,2.6248576e-05
85025,2.6248576e-05
85026,2.6248576e-05
85027,2.6248576e-05
85028,2.6248576e-05
85029,2.6248576e-05
85030,2.6248576e-05
85031,2.6248576e-05
85032,2.6248576e-05
85033,2.6248576e-05
85034,2.6248576e-05
85035,2.6248576e-05
85036,2.6248576e-05
85037,2.6248576e-05
85038,2.6248576e-05
85039,2.6248576e-05
85040,2.6248576e-05
85041,2.6248576e-05
85042,2.6248576e-05
85043,2.6248576e-05
85044,2.6248576e-05
85045,2.6248576e-05
85046,2.6248576e-05
85047,2.6248576e-05
85048,2.6248576e-05
85049,2.6248576e-05
85050,2.6248576e-05
85051,2.6248576e-05
85052,2.6248576e-05
85053,2.6248576e-05
85054,2.6248576e-05
85055,2.6248576e-05
85056,2.6248576e-05
85057,2.6248576e-05
85058,2.6248576e-05
85059,2.6248576e-05
85060,2.6248576e-05
85061,2.6248576e-05
85062,2.6248576e-05
85063,2.6248576e-05
85064,2.6248576e-05
85065,2.6248576e-05
85066,2.6248576e-05
85067,2.6248576e-05
85068,2.6248576e-05
85069,2.6248576e-05
85070,2.6248576e-05
85071,2.6248576e-05
85072,2.6248576e-05
85073,2.6248576e-05
85074,2.6248576e-05
85075,2.6248576e-05
85076,2.6248576e-05
85077,2.6248576e-05
85078,2.6248576e-05
85079,2.6248576e-05
85080,2.6248576e-05
85081,2.6248576e-05
85082,2.6248576e-05
85083,2.6248576e-05
85084,2.6248576e-05
85085,2.6248576e-05
85086,2.6248576e-05
85087,2.6248576e-05
85088,2.6248576e-05
85089,2.6248576e-05
85090,2.6248576e-05
85091,2.6248576e-05
85092,2.6248576e-05
85093,2.6248576e-05
85094,2.6248576e-05
85095,2.6248576e-05
85096,2.6248576e-05
85097,2.6248576e-05
85098,2.6248576e-05
85099,2.6248576e-05
85100,2.6248576e-05
85101,2.6248576e-05
85102,2.6248576e-05
85103,2.6248576e-05
85104,2.6248576e-05
85105,2.6248576e-05
85106,2.6248576e-05
85107,2.6248576e-05
85108,2.6248576e-05
85109,2.6248576e-05
85110,2.6248576e-05
85111,2.6248576e-05
85112,2.6248576e-05
85113,2.6248576e-05
85114,2.6248576e-05
85115,2.6248576e-05
85116,2.6248576e-05
85117,2.6248576e-05
85118,2.6248576e-05
85119,2.6248576e-05
85120,2.6248576e-05
85121,2.6248576e-05
85122,2.6248576e-05
85123,2.6248576e-05
85124,2.6248576e-05
85125,2.6248576e-05
85126,2.6248576e-05
85127,2.6248576e-05
85128,2.6248576e-05
85129,2.6248576e-05
85130,2.6248576e-05
85131,2.6248576e-05
85132,2.6248576e-05
85133,2.6248576e-05
85134,2.6248576e-05
85135,2.6248576e-05
85136,2.6248576e-05
85137,2.6248576e-05
85138,2.6248576e-05
85139,2.6248576e-05
85140,2.6248576e-05
85141,2.6248576e-05
85142,2.6248576e-05
85143,2.6248576e-05
85144,2.6248576e-05
85145,2.6248576e-05
85146,2.6248576e-05
85147,2.6248576e-05
85148,2.6248576e-05
85149,2.6248576e-05
85150,2.6248576e-05
85151,2.6248576e-05
85152,2.6248576e-05
85153,2.6248576e-05
85154,2.6248576e-05
85155,2.6248576e-05
85156,2.6248576e-05
85157,2.6248576e-05
85158,2.6248576e-05
85159,2.6248576e-05
85160,2.6248576e-05
85161,2.6248576e-05
85162,2.6248576e-05
85163,2.6248576e-05
85164,2.6248576e-05
85165,2.6248576e-05
85166,2.6248576e-05
85167,2.6248576e-05
85168,2.6248576e-05
85169,2.6248576e-05
85170,2.6248576e-05
85171,2.6248576e-05
85172,2.6248576e-05
85173,2.6248576e-05
85174,2.6248576e-05
85175,2.6248576e-05
85176,2.6248576e-05
85177,2.6248576e-05
85178,2.6248576e-05
85179,2.6248576e-05
85180,2.6248576e-05
85181,2.6248576e-05
85182,2.6248576e-05
85183,2.6248576e-05
85184,2.6248576e-05
85185,2.6248576e-05
85186,2.6248576e-05
85187,2.6248576e-05
85188,2.6248576e-05
85189,2.6248576e-05
85190,2.6248576e-05
85191,2.6248576e-05
85192,2.6248576e-05
85193,2.6248576e-05
85194,2.6248576e-05
85195,2.6248576e-05
85196,2.6248576e-05
85197,2.6248576e-05
85198,2.6248576e-05
85199,2.6248576e-05
85200,2.6248576e-05
85201,2.6248576e-05
85202,2.6248576e-05
85203,2.6248576e-05
85204,2.6248576e-05
85205,2.6248576e-05
85206,2.6248576e-05
85207,2.6248576e-05
85208,2.6248576e-05
85209,2.6248576e-05
85210,2.6248576e-05
85211,2.6248576e-05
85212,2.6248576e-05
85213,2.6248576e-05
85214,2.6248576e-05
85215,2.6248576e-05
85216,2.6248576e-05
85217,2.6248576e-05
85218,2.6248576e-05
85219,2.6248576e-05
85220,2.6248576e-05
85221,2.6248576e-05
85222,2.6248576e-05
85223,2.6248576e-05
85224,2.6248576e-05
85225,2.6248576e-05
85226,2.6248576e-05
85227,2.6248576e-05
85228,2.6248576e-05
85229,2.6248576e-05
85230,2.6248576e-05
85231,2.6248576e-05
85232,2.6248576e-05
85233,2.6248576e-05
85234,2.6248576e-05
85235,2.6248576e-05
85236,2.6248576e-05
85237,2.6248576e-05
85238,2.6248576e-05
85239,2.6248576e-05
85240,2.6248576e-05
85241,2.6248576e-05
85242,2.6248576e-05
85243,2.6248576e-05
85244,2.6248576e-05
85245,2.6248576e-05
85246,2.6248576e-05
85247,2.6248576e-05
85248,2.6248576e-05
85249,2.6248576e-05
85250,2.6248576e-05
85251,2.6248576e-05
85252,2.6248576e-05
85253,2.6248576e-05
85254,2.6248576e-05
85255,2.6248576e-05
85256,2.6248576e-05
85257,2.6248576e-05
85258,2.6248576e-05
85259,2.6248576e-05
85260,2.6248576e-05
85261,2.6248576e-05
85262,2.6248576e-05
85263,2.6248576e-05
85264,2.6248576e-05
85265,2.6248576e-05
85266,2.6248576e-05
85267,2.6248576e-05
85268,2.6248576e-05
85269,2.6248576e-05
85270,2.6248576e-05
85271,2.6248576e-05
85272,2.6248576e-05
85273,2.6248576e-05
85274,2.6248576e-05
85275,2.6248576e-05
85276,2.6248576e-05
85277,2.6248576e-05
85278,2.6248576e-05
85279,2.6248576e-05
85280,2.6248576e-05
85281,2.6248576e-05
85282,2.6248576e-05
85283,2.6248576e-05
85284,2.6248576e-05
85285,2.6248576e-05
85286,2.6248576e-05
85287,2.6248576e-05
85288,2.6248576e-05
85289,2.6248576e-05
85290,2.6248576e-05
85291,2.6248576e-05
85292,2.6248576e-05
85293,2.6248576e-05
85294,2.6248576e-05
85295,2.6248576e-05
85296,2.6248576e-05
85297,2.6248576e-05
85298,2.6248576e-05
85299,2.6248576e-05
85300,2.6248576e-05
85301,2.6248576e-05
85302,2.6248576e-05
85303,2.6248576e-05
85304,2.6248576e-05
85305,2.6248576e-05
85306,2.6248576e-05
85307,2.6248576e-05
85308,2.6248576e-05
85309,2.6248576e-05
85310,2.6248576e-05
85311,2.6248576e-05
85312,2.6248576e-05
85313,2.6248576e-05
85314,2.6248576e-05
85315,2.6248576e-05
85316,2.6248576e-05
85317,2.6248576e-05
85318,2.6248576e-05
85319,2.6248576e-05
85320,2.6248576e-05
85321,2.6248576e-05
85322,2.6248576e-05
85323,2.6248576e-05
85324,2.6248576e-05
85325,2.6248576e-05
85326,2.6248576e-05
85327,2.6248576e-05
85328,2.6248576e-05
85329,2.6248576e-05
85330,2.6248576e-05
85331,2.6248576e-05
85332,2.6248576e-05
85333,2.6248576e-05
85334,2.6248576e-05
85335,2.6248576e-05
85336,2.6248576e-05
85337,2.6248576e-05
85338,2.6248576e-05
85339,2.6248576e-05
85340,2.6248576e-05
85341,2.6248576e-05
85342,2.6248576e-05
85343,2.6248576e-05
85344,2.6248576e-05
85345,2.6248576e-05
85346,2.6248576e-05
85347,2.6248576e-05
85348,2.6248576e-05
85349,2.6248576e-05
85350,2.6248576e-05
85351,2.6248576e-05
85352,2.6248576e-05
85353,2.6248576e-05
85354,2.6248576e-05
85355,2.6248576e-05
85356,2.6248576e-05
85357,2.6248576e-05
85358,2.6248576e-05
85359,2.6248576e-05
85360,2.6248576e-05
85361,2.6248576e-05
85362,2.6248576e-05
85363,2.6248576e-05
85364,2.6248576e-05
85365,2.6248576e-05
85366,2.6248576e-05
85367,2.6248576e-05
85368,2.6248576e-05
85369,2.6248576e-05
85370,2.6248576e-05
85371,2.6248576e-05
85372,2.6248576e-05
85373,2.6248576e-05
85374,2.6248576e-05
85375,2.6248576e-05
85376,2.6248576e-05
85377,2.6248576e-05
85378,2.6248576e-05
85379,2.6248576e-05
85380,2.6248576e-05
85381,2.6248576e-05
85382,2.6248576e-05
85383,2.6248576e-05
85384,2.6248576e-05
85385,2.6248576e-05
85386,2.6248576e-05
85387,2.6248576e-05
85388,2.6248576e-05
85389,2.6248576e-05
85390,2.6248576e-05
85391,2.6248576e-05
85392,2.6248576e-05
85393,2.6248576e-05
85394,2.6248576e-05
85395,2.6248576e-05
85396,2.6248576e-05
85397,2.6248576e-05
85398,2.6248576e-05
85399,2.6248576e-05
85400,2.6248576e-05
85401,2.6248576e-05
85402,2.6248576e-05
85403,2.6248576e-05
85404,2.6248576e-05
85405,2.6248576e-05
85406,2.6248576e-05
85407,2.6248576e-05
85408,2.6248576e-05
85409,2.6248576e-05
85410,2.6248576e-05
85411,2.6248576e-05
85412,2.6248576e-05
85413,2.6248576e-05
85414,2.6248576e-05
85415,2.6248576e-05
85416,2.6248576e-05
85417,2.6248576e-05
85418,2.6248576e-05
85419,2.6248576e-05
85420,2.6248576e-05
85421,2.6248576e-05
85422,2.6248576e-05
85423,2.6248576e-05
85424,2.6248576e-05
85425,2.6248576e-05
85426,2.6248576e-05
85427,2.6248576e-05
85428,2.6248576e-05
85429,2.6248576e-05
85430,2.6248576e-05
85431,2.6248576e-05
85432,2.6248576e-05
85433,2.6248576e-05
85434,2.6248576e-05
85435,2.6248576e-05
85436,2.6248576e-05
85437,2.6248576e-05
85438,2.6248576e-05
85439,2.6248576e-05
85440,2.6248576e-05
85441,2.6248576e-05
85442,2.6248576e-05
85443,2.6248576e-05
85444,2.6248576e-05
85445,2.6248576e-05
85446,2.6248576e-05
85447,2.6248576e-05
85448,2.6248576e-05
85449,2.6248576e-05
85450,2.6248576e-05
85451,2.6248576e-05
85452,2.6248576e-05
85453,2.6248576e-05
85454,2.6248576e-05
85455,2.6248576e-05
85456,2.6248576e-05
85457,2.6248576e-05
85458,2.6248576e-05
85459,2.6248576e-05
85460,2.6248576e-05
85461,2.6248576e-05
85462,2.6248576e-05
85463,2.6248576e-05
85464,2.6248576e-05
85465,2.6248576e-05
85466,2.6248576e-05
85467,2.6248576e-05
85468,2.6248576e-05
85469,2.6248576e-05
85470,2.6248576e-05
85471,2.6248576e-05
85472,2.6248576e-05
85473,2.6248576e-05
85474,2.6248576e-05
85475,2.6248576e-05
85476,2.6248576e-05
85477,2.6248576e-05
85478,2.6248576e-05
85479,2.6248576e-05
85480,2.6248576e-05
85481,2.6248576e-05
85482,2.6248576e-05
85483,2.6248576e-05
85484,2.6248576e-05
85485,2.6248576e-05
85486,2.6248576e-05
85487,2.6248576e-05
85488,2.6248576e-05
85489,2.6248576e-05
85490,2.6248576e-05
85491,2.6248576e-05
85492,2.6248576e-05
85493,2.6248576e-05
85494,2.6248576e-05
85495,2.6248576e-05
85496,2.6248576e-05
85497,2.6248576e-05
85498,2.6248576e-05
85499,2.6248576e-05
85500,2.6248576e-05
85501,2.6248576e-05
85502,2.6248576e-05
85503,2.6248576e-05
85504,2.6248576e-05
85505,2.6248576e-05
85506,2.6248576e-05
85507,2.6248576e-05
85508,2.6248576e-05
85509,2.6248576e-05
85510,2.6248576e-05
85511,2.6248576e-05
85512,2.6248576e-05
85513,2.6248576e-05
85514,2.6248576e-05
85515,2.6248576e-05
85516,2.6248576e-05
85517,2.6248576e-05
85518,2.6248576e-05
85519,2.6248576e-05
85520,2.6248576e-05
85521,2.6248576e-05
85522,2.6248576e-05
85523,2.6248576e-05
85524,2.6248576e-05
85525,2.6248576e-05
85526,2.6248576e-05
85527,2.6248576e-05
85528,2.6248576e-05
85529,2.6248576e-05
85530,2.6248576e-05
85531,2.6248576e-05
85532,2.6248576e-05
85533,2.6248576e-05
85534,2.6248576e-05
85535,2.6248576e-05
85536,2.6248576e-05
85537,2.6248576e-05
85538,2.6248576e-05
85539,2.6248576e-05
85540,2.6248576e-05
85541,2.6248576e-05
85542,2.6248576e-05
85543,2.6248576e-05
85544,2.6248576e-05
85545,2.6248576e-05
85546,2.6248576e-05
85547,2.6248576e-05
85548,2.6248576e-05
85549,2.6248576e-05
85550,2.6248576e-05
85551,2.6248576e-05
85552,2.6248576e-05
85553,2.6248576e-05
85554,2.6248576e-05
85555,2.6248576e-05
85556,2.6248576e-05
85557,2.6248576e-05
85558,2.6248576e-05
85559,2.6248576e-05
85560,2.6248576e-05
85561,2.6248576e-05
85562,2.6248576e-05
85563,2.6248576e-05
85564,2.6248576e-05
85565,2.6248576e-05
85566,2.6248576e-05
85567,2.6248576e-05
85568,2.6248576e-05
85569,2.6248576e-05
85570,2.6248576e-05
85571,2.6248576e-05
85572,2.6248576e-05
85573,2.6248576e-05
85574,2.6248576e-05
85575,2.6248576e-05
85576,2.6248576e-05
85577,2.6248576e-05
85578,2.6248576e-05
85579,2.6248576e-05
85580,2.6248576e-05
85581,2.6248576e-05
85582,2.6248576e-05
85583,2.6248576e-05
85584,2.6248576e-05
85585,2.6248576e-05
85586,2.6248576e-05
85587,2.6248576e-05
85588,2.6248576e-05
85589,2.6248576e-05
85590,2.6248576e-05
85591,2.6248576e-05
85592,2.6248576e-05
85593,2.6248576e-05
85594,2.6248576e-05
85595,2.6248576e-05
85596,2.6248576e-05
85597,2.6248576e-05
85598,2.6248576e-05
85599,2.6248576e-05
85600,2.6248576e-05
85601,2.6248576e-05
85602,2.6248576e-05
85603,2.6248576e-05
85604,2.6248576e-05
85605,2.6248576e-05
85606,2.6248576e-05
85607,2.6248576e-05
85608,2.6248576e-05
85609,2.6248576e-05
85610,2.6248576e-05
85611,2.6248576e-05
85612,2.6248576e-05
85613,2.6248576e-05
85614,2.6248576e-05
85615,2.6248576e-05
85616,2.6248576e-05
85617,2.6248576e-05
85618,2.6248576e-05
85619,2.6248576e-05
85620,2.6248576e-05
85621,2.6248576e-05
85622,2.6248576e-05
85623,2.6248576e-05
85624,2.6248576e-05
85625,2.6248576e-05
85626,2.6248576e-05
85627,2.6248576e-05
85628,2.6248576e-05
85629,2.6248576e-05
85630,2.6248576e-05
85631,2.6248576e-05
85632,2.6248576e-05
85633,2.6248576e-05
85634,2.6248576e-05
85635,2.6248576e-05
85636,2.6248576e-05
85637,2.6248576e-05
85638,2.6248576e-05
85639,2.6248576e-05
85640,2.6248576e-05
85641,2.6248576e-05
85642,2.6248576e-05
85643,2.6248576e-05
85644,2.6248576e-05
85645,2.6248576e-05
85646,2.6248576e-05
85647,2.6248576e-05
85648,2.6248576e-05
85649,2.6248576e-05
85650,2.6248576e-05
85651,2.6248576e-05
85652,2.6248576e-05
85653,2.6248576e-05
85654,2.6248576e-05
85655,2.6248576e-05
85656,2.6248576e-05
85657,2.6248576e-05
85658,2.6248576e-05
85659,2.6248576e-05
85660,2.6248576e-05
85661,2.6248576e-05
85662,2.6248576e-05
85663,2.6248576e-05
85664,2.6248576e-05
85665,2.6248576e-05
85666,2.6248576e-05
85667,2.6248576e-05
85668,2.6248576e-05
85669,2.6248576e-05
85670,2.6248576e-05
85671,2.6248576e-05
85672,2.6248576e-05
85673,2.6248576e-05
85674,2.6248576e-05
85675,2.6248576e-05
85676,2.6248576e-05
85677,2.6248576e-05
85678,2.6248576e-05
85679,2.6248576e-05
85680,2.6248576e-05
85681,2.6248576e-05
85682,2.6248576e-05
85683,2.6248576e-05
85684,2.6248576e-05
85685,2.6248576e-05
85686,2.6248576e-05
85687,2.6248576e-05
85688,2.6248576e-05
85689,2.6248576e-05
85690,2.6248576e-05
85691,2.6248576e-05
85692,2.6248576e-05
85693,2.6248576e-05
85694,2.6248576e-05
85695,2.6248576e-05
85696,2.6248576e-05
85697,2.6248576e-05
85698,2.6248576e-05
85699,2.6248576e-05
85700,2.6248576e-05
85701,2.6248576e-05
85702,2.6248576e-05
85703,2.6248576e-05
85704,2.6248576e-05
85705,2.6248576e-05
85706,2.6248576e-05
85707,2.6248576e-05
85708,2.6248576e-05
85709,2.6248576e-05
85710,2.6248576e-05
85711,2.6248576e-05
85712,2.6248576e-05
85713,2.6248576e-05
85714,2.6248576e-05
85715,2.6248576e-05
85716,2.6248576e-05
85717,2.6248576e-05
85718,2.6248576e-05
85719,2.6248576e-05
85720,2.6248576e-05
85721,2.6248576e-05
85722,2.6248576e-05
85723,2.6248576e-05
85724,2.6248576e-05
85725,2.6248576e-05
85726,2.6248576e-05
85727,2.6248576e-05
85728,2.6248576e-05
85729,2.6248576e-05
85730,2.6248576e-05
85731,2.6248576e-05
85732,2.6248576e-05
85733,2.6248576e-05
85734,2.6248576e-05
85735,2.6248576e-05
85736,2.6248576e-05
85737,2.6248576e-05
85738,2.6248576e-05
85739,2.6248576e-05
85740,2.6248576e-05
85741,2.6248576e-05
85742,2.6248576e-05
85743,2.6248576e-05
85744,2.6248576e-05
85745,2.6248576e-05
85746,2.6248576e-05
85747,2.6248576e-05
85748,2.6248576e-05
85749,2.6248576e-05
85750,2.6248576e-05
85751,2.6248576e-05
85752,2.6248576e-05
85753,2.6248576e-05
85754,2.6248576e-05
85755,2.6248576e-05
85756,2.6248576e-05
85757,2.6248576e-05
85758,2.6248576e-05
85759,2.6248576e-05
85760,2.6248576e-05
85761,2.6248576e-05
85762,2.6248576e-05
85763,2.6248576e-05
85764,2.6248576e-05
85765,2.6248576e-05
85766,2.6248576e-05
85767,2.6248576e-05
85768,2.6248576e-05
85769,2.6248576e-05
85770,2.6248576e-05
85771,2.6248576e-05
85772,2.6248576e-05
85773,2.6248576e-05
85774,2.6248576e-05
85775,2.6248576e-05
85776,2.6248576e-05
85777,2.6248576e-05
85778,2.6248576e-05
85779,2.6248576e-05
85780,2.6248576e-05
85781,2.6248576e-05
85782,2.6248576e-05
85783,2.6248576e-05
85784,2.6248576e-05
85785,2.6248576e-05
85786,2.6248576e-05
85787,2.6248576e-05
85788,2.6248576e-05
85789,2.6248576e-05
85790,2.6248576e-05
85791,2.6248576e-05
85792,2.6248576e-05
85793,2.6248576e-05
85794,2.6248576e-05
85795,2.6248576e-05
85796,2.6248576e-05
85797,2.6248576e-05
85798,2.6248576e-05
85799,2.6248576e-05
85800,2.6248576e-05
85801,2.6248576e-05
85802,2.6248576e-05
85803,2.6248576e-05
85804,2.6248576e-05
85805,2.6248576e-05
85806,2.6248576e-05
85807,2.6248576e-05
85808,2.6248576e-05
85809,2.6248576e-05
85810,2.6248576e-05
85811,2.6248576e-05
85812,2.6248576e-05
85813,2.6248576e-05
85814,2.6248576e-05
85815,2.6248576e-05
85816,2.6248576e-05
85817,2.6248576e-05
85818,2.6248576e-05
85819,2.6248576e-05
85820,2.6248576e-05
85821,2.6248576e-05
85822,2.6248576e-05
85823,2.6248576e-05
85824,2.6248576e-05
85825,2.6248576e-05
85826,2.6248576e-05
85827,2.6248576e-05
85828,2.6248576e-05
85829,2.6248576e-05
85830,2.6248576e-05
85831,2.6248576e-05
85832,2.6248576e-05
85833,2.6248576e-05
85834,2.6248576e-05
85835,2.6248576e-05
85836,2.6248576e-05
85837,2.6248576e-05
85838,2.6248576e-05
85839,2.6248576e-05
85840,2.6248576e-05
85841,2.6248576e-05
85842,2.6248576e-05
85843,2.6248576e-05
85844,2.6248576e-05
85845,2.6248576e-05
85846,2.6248576e-05
85847,2.6248576e-05
85848,2.6248576e-05
85849,2.6248576e-05
85850,2.6248576e-05
85851,2.6248576e-05
85852,2.6248576e-05
85853,2.6248576e-05
85854,2.6248576e-05
85855,2.6248576e-05
85856,2.6248576e-05
85857,2.6248576e-05
85858,2.6248576e-05
85859,2.6248576e-05
85860,2.6248576e-05
85861,2.6248576e-05
85862,2.6248576e-05
85863,2.6248576e-05
85864,2.6248576e-05
85865,2.6248576e-05
85866,2.6248576e-05
85867,2.6248576e-05
85868,2.6248576e-05
85869,2.6248576e-05
85870,2.6248576e-05
85871,2.6248576e-05
85872,2.6248576e-05
85873,2.6248576e-05
85874,2.6248576e-05
85875,2.6248576e-05
85876,2.6248576e-05
85877,2.6248576e-05
85878,2.6248576e-05
85879,2.6248576e-05
85880,2.6248576e-05
85881,2.6248576e-05
85882,2.6248576e-05
85883,2.6248576e-05
85884,2.6248576e-05
85885,2.6248576e-05
85886,2.6248576e-05
85887,2.6248576e-05
85888,2.6248576e-05
85889,2.6248576e-05
85890,2.6248576e-05
85891,2.6248576e-05
85892,2.6248576e-05
85893,2.6248576e-05
85894,2.6248576e-05
85895,2.6248576e-05
85896,2.6248576e-05
85897,2.6248576e-05
85898,2.6248576e-05
85899,2.6248576e-05
85900,2.6248576e-05
85901,2.6248576e-05
85902,2.6248576e-05
85903,2.6248576e-05
85904,2.6248576e-05
85905,2.6248576e-05
85906,2.6248576e-05
85907,2.6248576e-05
85908,2.6248576e-05
85909,2.6248576e-05
85910,2.6248576e-05
85911,2.6248576e-05
85912,2.6248576e-05
85913,2.6248576e-05
85914,2.6248576e-05
85915,2.6248576e-05
85916,2.6248576e-05
85917,2.6248576e-05
85918,2.6248576e-05
85919,2.6248576e-05
85920,2.6248576e-05
85921,2.6248576e-05
85922,2.6248576e-05
85923,2.6248576e-05
85924,2.6248576e-05
85925,2.6248576e-05
85926,2.6248576e-05
85927,2.6248576e-05
85928,2.6248576e-05
85929,2.6248576e-05
85930,2.6248576e-05
85931,2.6248576e-05
85932,2.6248576e-05
85933,2.6248576e-05
85934,2.6248576e-05
85935,2.6248576e-05
85936,2.6248576e-05
85937,2.6248576e-05
85938,2.6248576e-05
85939,2.6248576e-05
85940,2.6248576e-05
85941,2.6248576e-05
85942,2.6248576e-05
85943,2.6248576e-05
85944,2.6248576e-05
85945,2.6248576e-05
85946,2.6248576e-05
85947,2.6248576e-05
85948,2.6248576e-05
85949,2.6248576e-05
85950,2.6248576e-05
85951,2.6248576e-05
85952,2.6248576e-05
85953,2.6248576e-05
85954,2.6248576e-05
85955,2.6248576e-05
85956,2.6248576e-05
85957,2.6248576e-05
85958,2.6248576e-05
85959,2.6248576e-05
85960,2.6248576e-05
85961,2.6248576e-05
85962,2.6248576e-05
85963,2.6248576e-05
85964,2.6248576e-05
85965,2.6248576e-05
85966,2.6248576e-05
85967,2.6248576e-05
85968,2.6248576e-05
85969,2.6248576e-05
85970,2.6248576e-05
85971,2.6248576e-05
85972,2.6248576e-05
85973,2.6248576e-05
85974,2.6248576e-05
85975,2.6248576e-05
85976,2.6248576e-05
85977,2.6248576e-05
85978,2.6248576e-05
85979,2.6248576e-05
85980,2.6248576e-05
85981,2.6248576e-05
85982,2.6248576e-05
85983,2.6248576e-05
85984,2.6248576e-05
85985,2.6248576e-05
85986,2.6248576e-05
85987,2.6248576e-05
85988,2.6248576e-05
85989,2.6248576e-05
85990,2.6248576e-05
85991,2.6248576e-05
85992,2.6248576e-05
85993,2.6248576e-05
85994,2.6248576e-05
85995,2.6248576e-05
85996,2.6248576e-05
85997,2.6248576e-05
85998,2.6248576e-05
85999,2.6248576e-05
86000,2.6248576e-05
86001,2.6248576e-05
86002,2.6248576e-05
86003,2.6248576e-05
86004,2.6248576e-05
86005,2.6248576e-05
86006,2.6248576e-05
86007,2.6248576e-05
86008,2.6248576e-05
86009,2.6248576e-05
86010,2.6248576e-05
86011,2.6248576e-05
86012,2.6248576e-05
86013,2.6248576e-05
86014,2.6248576e-05
86015,2.6248576e-05
86016,2.6248576e-05
86017,2.6248576e-05
86018,2.6248576e-05
86019,2.6248576e-05
86020,2.6248576e-05
86021,2.6248576e-05
86022,2.6248576e-05
86023,2.6248576e-05
86024,2.6248576e-05
86025,2.6248576e-05
86026,2.6248576e-05
86027,2.6248576e-05
86028,2.6248576e-05
86029,2.6248576e-05
86030,2.6248576e-05
86031,2.6248576e-05
86032,2.6248576e-05
86033,2.6248576e-05
86034,2.6248576e-05
86035,2.6248576e-05
86036,2.6248576e-05
86037,2.6248576e-05
86038,2.6248576e-05
86039,2.6248576e-05
86040,2.6248576e-05
86041,2.6248576e-05
86042,2.6248576e-05
86043,2.6248576e-05
86044,2.6248576e-05
86045,2.6248576e-05
86046,2.6248576e-05
86047,2.6248576e-05
86048,2.6248576e-05
86049,2.6248576e-05
86050,2.6248576e-05
86051,2.6248576e-05
86052,2.6248576e-05
86053,2.6248576e-05
86054,2.6248576e-05
86055,2.6248576e-05
86056,2.6248576e-05
86057,2.6248576e-05
86058,2.6248576e-05
86059,2.6248576e-05
86060,2.6248576e-05
86061,2.6248576e-05
86062,2.6248576e-05
86063,2.6248576e-05
86064,2.6248576e-05
86065,2.6248576e-05
86066,2.6248576e-05
86067,2.6248576e-05
86068,2.6248576e-05
86069,2.6248576e-05
86070,2.6248576e-05
86071,2.6248576e-05
86072,2.6248576e-05
86073,2.6248576e-05
86074,2.6248576e-05
86075,2.6248576e-05
86076,2.6248576e-05
86077,2.6248576e-05
86078,2.6248576e-05
86079,2.6248576e-05
86080,2.6248576e-05
86081,2.6248576e-05
86082,2.6248576e-05
86083,2.6248576e-05
86084,2.6248576e-05
86085,2.6248576e-05
86086,2.6248576e-05
86087,2.6248576e-05
86088,2.6248576e-05
86089,2.6248576e-05
86090,2.6248576e-05
86091,2.6248576e-05
86092,2.6248576e-05
86093,2.6248576e-05
86094,2.6248576e-05
86095,2.6248576e-05
86096,2.6248576e-05
86097,2.6248576e-05
86098,2.6248576e-05
86099,2.6248576e-05
86100,2.6248576e-05
86101,2.6248576e-05
86102,2.6248576e-05
86103,2.6248576e-05
86104,2.6248576e-05
86105,2.6248576e-05
86106,2.6248576e-05
86107,2.6248576e-05
86108,2.6248576e-05
86109,2.6248576e-05
86110,2.6248576e-05
86111,2.6248576e-05
86112,2.6248576e-05
86113,2.6248576e-05
86114,2.6248576e-05
86115,2.6248576e-05
86116,2.6248576e-05
86117,2.6248576e-05
86118,2.6248576e-05
86119,2.6248576e-05
86120,2.6248576e-05
86121,2.6248576e-05
86122,2.6248576e-05
86123,2.6248576e-05
86124,2.6248576e-05
86125,2.6248576e-05
86126,2.6248576e-05
86127,2.6248576e-05
86128,2.6248576e-05
86129,2.6248576e-05
86130,2.6248576e-05
86131,2.6248576e-05
86132,2.6248576e-05
86133,2.6248576e-05
86134,2.6248576e-05
86135,2.6248576e-05
86136,2.6248576e-05
86137,2.6248576e-05
86138,2.6248576e-05
86139,2.6248576e-05
86140,2.6248576e-05
86141,2.6248576e-05
86142,2.6248576e-05
86143,2.6248576e-05
86144,2.6248576e-05
86145,2.6248576e-05
86146,2.6248576e-05
86147,2.6248576e-05
86148,2.6248576e-05
86149,2.6248576e-05
86150,2.6248576e-05
86151,2.6248576e-05
86152,2.6248576e-05
86153,2.6248576e-05
86154,2.6248576e-05
86155,2.6248576e-05
86156,2.6248576e-05
86157,2.6248576e-05
86158,2.6248576e-05
86159,2.6248576e-05
86160,2.6248576e-05
86161,2.6248576e-05
86162,2.6248576e-05
86163,2.6248576e-05
86164,2.6248576e-05
86165,2.6248576e-05
86166,2.6248576e-05
86167,2.6248576e-05
86168,2.6248576e-05
86169,2.6248576e-05
86170,2.6248576e-05
86171,2.6248576e-05
86172,2.6248576e-05
86173,2.6248576e-05
86174,2.6248576e-05
86175,2.6248576e-05
86176,2.6248576e-05
86177,2.6248576e-05
86178,2.6248576e-05
86179,2.6248576e-05
86180,2.6248576e-05
86181,2.6248576e-05
86182,2.6248576e-05
86183,2.6248576e-05
86184,2.6248576e-05
86185,2.6248576e-05
86186,2.6248576e-05
86187,2.6248576e-05
86188,2.6248576e-05
86189,2.6248576e-05
86190,2.6248576e-05
86191,2.6248576e-05
86192,2.6248576e-05
86193,2.6248576e-05
86194,2.6248576e-05
86195,2.6248576e-05
86196,2.6248576e-05
86197,2.6248576e-05
86198,2.6248576e-05
86199,2.6248576e-05
86200,2.6248576e-05
86201,2.6248576e-05
86202,2.6248576e-05
86203,2.6248576e-05
86204,2.6248576e-05
86205,2.6248576e-05
86206,2.6248576e-05
86207,2.6248576e-05
86208,2.6248576e-05
86209,2.6248576e-05
86210,2.6248576e-05
86211,2.6248576e-05
86212,2.6248576e-05
86213,2.6248576e-05
86214,2.6248576e-05
86215,2.6248576e-05
86216,2.6248576e-05
86217,2.6248576e-05
86218,2.6248576e-05
86219,2.6248576e-05
86220,2.6248576e-05
86221,2.6248576e-05
86222,2.6248576e-05
86223,2.6248576e-05
86224,2.6248576e-05
86225,2.6248576e-05
86226,2.6248576e-05
86227,2.6248576e-05
86228,2.6248576e-05
86229,2.6248576e-05
86230,2.6248576e-05
86231,2.6248576e-05
86232,2.6248576e-05
86233,2.6248576e-05
86234,2.6248576e-05
86235,2.6248576e-05
86236,2.6248576e-05
86237,2.6248576e-05
86238,2.6248576e-05
86239,2.6248576e-05
86240,2.6248576e-05
86241,2.6248576e-05
86242,2.6248576e-05
86243,2.6248576e-05
86244,2.6248576e-05
86245,2.6248576e-05
86246,2.6248576e-05
86247,2.6248576e-05
86248,2.6248576e-05
86249,2.6248576e-05
86250,2.6248576e-05
86251,2.6248576e-05
86252,2.6248576e-05
86253,2.6248576e-05
86254,2.6248576e-05
86255,2.6248576e-05
86256,2.6248576e-05
86257,2.6248576e-05
86258,2.6248576e-05
86259,2.6248576e-05
86260,2.6248576e-05
86261,2.6248576e-05
86262,2.6248576e-05
86263,2.6248576e-05
86264,2.6248576e-05
86265,2.6248576e-05
86266,2.6248576e-05
86267,2.6248576e-05
86268,2.6248576e-05
86269,2.6248576e-05
86270,2.6248576e-05
86271,2.6248576e-05
86272,2.6248576e-05
86273,2.6248576e-05
86274,2.6248576e-05
86275,2.6248576e-05
86276,2.6248576e-05
86277,2.6248576e-05
86278,2.6248576e-05
86279,2.6248576e-05
86280,2.6248576e-05
86281,2.6248576e-05
86282,2.6248576e-05
86283,2.6248576e-05
86284,2.6248576e-05
86285,2.6248576e-05
86286,2.6248576e-05
86287,2.6248576e-05
86288,2.6248576e-05
86289,2.6248576e-05
86290,2.6248576e-05
86291,2.6248576e-05
86292,2.6248576e-05
86293,2.6248576e-05
86294,2.6248576e-05
86295,2.6248576e-05
86296,2.6248576e-05
86297,2.6248576e-05
86298,2.6248576e-05
86299,2.6248576e-05
86300,2.6248576e-05
86301,2.6248576e-05
86302,2.6248576e-05
86303,2.6248576e-05
86304,2.6248576e-05
86305,2.6248576e-05
86306,2.6248576e-05
86307,2.6248576e-05
86308,2.6248576e-05
86309,2.6248576e-05
86310,2.6248576e-05
86311,2.6248576e-05
86312,2.6248576e-05
86313,2.6248576e-05
86314,2.6248576e-05
86315,2.6248576e-05
86316,2.6248576e-05
86317,2.6248576e-05
86318,2.6248576e-05
86319,2.6248576e-05
86320,2.6248576e-05
86321,2.6248576e-05
86322,2.6248576e-05
86323,2.6248576e-05
86324,2.6248576e-05
86325,2.6248576e-05
86326,2.6248576e-05
86327,2.6248576e-05
86328,2.6248576e-05
86329,2.6248576e-05
86330,2.6248576e-05
86331,2.6248576e-05
86332,2.6248576e-05
86333,2.6248576e-05
86334,2.6248576e-05
86335,2.6248576e-05
86336,2.6248576e-05
86337,2.6248576e-05
86338,2.6248576e-05
86339,2.6248576e-05
86340,2.6248576e-05
86341,2.6248576e-05
86342,2.6248576e-05
86343,2.6248576e-05
86344,2.6248576e-05
86345,2.6248576e-05
86346,2.6248576e-05
86347,2.6248576e-05
86348,2.6248576e-05
86349,2.6248576e-05
86350,2.6248576e-05
86351,2.6248576e-05
86352,2.6248576e-05
86353,2.6248576e-05
86354,2.6248576e-05
86355,2.6248576e-05
86356,2.6248576e-05
86357,2.6248576e-05
86358,2.6248576e-05
86359,2.6248576e-05
86360,2.6248576e-05
86361,2.6248576e-05
86362,2.6248576e-05
86363,2.6248576e-05
86364,2.6248576e-05
86365,2.6248576e-05
86366,2.6248576e-05
86367,2.6248576e-05
86368,2.6248576e-05
86369,2.6248576e-05
86370,2.6248576e-05
86371,2.6248576e-05
86372,2.6248576e-05
86373,2.6248576e-05
86374,2.6248576e-05
86375,2.6248576e-05
86376,2.6248576e-05
86377,2.6248576e-05
86378,2.6248576e-05
86379,2.6248576e-05
86380,2.6248576e-05
86381,2.6248576e-05
86382,2.6248576e-05
86383,2.6248576e-05
86384,2.6248576e-05
86385,2.6248576e-05
86386,2.6248576e-05
86387,2.6248576e-05
86388,2.6248576e-05
86389,2.6248576e-05
86390,2.6248576e-05
86391,2.6248576e-05
86392,2.6248576e-05
86393,2.6248576e-05
86394,2.6248576e-05
86395,2.6248576e-05
86396,2.6248576e-05
86397,2.6248576e-05
86398,2.6248576e-05
86399,2.6248576e-05
86400,2.6248576e-05
86401,2.6248576e-05
86402,2.6248576e-05
86403,2.6248576e-05
86404,2.6248576e-05
86405,2.6248576e-05
86406,2.6248576e-05
86407,2.6248576e-05
86408,2.6248576e-05
86409,2.6248576e-05
86410,2.6248576e-05
86411,2.6248576e-05
86412,2.6248576e-05
86413,2.6248576e-05
86414,2.6248576e-05
86415,2.6248576e-05
86416,2.6248576e-05
86417,2.6248576e-05
86418,2.6248576e-05
86419,2.6248576e-05
86420,2.6248576e-05
86421,2.6248576e-05
86422,2.6248576e-05
86423,2.6248576e-05
86424,2.6248576e-05
86425,2.6248576e-05
86426,2.6248576e-05
86427,2.6248576e-05
86428,2.6248576e-05
86429,2.6248576e-05
86430,2.6248576e-05
86431,2.6248576e-05
86432,2.6248576e-05
86433,2.6248576e-05
86434,2.6248576e-05
86435,2.6248576e-05
86436,2.6248576e-05
86437,2.6248576e-05
86438,2.6248576e-05
86439,2.6248576e-05
86440,2.6248576e-05
86441,2.6248576e-05
86442,2.6248576e-05
86443,2.6248576e-05
86444,2.6248576e-05
86445,2.6248576e-05
86446,2.6248576e-05
86447,2.6248576e-05
86448,2.6248576e-05
86449,2.6248576e-05
86450,2.6248576e-05
86451,2.6248576e-05
86452,2.6248576e-05
86453,2.6248576e-05
86454,2.6248576e-05
86455,2.6248576e-05
86456,2.6248576e-05
86457,2.6248576e-05
86458,2.6248576e-05
86459,2.6248576e-05
86460,2.6248576e-05
86461,2.6248576e-05
86462,2.6248576e-05
86463,2.6248576e-05
86464,2.6248576e-05
86465,2.6248576e-05
86466,2.6248576e-05
86467,2.6248576e-05
86468,2.6248576e-05
86469,2.6248576e-05
86470,2.6248576e-05
86471,2.6248576e-05
86472,2.6248576e-05
86473,2.6248576e-05
86474,2.6248576e-05
86475,2.6248576e-05
86476,2.6248576e-05
86477,2.6248576e-05
86478,2.6248576e-05
86479,2.6248576e-05
86480,2.6248576e-05
86481,2.6248576e-05
86482,2.6248576e-05
86483,2.6248576e-05
86484,2.6248576e-05
86485,2.6248576e-05
86486,2.6248576e-05
86487,2.6248576e-05
86488,2.6248576e-05
86489,2.6248576e-05
86490,2.6248576e-05
86491,2.6248576e-05
86492,2.6248576e-05
86493,2.6248576e-05
86494,2.6248576e-05
86495,2.6248576e-05
86496,2.6248576e-05
86497,2.6248576e-05
86498,2.6248576e-05
86499,2.6248576e-05
86500,2.6248576e-05
86501,2.6248576e-05
86502,2.6248576e-05
86503,2.6248576e-05
86504,2.6248576e-05
86505,2.6248576e-05
86506,2.6248576e-05
86507,2.6248576e-05
86508,2.6248576e-05
86509,2.6248576e-05
86510,2.6248576e-05
86511,2.6248576e-05
86512,2.6248576e-05
86513,2.6248576e-05
86514,2.6248576e-05
86515,2.6248576e-05
86516,2.6248576e-05
86517,2.6248576e-05
86518,2.6248576e-05
86519,2.6248576e-05
86520,2.6248576e-05
86521,2.6248576e-05
86522,2.6248576e-05
86523,2.6248576e-05
86524,2.6248576e-05
86525,2.6248576e-05
86526,2.6248576e-05
86527,2.6248576e-05
86528,2.6248576e-05
86529,2.6248576e-05
86530,2.6248576e-05
86531,2.6248576e-05
86532,2.6248576e-05
86533,2.6248576e-05
86534,2.6248576e-05
86535,2.6248576e-05
86536,2.6248576e-05
86537,2.6248576e-05
86538,2.6248576e-05
86539,2.6248576e-05
86540,2.6248576e-05
86541,2.6248576e-05
86542,2.6248576e-05
86543,2.6248576e-05
86544,2.6248576e-05
86545,2.6248576e-05
86546,2.6248576e-05
86547,2.6248576e-05
86548,2.6248576e-05
86549,2.6248576e-05
86550,2.6248576e-05
86551,2.6248576e-05
86552,2.6248576e-05
86553,2.6248576e-05
86554,2.6248576e-05
86555,2.6248576e-05
86556,2.6248576e-05
86557,2.6248576e-05
86558,2.6248576e-05
86559,2.6248576e-05
86560,2.6248576e-05
86561,2.6248576e-05
86562,2.6248576e-05
86563,2.6248576e-05
86564,2.6248576e-05
86565,2.6248576e-05
86566,2.6248576e-05
86567,2.6248576e-05
86568,2.6248576e-05
86569,2.6248576e-05
86570,2.6248576e-05
86571,2.6248576e-05
86572,2.6248576e-05
86573,2.6248576e-05
86574,2.6248576e-05
86575,2.6248576e-05
86576,2.6248576e-05
86577,2.6248576e-05
86578,2.6248576e-05
86579,2.6248576e-05
86580,2.6248576e-05
86581,2.6248576e-05
86582,2.6248576e-05
86583,2.6248576e-05
86584,2.6248576e-05
86585,2.6248576e-05
86586,2.6248576e-05
86587,2.6248576e-05
86588,2.6248576e-05
86589,2.6248576e-05
86590,2.6248576e-05
86591,2.6248576e-05
86592,2.6248576e-05
86593,2.6248576e-05
86594,2.6248576e-05
86595,2.6248576e-05
86596,2.6248576e-05
86597,2.6248576e-05
86598,2.6248576e-05
86599,2.6248576e-05
86600,2.6248576e-05
86601,2.6248576e-05
86602,2.6248576e-05
86603,2.6248576e-05
86604,2.6248576e-05
86605,2.6248576e-05
86606,2.6248576e-05
86607,2.6248576e-05
86608,2.6248576e-05
86609,2.6248576e-05
86610,2.6248576e-05
86611,2.6248576e-05
86612,2.6248576e-05
86613,2.6248576e-05
86614,2.6248576e-05
86615,2.6248576e-05
86616,2.6248576e-05
86617,2.6248576e-05
86618,2.6248576e-05
86619,2.6248576e-05
86620,2.6248576e-05
86621,2.6248576e-05
86622,2.6248576e-05
86623,2.6248576e-05
86624,2.6248576e-05
86625,2.6248576e-05
86626,2.6248576e-05
86627,2.6248576e-05
86628,2.6248576e-05
86629,2.6248576e-05
86630,2.6248576e-05
86631,2.6248576e-05
86632,2.6248576e-05
86633,2.6248576e-05
86634,2.6248576e-05
86635,2.6248576e-05
86636,2.6248576e-05
86637,2.6248576e-05
86638,2.6248576e-05
86639,2.6248576e-05
86640,2.6248576e-05
86641,2.6248576e-05
86642,2.6248576e-05
86643,2.6248576e-05
86644,2.6248576e-05
86645,2.6248576e-05
86646,2.6248576e-05
86647,2.6248576e-05
86648,2.6248576e-05
86649,2.6248576e-05
86650,2.6248576e-05
86651,2.6248576e-05
86652,2.6248576e-05
86653,2.6248576e-05
86654,2.6248576e-05
86655,2.6248576e-05
86656,2.6248576e-05
86657,2.6248576e-05
86658,2.6248576e-05
86659,2.6248576e-05
86660,2.6248576e-05
86661,2.6248576e-05
86662,2.6248576e-05
86663,2.6248576e-05
86664,2.6248576e-05
86665,2.6248576e-05
86666,2.6248576e-05
86667,2.6248576e-05
86668,2.6248576e-05
86669,2.6248576e-05
86670,2.6248576e-05
86671,2.6248576e-05
86672,2.6248576e-05
86673,2.6248576e-05
86674,2.6248576e-05
86675,2.6248576e-05
86676,2.6248576e-05
86677,2.6248576e-05
86678,2.6248576e-05
86679,2.6248576e-05
86680,2.6248576e-05
86681,2.6248576e-05
86682,2.6248576e-05
86683,2.6248576e-05
86684,2.6248576e-05
86685,2.6248576e-05
86686,2.6248576e-05
86687,2.6248576e-05
86688,2.6248576e-05
86689,2.6248576e-05
86690,2.6248576e-05
86691,2.6248576e-05
86692,2.6248576e-05
86693,2.6248576e-05
86694,2.6248576e-05
86695,2.6248576e-05
86696,2.6248576e-05
86697,2.6248576e-05
86698,2.6248576e-05
86699,2.6248576e-05
86700,2.6248576e-05
86701,2.6248576e-05
86702,2.6248576e-05
86703,2.6248576e-05
86704,2.6248576e-05
86705,2.6248576e-05
86706,2.6248576e-05
86707,2.6248576e-05
86708,2.6248576e-05
86709,2.6248576e-05
86710,2.6248576e-05
86711,2.6248576e-05
86712,2.6248576e-05
86713,2.6248576e-05
86714,2.6248576e-05
86715,2.6248576e-05
86716,2.6248576e-05
86717,2.6248576e-05
86718,2.6248576e-05
86719,2.6248576e-05
86720,2.6248576e-05
86721,2.6248576e-05
86722,2.6248576e-05
86723,2.6248576e-05
86724,2.6248576e-05
86725,2.6248576e-05
86726,2.6248576e-05
86727,2.6248576e-05
86728,2.6248576e-05
86729,2.6248576e-05
86730,2.6248576e-05
86731,2.6248576e-05
86732,2.6248576e-05
86733,2.6248576e-05
86734,2.6248576e-05
86735,2.6248576e-05
86736,2.6248576e-05
86737,2.6248576e-05
86738,2.6248576e-05
86739,2.6248576e-05
86740,2.6248576e-05
86741,2.6248576e-05
86742,2.6248576e-05
86743,2.6248576e-05
86744,2.6248576e-05
86745,2.6248576e-05
86746,2.6248576e-05
86747,2.6248576e-05
86748,2.6248576e-05
86749,2.6248576e-05
86750,2.6248576e-05
86751,2.6248576e-05
86752,2.6248576e-05
86753,2.6248576e-05
86754,2.6248576e-05
86755,2.6248576e-05
86756,2.6248576e-05
86757,2.6248576e-05
86758,2.6248576e-05
86759,2.6248576e-05
86760,2.6248576e-05
86761,2.6248576e-05
86762,2.6248576e-05
86763,2.6248576e-05
86764,2.6248576e-05
86765,2.6248576e-05
86766,2.6248576e-05
86767,2.6248576e-05
86768,2.6248576e-05
86769,2.6248576e-05
86770,2.6248576e-05
86771,2.6248576e-05
86772,2.6248576e-05
86773,2.6248576e-05
86774,2.6248576e-05
86775,2.6248576e-05
86776,2.6248576e-05
86777,2.6248576e-05
86778,2.6248576e-05
86779,2.6248576e-05
86780,2.6248576e-05
86781,2.6248576e-05
86782,2.6248576e-05
86783,2.6248576e-05
86784,2.6248576e-05
86785,2.6248576e-05
86786,2.6248576e-05
86787,2.6248576e-05
86788,2.6248576e-05
86789,2.6248576e-05
86790,2.6248576e-05
86791,2.6248576e-05
86792,2.6248576e-05
86793,2.6248576e-05
86794,2.6248576e-05
86795,2.6248576e-05
86796,2.6248576e-05
86797,2.6248576e-05
86798,2.6248576e-05
86799,2.6248576e-05
86800,2.6248576e-05
86801,2.6248576e-05
86802,2.6248576e-05
86803,2.6248576e-05
86804,2.6248576e-05
86805,2.6248576e-05
86806,2.6248576e-05
86807,2.6248576e-05
86808,2.6248576e-05
86809,2.6248576e-05
86810,2.6248576e-05
86811,2.6248576e-05
86812,2.6248576e-05
86813,2.6248576e-05
86814,2.6248576e-05
86815,2.6248576e-05
86816,2.6248576e-05
86817,2.6248576e-05
86818,2.6248576e-05
86819,2.6248576e-05
86820,2.6248576e-05
86821,2.6248576e-05
86822,2.6248576e-05
86823,2.6248576e-05
86824,2.6248576e-05
86825,2.6248576e-05
86826,2.6248576e-05
86827,2.6248576e-05
86828,2.6248576e-05
86829,2.6248576e-05
86830,2.6248576e-05
86831,2.6248576e-05
86832,2.6248576e-05
86833,2.6248576e-05
86834,2.6248576e-05
86835,2.6248576e-05
86836,2.6248576e-05
86837,2.6248576e-05
86838,2.6248576e-05
86839,2.6248576e-05
86840,2.6248576e-05
86841,2.6248576e-05
86842,2.6248576e-05
86843,2.6248576e-05
86844,2.6248576e-05
86845,2.6248576e-05
86846,2.6248576e-05
86847,2.6248576e-05
86848,2.6248576e-05
86849,2.6248576e-05
86850,2.6248576e-05
86851,2.6248576e-05
86852,2.6248576e-05
86853,2.6248576e-05
86854,2.6248576e-05
86855,2.6248576e-05
86856,2.6248576e-05
86857,2.6248576e-05
86858,2.6248576e-05
86859,2.6248576e-05
86860,2.6248576e-05
86861,2.6248576e-05
86862,2.6248576e-05
86863,2.6248576e-05
86864,2.6248576e-05
86865,2.6248576e-05
86866,2.6248576e-05
86867,2.6248576e-05
86868,2.6248576e-05
86869,2.6248576e-05
86870,2.6248576e-05
86871,2.6248576e-05
86872,2.6248576e-05
86873,2.6248576e-05
86874,2.6248576e-05
86875,2.6248576e-05
86876,2.6248576e-05
86877,2.6248576e-05
86878,2.6248576e-05
86879,2.6248576e-05
86880,2.6248576e-05
86881,2.6248576e-05
86882,2.6248576e-05
86883,2.6248576e-05
86884,2.6248576e-05
86885,2.6248576e-05
86886,2.6248576e-05
86887,2.6248576e-05
86888,2.6248576e-05
86889,2.6248576e-05
86890,2.6248576e-05
86891,2.6248576e-05
86892,2.6248576e-05
86893,2.6248576e-05
86894,2.6248576e-05
86895,2.6248576e-05
86896,2.6248576e-05
86897,2.6248576e-05
86898,2.6248576e-05
86899,2.6248576e-05
86900,2.6248576e-05
86901,2.6248576e-05
86902,2.6248576e-05
86903,2.6248576e-05
86904,2.6248576e-05
86905,2.6248576e-05
86906,2.6248576e-05
86907,2.6248576e-05
86908,2.6248576e-05
86909,2.6248576e-05
86910,2.6248576e-05
86911,2.6248576e-05
86912,2.6248576e-05
86913,2.6248576e-05
86914,2.6248576e-05
86915,2.6248576e-05
86916,2.6248576e-05
86917,2.6248576e-05
86918,2.6248576e-05
86919,2.6248576e-05
86920,2.6248576e-05
86921,2.6248576e-05
86922,2.6248576e-05
86923,2.6248576e-05
86924,2.6248576e-05
86925,2.6248576e-05
86926,2.6248576e-05
86927,2.6248576e-05
86928,2.6248576e-05
86929,2.6248576e-05
86930,2.6248576e-05
86931,2.6248576e-05
86932,2.6248576e-05
86933,2.6248576e-05
86934,2.6248576e-05
86935,2.6248576e-05
86936,2.6248576e-05
86937,2.6248576e-05
86938,2.6248576e-05
86939,2.6248576e-05
86940,2.6248576e-05
86941,2.6248576e-05
86942,2.6248576e-05
86943,2.6248576e-05
86944,2.6248576e-05
86945,2.6248576e-05
86946,2.6248576e-05
86947,2.6248576e-05
86948,2.6248576e-05
86949,2.6248576e-05
86950,2.6248576e-05
86951,2.6248576e-05
86952,2.6248576e-05
86953,2.6248576e-05
86954,2.6248576e-05
86955,2.6248576e-05
86956,2.6248576e-05
86957,2.6248576e-05
86958,2.6248576e-05
86959,2.6248576e-05
86960,2.6248576e-05
86961,2.6248576e-05
86962,2.6248576e-05
86963,2.6248576e-05
86964,2.6248576e-05
86965,2.6248576e-05
86966,2.6248576e-05
86967,2.6248576e-05
86968,2.6248576e-05
86969,2.6248576e-05
86970,2.6248576e-05
86971,2.6248576e-05
86972,2.6248576e-05
86973,2.6248576e-05
86974,2.6248576e-05
86975,2.6248576e-05
86976,2.6248576e-05
86977,2.6248576e-05
86978,2.6248576e-05
86979,2.6248576e-05
86980,2.6248576e-05
86981,2.6248576e-05
86982,2.6248576e-05
86983,2.6248576e-05
86984,2.6248576e-05
86985,2.6248576e-05
86986,2.6248576e-05
86987,2.6248576e-05
86988,2.6248576e-05
86989,2.6248576e-05
86990,2.6248576e-05
86991,2.6248576e-05
86992,2.6248576e-05
86993,2.6248576e-05
86994,2.6248576e-05
86995,2.6248576e-05
86996,2.6248576e-05
86997,2.6248576e-05
86998,2.6248576e-05
86999,2.6248576e-05
87000,2.6248576e-05
87001,2.6248576e-05
87002,2.6248576e-05
87003,2.6248576e-05
87004,2.6248576e-05
87005,2.6248576e-05
87006,2.6248576e-05
87007,2.6248576e-05
87008,2.6248576e-05
87009,2.6248576e-05
87010,2.6248576e-05
87011,2.6248576e-05
87012,2.6248576e-05
87013,2.6248576e-05
87014,2.6248576e-05
87015,2.6248576e-05
87016,2.6248576e-05
87017,2.6248576e-05
87018,2.6248576e-05
87019,2.6248576e-05
87020,2.6248576e-05
87021,2.6248576e-05
87022,2.6248576e-05
87023,2.6248576e-05
87024,2.6248576e-05
87025,2.6248576e-05
87026,2.6248576e-05
87027,2.6248576e-05
87028,2.6248576e-05
87029,2.6248576e-05
87030,2.6248576e-05
87031,2.6248576e-05
87032,2.6248576e-05
87033,2.6248576e-05
87034,2.6248576e-05
87035,2.6248576e-05
87036,2.6248576e-05
87037,2.6248576e-05
87038,2.6248576e-05
87039,2.6248576e-05
87040,2.6248576e-05
87041,2.6248576e-05
87042,2.6248576e-05
87043,2.6248576e-05
87044,2.6248576e-05
87045,2.6248576e-05
87046,2.6248576e-05
87047,2.6248576e-05
87048,2.6248576e-05
87049,2.6248576e-05
87050,2.6248576e-05
87051,2.6248576e-05
87052,2.6248576e-05
87053,2.6248576e-05
87054,2.6248576e-05
87055,2.6248576e-05
87056,2.6248576e-05
87057,2.6248576e-05
87058,2.6248576e-05
87059,2.6248576e-05
87060,2.6248576e-05
87061,2.6248576e-05
87062,2.6248576e-05
87063,2.6248576e-05
87064,2.6248576e-05
87065,2.6248576e-05
87066,2.6248576e-05
87067,2.6248576e-05
87068,2.6248576e-05
87069,2.6248576e-05
87070,2.6248576e-05
87071,2.6248576e-05
87072,2.6248576e-05
87073,2.6248576e-05
87074,2.6248576e-05
87075,2.6248576e-05
87076,2.6248576e-05
87077,2.6248576e-05
87078,2.6248576e-05
87079,2.6248576e-05
87080,2.6248576e-05
87081,2.6248576e-05
87082,2.6248576e-05
87083,2.6248576e-05
87084,2.6248576e-05
87085,2.6248576e-05
87086,2.6248576e-05
87087,2.6248576e-05
87088,2.6248576e-05
87089,2.6248576e-05
87090,2.6248576e-05
87091,2.6248576e-05
87092,2.6248576e-05
87093,2.6248576e-05
87094,2.6248576e-05
87095,2.6248576e-05
87096,2.6248576e-05
87097,2.6248576e-05
87098,2.6248576e-05
87099,2.6248576e-05
87100,2.6248576e-05
87101,2.6248576e-05
87102,2.6248576e-05
87103,2.6248576e-05
87104,2.6248576e-05
87105,2.6248576e-05
87106,2.6248576e-05
87107,2.6248576e-05
87108,2.6248576e-05
87109,2.6248576e-05
87110,2.6248576e-05
87111,2.6248576e-05
87112,2.6248576e-05
87113,2.6248576e-05
87114,2.6248576e-05
87115,2.6248576e-05
87116,2.6248576e-05
87117,2.6248576e-05
87118,2.6248576e-05
87119,2.6248576e-05
87120,2.6248576e-05
87121,2.6248576e-05
87122,2.6248576e-05
87123,2.6248576e-05
87124,2.6248576e-05
87125,2.6248576e-05
87126,2.6248576e-05
87127,2.6248576e-05
87128,2.6248576e-05
87129,2.6248576e-05
87130,2.6248576e-05
87131,2.6248576e-05
87132,2.6248576e-05
87133,2.6248576e-05
87134,2.6248576e-05
87135,2.6248576e-05
87136,2.6248576e-05
87137,2.6248576e-05
87138,2.6248576e-05
87139,2.6248576e-05
87140,2.6248576e-05
87141,2.6248576e-05
87142,2.6248576e-05
87143,2.6248576e-05
87144,2.6248576e-05
87145,2.6248576e-05
87146,2.6248576e-05
87147,2.6248576e-05
87148,2.6248576e-05
87149,2.6248576e-05
87150,2.6248576e-05
87151,2.6248576e-05
87152,2.6248576e-05
87153,2.6248576e-05
87154,2.6248576e-05
87155,2.6248576e-05
87156,2.6248576e-05
87157,2.6248576e-05
87158,2.6248576e-05
87159,2.6248576e-05
87160,2.6248576e-05
87161,2.6248576e-05
87162,2.6248576e-05
87163,2.6248576e-05
87164,2.6248576e-05
87165,2.6248576e-05
87166,2.6248576e-05
87167,2.6248576e-05
87168,2.6248576e-05
87169,2.6248576e-05
87170,2.6248576e-05
87171,2.6248576e-05
87172,2.6248576e-05
87173,2.6248576e-05
87174,2.6248576e-05
87175,2.6248576e-05
87176,2.6248576e-05
87177,2.6248576e-05
87178,2.6248576e-05
87179,2.6248576e-05
87180,2.6248576e-05
87181,2.6248576e-05
87182,2.6248576e-05
87183,2.6248576e-05
87184,2.6248576e-05
87185,2.6248576e-05
87186,2.6248576e-05
87187,2.6248576e-05
87188,2.6248576e-05
87189,2.6248576e-05
87190,2.6248576e-05
87191,2.6248576e-05
87192,2.6248576e-05
87193,2.6248576e-05
87194,2.6248576e-05
87195,2.6248576e-05
87196,2.6248576e-05
87197,2.6248576e-05
87198,2.6248576e-05
87199,2.6248576e-05
87200,2.6248576e-05
87201,2.6248576e-05
87202,2.6248576e-05
87203,2.6248576e-05
87204,2.6248576e-05
87205,2.6248576e-05
87206,2.6248576e-05
87207,2.6248576e-05
87208,2.6248576e-05
87209,2.6248576e-05
87210,2.6248576e-05
87211,2.6248576e-05
87212,2.6248576e-05
87213,2.6248576e-05
87214,2.6248576e-05
87215,2.6248576e-05
87216,2.6248576e-05
87217,2.6248576e-05
87218,2.6248576e-05
87219,2.6248576e-05
87220,2.6248576e-05
87221,2.6248576e-05
87222,2.6248576e-05
87223,2.6248576e-05
87224,2.6248576e-05
87225,2.6248576e-05
87226,2.6248576e-05
87227,2.6248576e-05
87228,2.6248576e-05
87229,2.6248576e-05
87230,2.6248576e-05
87231,2.6248576e-05
87232,2.6248576e-05
87233,2.6248576e-05
87234,2.6248576e-05
87235,2.6248576e-05
87236,2.6248576e-05
87237,2.6248576e-05
87238,2.6248576e-05
87239,2.6248576e-05
87240,2.6248576e-05
87241,2.6248576e-05
87242,2.6248576e-05
87243,2.6248576e-05
87244,2.6248576e-05
87245,2.6248576e-05
87246,2.6248576e-05
87247,2.6248576e-05
87248,2.6248576e-05
87249,2.6248576e-05
87250,2.6248576e-05
87251,2.6248576e-05
87252,2.6248576e-05
87253,2.6248576e-05
87254,2.6248576e-05
87255,2.6248576e-05
87256,2.6248576e-05
87257,2.6248576e-05
87258,2.6248576e-05
87259,2.6248576e-05
87260,2.6248576e-05
87261,2.6248576e-05
87262,2.6248576e-05
87263,2.6248576e-05
87264,2.6248576e-05
87265,2.6248576e-05
87266,2.6248576e-05
87267,2.6248576e-05
87268,2.6248576e-05
87269,2.6248576e-05
87270,2.6248576e-05
87271,2.6248576e-05
87272,2.6248576e-05
87273,2.6248576e-05
87274,2.6248576e-05
87275,2.6248576e-05
87276,2.6248576e-05
87277,2.6248576e-05
87278,2.6248576e-05
87279,2.6248576e-05
87280,2.6248576e-05
87281,2.6248576e-05
87282,2.6248576e-05
87283,2.6248576e-05
87284,2.6248576e-05
87285,2.6248576e-05
87286,2.6248576e-05
87287,2.6248576e-05
87288,2.6248576e-05
87289,2.6248576e-05
87290,2.6248576e-05
87291,2.6248576e-05
87292,2.6248576e-05
87293,2.6248576e-05
87294,2.6248576e-05
87295,2.6248576e-05
87296,2.6248576e-05
87297,2.6248576e-05
87298,2.6248576e-05
87299,2.6248576e-05
87300,2.6248576e-05
87301,2.6248576e-05
87302,2.6248576e-05
87303,2.6248576e-05
87304,2.6248576e-05
87305,2.6248576e-05
87306,2.6248576e-05
87307,2.6248576e-05
87308,2.6248576e-05
87309,2.6248576e-05
87310,2.6248576e-05
87311,2.6248576e-05
87312,2.6248576e-05
87313,2.6248576e-05
87314,2.6248576e-05
87315,2.6248576e-05
87316,2.6248576e-05
87317,2.6248576e-05
87318,2.6248576e-05
87319,2.6248576e-05
87320,2.6248576e-05
87321,2.6248576e-05
87322,2.6248576e-05
87323,2.6248576e-05
87324,2.6248576e-05
87325,2.6248576e-05
87326,2.6248576e-05
87327,2.6248576e-05
87328,2.6248576e-05
87329,2.6248576e-05
87330,2.6248576e-05
87331,2.6248576e-05
87332,2.6248576e-05
87333,2.6248576e-05
87334,2.6248576e-05
87335,2.6248576e-05
87336,2.6248576e-05
87337,2.6248576e-05
87338,2.6248576e-05
87339,2.6248576e-05
87340,2.6248576e-05
87341,2.6248576e-05
87342,2.6248576e-05
87343,2.6248576e-05
87344,2.6248576e-05
87345,2.6248576e-05
87346,2.6248576e-05
87347,2.6248576e-05
87348,2.6248576e-05
87349,2.6248576e-05
87350,2.6248576e-05
87351,2.6248576e-05
87352,2.6248576e-05
87353,2.6248576e-05
87354,2.6248576e-05
87355,2.6248576e-05
87356,2.6248576e-05
87357,2.6248576e-05
87358,2.6248576e-05
87359,2.6248576e-05
87360,2.6248576e-05
87361,2.6248576e-05
87362,2.6248576e-05
87363,2.6248576e-05
87364,2.6248576e-05
87365,2.6248576e-05
87366,2.6248576e-05
87367,2.6248576e-05
87368,2.6248576e-05
87369,2.6248576e-05
87370,2.6248576e-05
87371,2.6248576e-05
87372,2.6248576e-05
87373,2.6248576e-05
87374,2.6248576e-05
87375,2.6248576e-05
87376,2.6248576e-05
87377,2.6248576e-05
87378,2.6248576e-05
87379,2.6248576e-05
87380,2.6248576e-05
87381,2.6248576e-05
87382,2.6248576e-05
87383,2.6248576e-05
87384,2.6248576e-05
87385,2.6248576e-05
87386,2.6248576e-05
87387,2.6248576e-05
87388,2.6248576e-05
87389,2.6248576e-05
87390,2.6248576e-05
87391,2.6248576e-05
87392,2.6248576e-05
87393,2.6248576e-05
87394,2.6248576e-05
87395,2.6248576e-05
87396,2.6248576e-05
87397,2.6248576e-05
87398,2.6248576e-05
87399,2.6248576e-05
87400,2.6248576e-05
87401,2.6248576e-05
87402,2.6248576e-05
87403,2.6248576e-05
87404,2.6248576e-05
87405,2.6248576e-05
87406,2.6248576e-05
87407,2.6248576e-05
87408,2.6248576e-05
87409,2.6248576e-05
87410,2.6248576e-05
87411,2.6248576e-05
87412,2.6248576e-05
87413,2.6248576e-05
87414,2.6248576e-05
87415,2.6248576e-05
87416,2.6248576e-05
87417,2.6248576e-05
87418,2.6248576e-05
87419,2.6248576e-05
87420,2.6248576e-05
87421,2.6248576e-05
87422,2.6248576e-05
87423,2.6248576e-05
87424,2.6248576e-05
87425,2.6248576e-05
87426,2.6248576e-05
87427,2.6248576e-05
87428,2.6248576e-05
87429,2.6248576e-05
87430,2.6248576e-05
87431,2.6248576e-05
87432,2.6248576e-05
87433,2.6248576e-05
87434,2.6248576e-05
87435,2.6248576e-05
87436,2.6248576e-05
87437,2.6248576e-05
87438,2.6248576e-05
87439,2.6248576e-05
87440,2.6248576e-05
87441,2.6248576e-05
87442,2.6248576e-05
87443,2.6248576e-05
87444,2.6248576e-05
87445,2.6248576e-05
87446,2.6248576e-05
87447,2.6248576e-05
87448,2.6248576e-05
87449,2.6248576e-05
87450,2.6248576e-05
87451,2.6248576e-05
87452,2.6248576e-05
87453,2.6248576e-05
87454,2.6248576e-05
87455,2.6248576e-05
87456,2.6248576e-05
87457,2.6248576e-05
87458,2.6248576e-05
87459,2.6248576e-05
87460,2.6248576e-05
87461,2.6248576e-05
87462,2.6248576e-05
87463,2.6248576e-05
87464,2.6248576e-05
87465,2.6248576e-05
87466,2.6248576e-05
87467,2.6248576e-05
87468,2.6248576e-05
87469,2.6248576e-05
87470,2.6248576e-05
87471,2.6248576e-05
87472,2.6248576e-05
87473,2.6248576e-05
87474,2.6248576e-05
87475,2.6248576e-05
87476,2.6248576e-05
87477,2.6248576e-05
87478,2.6248576e-05
87479,2.6248576e-05
87480,2.6248576e-05
87481,2.6248576e-05
87482,2.6248576e-05
87483,2.6248576e-05
87484,2.6248576e-05
87485,2.6248576e-05
87486,2.6248576e-05
87487,2.6248576e-05
87488,2.6248576e-05
87489,2.6248576e-05
87490,2.6248576e-05
87491,2.6248576e-05
87492,2.6248576e-05
87493,2.6248576e-05
87494,2.6248576e-05
87495,2.6248576e-05
87496,2.6248576e-05
87497,2.6248576e-05
87498,2.6248576e-05
87499,2.6248576e-05
87500,2.6248576e-05
87501,2.6248576e-05
87502,2.6248576e-05
87503,2.6248576e-05
87504,2.6248576e-05
87505,2.6248576e-05
87506,2.6248576e-05
87507,2.6248576e-05
87508,2.6248576e-05
87509,2.6248576e-05
87510,2.6248576e-05
87511,2.6248576e-05
87512,2.6248576e-05
87513,2.6248576e-05
87514,2.6248576e-05
87515,2.6248576e-05
87516,2.6248576e-05
87517,2.6248576e-05
87518,2.6248576e-05
87519,2.6248576e-05
87520,2.6248576e-05
87521,2.6248576e-05
87522,2.6248576e-05
87523,2.6248576e-05
87524,2.6248576e-05
87525,2.6248576e-05
87526,2.6248576e-05
87527,2.6248576e-05
87528,2.6248576e-05
87529,2.6248576e-05
87530,2.6248576e-05
87531,2.6248576e-05
87532,2.6248576e-05
87533,2.6248576e-05
87534,2.6248576e-05
87535,2.6248576e-05
87536,2.6248576e-05
87537,2.6248576e-05
87538,2.6248576e-05
87539,2.6248576e-05
87540,2.6248576e-05
87541,2.6248576e-05
87542,2.6248576e-05
87543,2.6248576e-05
87544,2.6248576e-05
87545,2.6248576e-05
87546,2.6248576e-05
87547,2.6248576e-05
87548,2.6248576e-05
87549,2.6248576e-05
87550,2.6248576e-05
87551,2.6248576e-05
87552,2.6248576e-05
87553,2.6248576e-05
87554,2.6248576e-05
87555,2.6248576e-05
87556,2.6248576e-05
87557,2.6248576e-05
87558,2.6248576e-05
87559,2.6248576e-05
87560,2.6248576e-05
87561,2.6248576e-05
87562,2.6248576e-05
87563,2.6248576e-05
87564,2.6248576e-05
87565,2.6248576e-05
87566,2.6248576e-05
87567,2.6248576e-05
87568,2.6248576e-05
87569,2.6248576e-05
87570,2.6248576e-05
87571,2.6248576e-05
87572,2.6248576e-05
87573,2.6248576e-05
87574,2.6248576e-05
87575,2.6248576e-05
87576,2.6248576e-05
87577,2.6248576e-05
87578,2.6248576e-05
87579,2.6248576e-05
87580,2.6248576e-05
87581,2.6248576e-05
87582,2.6248576e-05
87583,2.6248576e-05
87584,2.6248576e-05
87585,2.6248576e-05
87586,2.6248576e-05
87587,2.6248576e-05
87588,2.6248576e-05
87589,2.6248576e-05
87590,2.6248576e-05
87591,2.6248576e-05
87592,2.6248576e-05
87593,2.6248576e-05
87594,2.6248576e-05
87595,2.6248576e-05
87596,2.6248576e-05
87597,2.6248576e-05
87598,2.6248576e-05
87599,2.6248576e-05
87600,2.6248576e-05
87601,2.6248576e-05
87602,2.6248576e-05
87603,2.6248576e-05
87604,2.6248576e-05
87605,2.6248576e-05
87606,2.6248576e-05
87607,2.6248576e-05
87608,2.6248576e-05
87609,2.6248576e-05
87610,2.6248576e-05
87611,2.6248576e-05
87612,2.6248576e-05
87613,2.6248576e-05
87614,2.6248576e-05
87615,2.6248576e-05
87616,2.6248576e-05
87617,2.6248576e-05
87618,2.6248576e-05
87619,2.6248576e-05
87620,2.6248576e-05
87621,2.6248576e-05
87622,2.6248576e-05
87623,2.6248576e-05
87624,2.6248576e-05
87625,2.6248576e-05
87626,2.6248576e-05
87627,2.6248576e-05
87628,2.6248576e-05
87629,2.6248576e-05
87630,2.6248576e-05
87631,2.6248576e-05
87632,2.6248576e-05
87633,2.6248576e-05
87634,2.6248576e-05
87635,2.6248576e-05
87636,2.6248576e-05
87637,2.6248576e-05
87638,2.6248576e-05
87639,2.6248576e-05
87640,2.6248576e-05
87641,2.6248576e-05
87642,2.6248576e-05
87643,2.6248576e-05
87644,2.6248576e-05
87645,2.6248576e-05
87646,2.6248576e-05
87647,2.6248576e-05
87648,2.6248576e-05
87649,2.6248576e-05
87650,2.6248576e-05
87651,2.6248576e-05
87652,2.6248576e-05
87653,2.6248576e-05
87654,2.6248576e-05
87655,2.6248576e-05
87656,2.6248576e-05
87657,2.6248576e-05
87658,2.6248576e-05
87659,2.6248576e-05
87660,2.6248576e-05
87661,2.6248576e-05
87662,2.6248576e-05
87663,2.6248576e-05
87664,2.6248576e-05
87665,2.6248576e-05
87666,2.6248576e-05
87667,2.6248576e-05
87668,2.6248576e-05
87669,2.6248576e-05
87670,2.6248576e-05
87671,2.6248576e-05
87672,2.6248576e-05
87673,2.6248576e-05
87674,2.6248576e-05
87675,2.6248576e-05
87676,2.6248576e-05
87677,2.6248576e-05
87678,2.6248576e-05
87679,2.6248576e-05
87680,2.6248576e-05
87681,2.6248576e-05
87682,2.6248576e-05
87683,2.6248576e-05
87684,2.6248576e-05
87685,2.6248576e-05
87686,2.6248576e-05
87687,2.6248576e-05
87688,2.6248576e-05
87689,2.6248576e-05
87690,2.6248576e-05
87691,2.6248576e-05
87692,2.6248576e-05
87693,2.6248576e-05
87694,2.6248576e-05
87695,2.6248576e-05
87696,2.6248576e-05
87697,2.6248576e-05
87698,2.6248576e-05
87699,2.6248576e-05
87700,2.6248576e-05
87701,2.6248576e-05
87702,2.6248576e-05
87703,2.6248576e-05
87704,2.6248576e-05
87705,2.6248576e-05
87706,2.6248576e-05
87707,2.6248576e-05
87708,2.6248576e-05
87709,2.6248576e-05
87710,2.6248576e-05
87711,2.6248576e-05
87712,2.6248576e-05
87713,2.6248576e-05
87714,2.6248576e-05
87715,2.6248576e-05
87716,2.6248576e-05
87717,2.6248576e-05
87718,2.6248576e-05
87719,2.6248576e-05
87720,2.6248576e-05
87721,2.6248576e-05
87722,2.6248576e-05
87723,2.6248576e-05
87724,2.6248576e-05
87725,2.6248576e-05
87726,2.6248576e-05
87727,2.6248576e-05
87728,2.6248576e-05
87729,2.6248576e-05
87730,2.6248576e-05
87731,2.6248576e-05
87732,2.6248576e-05
87733,2.6248576e-05
87734,2.6248576e-05
87735,2.6248576e-05
87736,2.6248576e-05
87737,2.6248576e-05
87738,2.6248576e-05
87739,2.6248576e-05
87740,2.6248576e-05
87741,2.6248576e-05
87742,2.6248576e-05
87743,2.6248576e-05
87744,2.6248576e-05
87745,2.6248576e-05
87746,2.6248576e-05
87747,2.6248576e-05
87748,2.6248576e-05
87749,2.6248576e-05
87750,2.6248576e-05
87751,2.6248576e-05
87752,2.6248576e-05
87753,2.6248576e-05
87754,2.6248576e-05
87755,2.6248576e-05
87756,2.6248576e-05
87757,2.6248576e-05
87758,2.6248576e-05
87759,2.6248576e-05
87760,2.6248576e-05
87761,2.6248576e-05
87762,2.6248576e-05
87763,2.6248576e-05
87764,2.6248576e-05
87765,2.6248576e-05
87766,2.6248576e-05
87767,2.6248576e-05
87768,2.6248576e-05
87769,2.6248576e-05
87770,2.6248576e-05
87771,2.6248576e-05
87772,2.6248576e-05
87773,2.6248576e-05
87774,2.6248576e-05
87775,2.6248576e-05
87776,2.6248576e-05
87777,2.6248576e-05
87778,2.6248576e-05
87779,2.6248576e-05
87780,2.6248576e-05
87781,2.6248576e-05
87782,2.6248576e-05
87783,2.6248576e-05
87784,2.6248576e-05
87785,2.6248576e-05
87786,2.6248576e-05
87787,2.6248576e-05
87788,2.6248576e-05
87789,2.6248576e-05
87790,2.6248576e-05
87791,2.6248576e-05
87792,2.6248576e-05
87793,2.6248576e-05
87794,2.6248576e-05
87795,2.6248576e-05
87796,2.6248576e-05
87797,2.6248576e-05
87798,2.6248576e-05
87799,2.6248576e-05
87800,2.6248576e-05
87801,2.6248576e-05
87802,2.6248576e-05
87803,2.6248576e-05
87804,2.6248576e-05
87805,2.6248576e-05
87806,2.6248576e-05
87807,2.6248576e-05
87808,2.6248576e-05
87809,2.6248576e-05
87810,2.6248576e-05
87811,2.6248576e-05
87812,2.6248576e-05
87813,2.6248576e-05
87814,2.6248576e-05
87815,2.6248576e-05
87816,2.6248576e-05
87817,2.6248576e-05
87818,2.6248576e-05
87819,2.6248576e-05
87820,2.6248576e-05
87821,2.6248576e-05
87822,2.6248576e-05
87823,2.6248576e-05
87824,2.6248576e-05
87825,2.6248576e-05
87826,2.6248576e-05
87827,2.6248576e-05
87828,2.6248576e-05
87829,2.6248576e-05
87830,2.6248576e-05
87831,2.6248576e-05
87832,2.6248576e-05
87833,2.6248576e-05
87834,2.6248576e-05
87835,2.6248576e-05
87836,2.6248576e-05
87837,2.6248576e-05
87838,2.6248576e-05
87839,2.6248576e-05
87840,2.6248576e-05
87841,2.6248576e-05
87842,2.6248576e-05
87843,2.6248576e-05
87844,2.6248576e-05
87845,2.6248576e-05
87846,2.6248576e-05
87847,2.6248576e-05
87848,2.6248576e-05
87849,2.6248576e-05
87850,2.6248576e-05
87851,2.6248576e-05
87852,2.6248576e-05
87853,2.6248576e-05
87854,2.6248576e-05
87855,2.6248576e-05
87856,2.6248576e-05
87857,2.6248576e-05
87858,2.6248576e-05
87859,2.6248576e-05
87860,2.6248576e-05
87861,2.6248576e-05
87862,2.6248576e-05
87863,2.6248576e-05
87864,2.6248576e-05
87865,2.6248576e-05
87866,2.6248576e-05
87867,2.6248576e-05
87868,2.6248576e-05
87869,2.6248576e-05
87870,2.6248576e-05
87871,2.6248576e-05
87872,2.6248576e-05
87873,2.6248576e-05
87874,2.6248576e-05
87875,2.6248576e-05
87876,2.6248576e-05
87877,2.6248576e-05
87878,2.6248576e-05
87879,2.6248576e-05
87880,2.6248576e-05
87881,2.6248576e-05
87882,2.6248576e-05
87883,2.6248576e-05
87884,2.6248576e-05
87885,2.6248576e-05
87886,2.6248576e-05
87887,2.6248576e-05
87888,2.6248576e-05
87889,2.6248576e-05
87890,2.6248576e-05
87891,2.6248576e-05
87892,2.6248576e-05
87893,2.6248576e-05
87894,2.6248576e-05
87895,2.6248576e-05
87896,2.6248576e-05
87897,2.6248576e-05
87898,2.6248576e-05
87899,2.6248576e-05
87900,2.6248576e-05
87901,2.6248576e-05
87902,2.6248576e-05
87903,2.6248576e-05
87904,2.6248576e-05
87905,2.6248576e-05
87906,2.6248576e-05
87907,2.6248576e-05
87908,2.6248576e-05
87909,2.6248576e-05
87910,2.6248576e-05
87911,2.6248576e-05
87912,2.6248576e-05
87913,2.6248576e-05
87914,2.6248576e-05
87915,2.6248576e-05
87916,2.6248576e-05
87917,2.6248576e-05
87918,2.6248576e-05
87919,2.6248576e-05
87920,2.6248576e-05
87921,2.6248576e-05
87922,2.6248576e-05
87923,2.6248576e-05
87924,2.6248576e-05
87925,2.6248576e-05
87926,2.6248576e-05
87927,2.6248576e-05
87928,2.6248576e-05
87929,2.6248576e-05
87930,2.6248576e-05
87931,2.6248576e-05
87932,2.6248576e-05
87933,2.6248576e-05
87934,2.6248576e-05
87935,2.6248576e-05
87936,2.6248576e-05
87937,2.6248576e-05
87938,2.6248576e-05
87939,2.6248576e-05
87940,2.6248576e-05
87941,2.6248576e-05
87942,2.6248576e-05
87943,2.6248576e-05
87944,2.6248576e-05
87945,2.6248576e-05
87946,2.6248576e-05
87947,2.6248576e-05
87948,2.6248576e-05
87949,2.6248576e-05
87950,2.6248576e-05
87951,2.6248576e-05
87952,2.6248576e-05
87953,2.6248576e-05
87954,2.6248576e-05
87955,2.6248576e-05
87956,2.6248576e-05
87957,2.6248576e-05
87958,2.6248576e-05
87959,2.6248576e-05
87960,2.6248576e-05
87961,2.6248576e-05
87962,2.6248576e-05
87963,2.6248576e-05
87964,2.6248576e-05
87965,2.6248576e-05
87966,2.6248576e-05
87967,2.6248576e-05
87968,2.6248576e-05
87969,2.6248576e-05
87970,2.6248576e-05
87971,2.6248576e-05
87972,2.6248576e-05
87973,2.6248576e-05
87974,2.6248576e-05
87975,2.6248576e-05
87976,2.6248576e-05
87977,2.6248576e-05
87978,2.6248576e-05
87979,2.6248576e-05
87980,2.6248576e-05
87981,2.6248576e-05
87982,2.6248576e-05
87983,2.6248576e-05
87984,2.6248576e-05
87985,2.6248576e-05
87986,2.6248576e-05
87987,2.6248576e-05
87988,2.6248576e-05
87989,2.6248576e-05
87990,2.6248576e-05
87991,2.6248576e-05
87992,2.6248576e-05
87993,2.6248576e-05
87994,2.6248576e-05
87995,2.6248576e-05
87996,2.6248576e-05
87997,2.6248576e-05
87998,2.6248576e-05
87999,2.6248576e-05
88000,2.6248576e-05
88001,2.6248576e-05
88002,2.6248576e-05
88003,2.6248576e-05
88004,2.6248576e-05
88005,2.6248576e-05
88006,2.6248576e-05
88007,2.6248576e-05
88008,2.6248576e-05
88009,2.6248576e-05
88010,2.6248576e-05
88011,2.6248576e-05
88012,2.6248576e-05
88013,2.6248576e-05
88014,2.6248576e-05
88015,2.6248576e-05
88016,2.6248576e-05
88017,2.6248576e-05
88018,2.6248576e-05
88019,2.6248576e-05
88020,2.6248576e-05
88021,2.6248576e-05
88022,2.6248576e-05
88023,2.6248576e-05
88024,2.6248576e-05
88025,2.6248576e-05
88026,2.6248576e-05
88027,2.6248576e-05
88028,2.6248576e-05
88029,2.6248576e-05
88030,2.6248576e-05
88031,2.6248576e-05
88032,2.6248576e-05
88033,2.6248576e-05
88034,2.6248576e-05
88035,2.6248576e-05
88036,2.6248576e-05
88037,2.6248576e-05
88038,2.6248576e-05
88039,2.6248576e-05
88040,2.6248576e-05
88041,2.6248576e-05
88042,2.6248576e-05
88043,2.6248576e-05
88044,2.6248576e-05
88045,2.6248576e-05
88046,2.6248576e-05
88047,2.6248576e-05
88048,2.6248576e-05
88049,2.6248576e-05
88050,2.6248576e-05
88051,2.6248576e-05
88052,2.6248576e-05
88053,2.6248576e-05
88054,2.6248576e-05
88055,2.6248576e-05
88056,2.6248576e-05
88057,2.6248576e-05
88058,2.6248576e-05
88059,2.6248576e-05
88060,2.6248576e-05
88061,2.6248576e-05
88062,2.6248576e-05
88063,2.6248576e-05
88064,2.6248576e-05
88065,2.6248576e-05
88066,2.6248576e-05
88067,2.6248576e-05
88068,2.6248576e-05
88069,2.6248576e-05
88070,2.6248576e-05
88071,2.6248576e-05
88072,2.6248576e-05
88073,2.6248576e-05
88074,2.6248576e-05
88075,2.6248576e-05
88076,2.6248576e-05
88077,2.6248576e-05
88078,2.6248576e-05
88079,2.6248576e-05
88080,2.6248576e-05
88081,2.6248576e-05
88082,2.6248576e-05
88083,2.6248576e-05
88084,2.6248576e-05
88085,2.6248576e-05
88086,2.6248576e-05
88087,2.6248576e-05
88088,2.6248576e-05
88089,2.6248576e-05
88090,2.6248576e-05
88091,2.6248576e-05
88092,2.6248576e-05
88093,2.6248576e-05
88094,2.6248576e-05
88095,2.6248576e-05
88096,2.6248576e-05
88097,2.6248576e-05
88098,2.6248576e-05
88099,2.6248576e-05
88100,2.6248576e-05
88101,2.6248576e-05
88102,2.6248576e-05
88103,2.6248576e-05
88104,2.6248576e-05
88105,2.6248576e-05
88106,2.6248576e-05
88107,2.6248576e-05
88108,2.6248576e-05
88109,2.6248576e-05
88110,2.6248576e-05
88111,2.6248576e-05
88112,2.6248576e-05
88113,2.6248576e-05
88114,2.6248576e-05
88115,2.6248576e-05
88116,2.6248576e-05
88117,2.6248576e-05
88118,2.6248576e-05
88119,2.6248576e-05
88120,2.6248576e-05
88121,2.6248576e-05
88122,2.6248576e-05
88123,2.6248576e-05
88124,2.6248576e-05
88125,2.6248576e-05
88126,2.6248576e-05
88127,2.6248576e-05
88128,2.6248576e-05
88129,2.6248576e-05
88130,2.6248576e-05
88131,2.6248576e-05
88132,2.6248576e-05
88133,2.6248576e-05
88134,2.6248576e-05
88135,2.6248576e-05
88136,2.6248576e-05
88137,2.6248576e-05
88138,2.6248576e-05
88139,2.6248576e-05
88140,2.6248576e-05
88141,2.6248576e-05
88142,2.6248576e-05
88143,2.6248576e-05
88144,2.6248576e-05
88145,2.6248576e-05
88146,2.6248576e-05
88147,2.6248576e-05
88148,2.6248576e-05
88149,2.6248576e-05
88150,2.6248576e-05
88151,2.6248576e-05
88152,2.6248576e-05
88153,2.6248576e-05
88154,2.6248576e-05
88155,2.6248576e-05
88156,2.6248576e-05
88157,2.6248576e-05
88158,2.6248576e-05
88159,2.6248576e-05
88160,2.6248576e-05
88161,2.6248576e-05
88162,2.6248576e-05
88163,2.6248576e-05
88164,2.6248576e-05
88165,2.6248576e-05
88166,2.6248576e-05
88167,2.6248576e-05
88168,2.6248576e-05
88169,2.6248576e-05
88170,2.6248576e-05
88171,2.6248576e-05
88172,2.6248576e-05
88173,2.6248576e-05
88174,2.6248576e-05
88175,2.6248576e-05
88176,2.6248576e-05
88177,2.6248576e-05
88178,2.6248576e-05
88179,2.6248576e-05
88180,2.6248576e-05
88181,2.6248576e-05
88182,2.6248576e-05
88183,2.6248576e-05
88184,2.6248576e-05
88185,2.6248576e-05
88186,2.6248576e-05
88187,2.6248576e-05
88188,2.6248576e-05
88189,2.6248576e-05
88190,2.6248576e-05
88191,2.6248576e-05
88192,2.6248576e-05
88193,2.6248576e-05
88194,2.6248576e-05
88195,2.6248576e-05
88196,2.6248576e-05
88197,2.6248576e-05
88198,2.6248576e-05
88199,2.6248576e-05
88200,2.6248576e-05
88201,2.6248576e-05
88202,2.6248576e-05
88203,2.6248576e-05
88204,2.6248576e-05
88205,2.6248576e-05
88206,2.6248576e-05
88207,2.6248576e-05
88208,2.6248576e-05
88209,2.6248576e-05
88210,2.6248576e-05
88211,2.6248576e-05
88212,2.6248576e-05
88213,2.6248576e-05
88214,2.6248576e-05
88215,2.6248576e-05
88216,2.6248576e-05
88217,2.6248576e-05
88218,2.6248576e-05
88219,2.6248576e-05
88220,2.6248576e-05
88221,2.6248576e-05
88222,2.6248576e-05
88223,2.6248576e-05
88224,2.6248576e-05
88225,2.6248576e-05
88226,2.6248576e-05
88227,2.6248576e-05
88228,2.6248576e-05
88229,2.6248576e-05
88230,2.6248576e-05
88231,2.6248576e-05
88232,2.6248576e-05
88233,2.6248576e-05
88234,2.6248576e-05
88235,2.6248576e-05
88236,2.6248576e-05
88237,2.6248576e-05
88238,2.6248576e-05
88239,2.6248576e-05
88240,2.6248576e-05
88241,2.6248576e-05
88242,2.6248576e-05
88243,2.6248576e-05
88244,2.6248576e-05
88245,2.6248576e-05
88246,2.6248576e-05
88247,2.6248576e-05
88248,2.6248576e-05
88249,2.6248576e-05
88250,2.6248576e-05
88251,2.6248576e-05
88252,2.6248576e-05
88253,2.6248576e-05
88254,2.6248576e-05
88255,2.6248576e-05
88256,2.6248576e-05
88257,2.6248576e-05
88258,2.6248576e-05
88259,2.6248576e-05
88260,2.6248576e-05
88261,2.6248576e-05
88262,2.6248576e-05
88263,2.6248576e-05
88264,2.6248576e-05
88265,2.6248576e-05
88266,2.6248576e-05
88267,2.6248576e-05
88268,2.6248576e-05
88269,2.6248576e-05
88270,2.6248576e-05
88271,2.6248576e-05
88272,2.6248576e-05
88273,2.6248576e-05
88274,2.6248576e-05
88275,2.6248576e-05
88276,2.6248576e-05
88277,2.6248576e-05
88278,2.6248576e-05
88279,2.6248576e-05
88280,2.6248576e-05
88281,2.6248576e-05
88282,2.6248576e-05
88283,2.6248576e-05
88284,2.6248576e-05
88285,2.6248576e-05
88286,2.6248576e-05
88287,2.6248576e-05
88288,2.6248576e-05
88289,2.6248576e-05
88290,2.6248576e-05
88291,2.6248576e-05
88292,2.6248576e-05
88293,2.6248576e-05
88294,2.6248576e-05
88295,2.6248576e-05
88296,2.6248576e-05
88297,2.6248576e-05
88298,2.6248576e-05
88299,2.6248576e-05
88300,2.6248576e-05
88301,2.6248576e-05
88302,2.6248576e-05
88303,2.6248576e-05
88304,2.6248576e-05
88305,2.6248576e-05
88306,2.6248576e-05
88307,2.6248576e-05
88308,2.6248576e-05
88309,2.6248576e-05
88310,2.6248576e-05
88311,2.6248576e-05
88312,2.6248576e-05
88313,2.6248576e-05
88314,2.6248576e-05
88315,2.6248576e-05
88316,2.6248576e-05
88317,2.6248576e-05
88318,2.6248576e-05
88319,2.6248576e-05
88320,2.6248576e-05
88321,2.6248576e-05
88322,2.6248576e-05
88323,2.6248576e-05
88324,2.6248576e-05
88325,2.6248576e-05
88326,2.6248576e-05
88327,2.6248576e-05
88328,2.6248576e-05
88329,2.6248576e-05
88330,2.6248576e-05
88331,2.6248576e-05
88332,2.6248576e-05
88333,2.6248576e-05
88334,2.6248576e-05
88335,2.6248576e-05
88336,2.6248576e-05
88337,2.6248576e-05
88338,2.6248576e-05
88339,2.6248576e-05
88340,2.6248576e-05
88341,2.6248576e-05
88342,2.6248576e-05
88343,2.6248576e-05
88344,2.6248576e-05
88345,2.6248576e-05
88346,2.6248576e-05
88347,2.6248576e-05
88348,2.6248576e-05
88349,2.6248576e-05
88350,2.6248576e-05
88351,2.6248576e-05
88352,2.6248576e-05
88353,2.6248576e-05
88354,2.6248576e-05
88355,2.6248576e-05
88356,2.6248576e-05
88357,2.6248576e-05
88358,2.6248576e-05
88359,2.6248576e-05
88360,2.6248576e-05
88361,2.6248576e-05
88362,2.6248576e-05
88363,2.6248576e-05
88364,2.6248576e-05
88365,2.6248576e-05
88366,2.6248576e-05
88367,2.6248576e-05
88368,2.6248576e-05
88369,2.6248576e-05
88370,2.6248576e-05
88371,2.6248576e-05
88372,2.6248576e-05
88373,2.6248576e-05
88374,2.6248576e-05
88375,2.6248576e-05
88376,2.6248576e-05
88377,2.6248576e-05
88378,2.6248576e-05
88379,2.6248576e-05
88380,2.6248576e-05
88381,2.6248576e-05
88382,2.6248576e-05
88383,2.6248576e-05
88384,2.6248576e-05
88385,2.6248576e-05
88386,2.6248576e-05
88387,2.6248576e-05
88388,2.6248576e-05
88389,2.6248576e-05
88390,2.6248576e-05
88391,2.6248576e-05
88392,2.6248576e-05
88393,2.6248576e-05
88394,2.6248576e-05
88395,2.6248576e-05
88396,2.6248576e-05
88397,2.6248576e-05
88398,2.6248576e-05
88399,2.6248576e-05
88400,2.6248576e-05
88401,2.6248576e-05
88402,2.6248576e-05
88403,2.6248576e-05
88404,2.6248576e-05
88405,2.6248576e-05
88406,2.6248576e-05
88407,2.6248576e-05
88408,2.6248576e-05
88409,2.6248576e-05
88410,2.6248576e-05
88411,2.6248576e-05
88412,2.6248576e-05
88413,2.6248576e-05
88414,2.6248576e-05
88415,2.6248576e-05
88416,2.6248576e-05
88417,2.6248576e-05
88418,2.6248576e-05
88419,2.6248576e-05
88420,2.6248576e-05
88421,2.6248576e-05
88422,2.6248576e-05
88423,2.6248576e-05
88424,2.6248576e-05
88425,2.6248576e-05
88426,2.6248576e-05
88427,2.6248576e-05
88428,2.6248576e-05
88429,2.6248576e-05
88430,2.6248576e-05
88431,2.6248576e-05
88432,2.6248576e-05
88433,2.6248576e-05
88434,2.6248576e-05
88435,2.6248576e-05
88436,2.6248576e-05
88437,2.6248576e-05
88438,2.6248576e-05
88439,2.6248576e-05
88440,2.6248576e-05
88441,2.6248576e-05
88442,2.6248576e-05
88443,2.6248576e-05
88444,2.6248576e-05
88445,2.6248576e-05
88446,2.6248576e-05
88447,2.6248576e-05
88448,2.6248576e-05
88449,2.6248576e-05
88450,2.6248576e-05
88451,2.6248576e-05
88452,2.6248576e-05
88453,2.6248576e-05
88454,2.6248576e-05
88455,2.6248576e-05
88456,2.6248576e-05
88457,2.6248576e-05
88458,2.6248576e-05
88459,2.6248576e-05
88460,2.6248576e-05
88461,2.6248576e-05
88462,2.6248576e-05
88463,2.6248576e-05
88464,2.6248576e-05
88465,2.6248576e-05
88466,2.6248576e-05
88467,2.6248576e-05
88468,2.6248576e-05
88469,2.6248576e-05
88470,2.6248576e-05
88471,2.6248576e-05
88472,2.6248576e-05
88473,2.6248576e-05
88474,2.6248576e-05
88475,2.6248576e-05
88476,2.6248576e-05
88477,2.6248576e-05
88478,2.6248576e-05
88479,2.6248576e-05
88480,2.6248576e-05
88481,2.6248576e-05
88482,2.6248576e-05
88483,2.6248576e-05
88484,2.6248576e-05
88485,2.6248576e-05
88486,2.6248576e-05
88487,2.6248576e-05
88488,2.6248576e-05
88489,2.6248576e-05
88490,2.6248576e-05
88491,2.6248576e-05
88492,2.6248576e-05
88493,2.6248576e-05
88494,2.6248576e-05
88495,2.6248576e-05
88496,2.6248576e-05
88497,2.6248576e-05
88498,2.6248576e-05
88499,2.6248576e-05
88500,2.6248576e-05
88501,2.6248576e-05
88502,2.6248576e-05
88503,2.6248576e-05
88504,2.6248576e-05
88505,2.6248576e-05
88506,2.6248576e-05
88507,2.6248576e-05
88508,2.6248576e-05
88509,2.6248576e-05
88510,2.6248576e-05
88511,2.6248576e-05
88512,2.6248576e-05
88513,2.6248576e-05
88514,2.6248576e-05
88515,2.6248576e-05
88516,2.6248576e-05
88517,2.6248576e-05
88518,2.6248576e-05
88519,2.6248576e-05
88520,2.6248576e-05
88521,2.6248576e-05
88522,2.6248576e-05
88523,2.6248576e-05
88524,2.6248576e-05
88525,2.6248576e-05
88526,2.6248576e-05
88527,2.6248576e-05
88528,2.6248576e-05
88529,2.6248576e-05
88530,2.6248576e-05
88531,2.6248576e-05
88532,2.6248576e-05
88533,2.6248576e-05
88534,2.6248576e-05
88535,2.6248576e-05
88536,2.6248576e-05
88537,2.6248576e-05
88538,2.6248576e-05
88539,2.6248576e-05
88540,2.6248576e-05
88541,2.6248576e-05
88542,2.6248576e-05
88543,2.6248576e-05
88544,2.6248576e-05
88545,2.6248576e-05
88546,2.6248576e-05
88547,2.6248576e-05
88548,2.6248576e-05
88549,2.6248576e-05
88550,2.6248576e-05
88551,2.6248576e-05
88552,2.6248576e-05
88553,2.6248576e-05
88554,2.6248576e-05
88555,2.6248576e-05
88556,2.6248576e-05
88557,2.6248576e-05
88558,2.6248576e-05
88559,2.6248576e-05
88560,2.6248576e-05
88561,2.6248576e-05
88562,2.6248576e-05
88563,2.6248576e-05
88564,2.6248576e-05
88565,2.6248576e-05
88566,2.6248576e-05
88567,2.6248576e-05
88568,2.6248576e-05
88569,2.6248576e-05
88570,2.6248576e-05
88571,2.6248576e-05
88572,2.6248576e-05
88573,2.6248576e-05
88574,2.6248576e-05
88575,2.6248576e-05
88576,2.6248576e-05
88577,2.6248576e-05
88578,2.6248576e-05
88579,2.6248576e-05
88580,2.6248576e-05
88581,2.6248576e-05
88582,2.6248576e-05
88583,2.6248576e-05
88584,2.6248576e-05
88585,2.6248576e-05
88586,2.6248576e-05
88587,2.6248576e-05
88588,2.6248576e-05
88589,2.6248576e-05
88590,2.6248576e-05
88591,2.6248576e-05
88592,2.6248576e-05
88593,2.6248576e-05
88594,2.6248576e-05
88595,2.6248576e-05
88596,2.6248576e-05
88597,2.6248576e-05
88598,2.6248576e-05
88599,2.6248576e-05
88600,2.6248576e-05
88601,2.6248576e-05
88602,2.6248576e-05
88603,2.6248576e-05
88604,2.6248576e-05
88605,2.6248576e-05
88606,2.6248576e-05
88607,2.6248576e-05
88608,2.6248576e-05
88609,2.6248576e-05
88610,2.6248576e-05
88611,2.6248576e-05
88612,2.6248576e-05
88613,2.6248576e-05
88614,2.6248576e-05
88615,2.6248576e-05
88616,2.6248576e-05
88617,2.6248576e-05
88618,2.6248576e-05
88619,2.6248576e-05
88620,2.6248576e-05
88621,2.6248576e-05
88622,2.6248576e-05
88623,2.6248576e-05
88624,2.6248576e-05
88625,2.6248576e-05
88626,2.6248576e-05
88627,2.6248576e-05
88628,2.6248576e-05
88629,2.6248576e-05
88630,2.6248576e-05
88631,2.6248576e-05
88632,2.6248576e-05
88633,2.6248576e-05
88634,2.6248576e-05
88635,2.6248576e-05
88636,2.6248576e-05
88637,2.6248576e-05
88638,2.6248576e-05
88639,2.6248576e-05
88640,2.6248576e-05
88641,2.6248576e-05
88642,2.6248576e-05
88643,2.6248576e-05
88644,2.6248576e-05
88645,2.6248576e-05
88646,2.6248576e-05
88647,2.6248576e-05
88648,2.6248576e-05
88649,2.6248576e-05
88650,2.6248576e-05
88651,2.6248576e-05
88652,2.6248576e-05
88653,2.6248576e-05
88654,2.6248576e-05
88655,2.6248576e-05
88656,2.6248576e-05
88657,2.6248576e-05
88658,2.6248576e-05
88659,2.6248576e-05
88660,2.6248576e-05
88661,2.6248576e-05
88662,2.6248576e-05
88663,2.6248576e-05
88664,2.6248576e-05
88665,2.6248576e-05
88666,2.6248576e-05
88667,2.6248576e-05
88668,2.6248576e-05
88669,2.6248576e-05
88670,2.6248576e-05
88671,2.6248576e-05
88672,2.6248576e-05
88673,2.6248576e-05
88674,2.6248576e-05
88675,2.6248576e-05
88676,2.6248576e-05
88677,2.6248576e-05
88678,2.6248576e-05
88679,2.6248576e-05
88680,2.6248576e-05
88681,2.6248576e-05
88682,2.6248576e-05
88683,2.6248576e-05
88684,2.6248576e-05
88685,2.6248576e-05
88686,2.6248576e-05
88687,2.6248576e-05
88688,2.6248576e-05
88689,2.6248576e-05
88690,2.6248576e-05
88691,2.6248576e-05
88692,2.6248576e-05
88693,2.6248576e-05
88694,2.6248576e-05
88695,2.6248576e-05
88696,2.6248576e-05
88697,2.6248576e-05
88698,2.6248576e-05
88699,2.6248576e-05
88700,2.6248576e-05
88701,2.6248576e-05
88702,2.6248576e-05
88703,2.6248576e-05
88704,2.6248576e-05
88705,2.6248576e-05
88706,2.6248576e-05
88707,2.6248576e-05
88708,2.6248576e-05
88709,2.6248576e-05
88710,2.6248576e-05
88711,2.6248576e-05
88712,2.6248576e-05
88713,2.6248576e-05
88714,2.6248576e-05
88715,2.6248576e-05
88716,2.6248576e-05
88717,2.6248576e-05
88718,2.6248576e-05
88719,2.6248576e-05
88720,2.6248576e-05
88721,2.6248576e-05
88722,2.6248576e-05
88723,2.6248576e-05
88724,2.6248576e-05
88725,2.6248576e-05
88726,2.6248576e-05
88727,2.6248576e-05
88728,2.6248576e-05
88729,2.6248576e-05
88730,2.6248576e-05
88731,2.6248576e-05
88732,2.6248576e-05
88733,2.6248576e-05
88734,2.6248576e-05
88735,2.6248576e-05
88736,2.6248576e-05
88737,2.6248576e-05
88738,2.6248576e-05
88739,2.6248576e-05
88740,2.6248576e-05
88741,2.6248576e-05
88742,2.6248576e-05
88743,2.6248576e-05
88744,2.6248576e-05
88745,2.6248576e-05
88746,2.6248576e-05
88747,2.6248576e-05
88748,2.6248576e-05
88749,2.6248576e-05
88750,2.6248576e-05
88751,2.6248576e-05
88752,2.6248576e-05
88753,2.6248576e-05
88754,2.6248576e-05
88755,2.6248576e-05
88756,2.6248576e-05
88757,2.6248576e-05
88758,2.6248576e-05
88759,2.6248576e-05
88760,2.6248576e-05
88761,2.6248576e-05
88762,2.6248576e-05
88763,2.6248576e-05
88764,2.6248576e-05
88765,2.6248576e-05
88766,2.6248576e-05
88767,2.6248576e-05
88768,2.6248576e-05
88769,2.6248576e-05
88770,2.6248576e-05
88771,2.6248576e-05
88772,2.6248576e-05
88773,2.6248576e-05
88774,2.6248576e-05
88775,2.6248576e-05
88776,2.6248576e-05
88777,2.6248576e-05
88778,2.6248576e-05
88779,2.6248576e-05
88780,2.6248576e-05
88781,2.6248576e-05
88782,2.6248576e-05
88783,2.6248576e-05
88784,2.6248576e-05
88785,2.6248576e-05
88786,2.6248576e-05
88787,2.6248576e-05
88788,2.6248576e-05
88789,2.6248576e-05
88790,2.6248576e-05
88791,2.6248576e-05
88792,2.6248576e-05
88793,2.6248576e-05
88794,2.6248576e-05
88795,2.6248576e-05
88796,2.6248576e-05
88797,2.6248576e-05
88798,2.6248576e-05
88799,2.6248576e-05
88800,2.6248576e-05
88801,2.6248576e-05
88802,2.6248576e-05
88803,2.6248576e-05
88804,2.6248576e-05
88805,2.6248576e-05
88806,2.6248576e-05
88807,2.6248576e-05
88808,2.6248576e-05
88809,2.6248576e-05
88810,2.6248576e-05
88811,2.6248576e-05
88812,2.6248576e-05
88813,2.6248576e-05
88814,2.6248576e-05
88815,2.6248576e-05
88816,2.6248576e-05
88817,2.6248576e-05
88818,2.6248576e-05
88819,2.6248576e-05
88820,2.6248576e-05
88821,2.6248576e-05
88822,2.6248576e-05
88823,2.6248576e-05
88824,2.6248576e-05
88825,2.6248576e-05
88826,2.6248576e-05
88827,2.6248576e-05
88828,2.6248576e-05
88829,2.6248576e-05
88830,2.6248576e-05
88831,2.6248576e-05
88832,2.6248576e-05
88833,2.6248576e-05
88834,2.6248576e-05
88835,2.6248576e-05
88836,2.6248576e-05
88837,2.6248576e-05
88838,2.6248576e-05
88839,2.6248576e-05
88840,2.6248576e-05
88841,2.6248576e-05
88842,2.6248576e-05
88843,2.6248576e-05
88844,2.6248576e-05
88845,2.6248576e-05
88846,2.6248576e-05
88847,2.6248576e-05
88848,2.6248576e-05
88849,2.6248576e-05
88850,2.6248576e-05
88851,2.6248576e-05
88852,2.6248576e-05
88853,2.6248576e-05
88854,2.6248576e-05
88855,2.6248576e-05
88856,2.6248576e-05
88857,2.6248576e-05
88858,2.6248576e-05
88859,2.6248576e-05
88860,2.6248576e-05
88861,2.6248576e-05
88862,2.6248576e-05
88863,2.6248576e-05
88864,2.6248576e-05
88865,2.6248576e-05
88866,2.6248576e-05
88867,2.6248576e-05
88868,2.6248576e-05
88869,2.6248576e-05
88870,2.6248576e-05
88871,2.6248576e-05
88872,2.6248576e-05
88873,2.6248576e-05
88874,2.6248576e-05
88875,2.6248576e-05
88876,2.6248576e-05
88877,2.6248576e-05
88878,2.6248576e-05
88879,2.6248576e-05
88880,2.6248576e-05
88881,2.6248576e-05
88882,2.6248576e-05
88883,2.6248576e-05
88884,2.6248576e-05
88885,2.6248576e-05
88886,2.6248576e-05
88887,2.6248576e-05
88888,2.6248576e-05
88889,2.6248576e-05
88890,2.6248576e-05
88891,2.6248576e-05
88892,2.6248576e-05
88893,2.6248576e-05
88894,2.6248576e-05
88895,2.6248576e-05
88896,2.6248576e-05
88897,2.6248576e-05
88898,2.6248576e-05
88899,2.6248576e-05
88900,2.6248576e-05
88901,2.6248576e-05
88902,2.6248576e-05
88903,2.6248576e-05
88904,2.6248576e-05
88905,2.6248576e-05
88906,2.6248576e-05
88907,2.6248576e-05
88908,2.6248576e-05
88909,2.6248576e-05
88910,2.6248576e-05
88911,2.6248576e-05
88912,2.6248576e-05
88913,2.6248576e-05
88914,2.6248576e-05
88915,2.6248576e-05
88916,2.6248576e-05
88917,2.6248576e-05
88918,2.6248576e-05
88919,2.6248576e-05
88920,2.6248576e-05
88921,2.6248576e-05
88922,2.6248576e-05
88923,2.6248576e-05
88924,2.6248576e-05
88925,2.6248576e-05
88926,2.6248576e-05
88927,2.6248576e-05
88928,2.6248576e-05
88929,2.6248576e-05
88930,2.6248576e-05
88931,2.6248576e-05
88932,2.6248576e-05
88933,2.6248576e-05
88934,2.6248576e-05
88935,2.6248576e-05
88936,2.6248576e-05
88937,2.6248576e-05
88938,2.6248576e-05
88939,2.6248576e-05
88940,2.6248576e-05
88941,2.6248576e-05
88942,2.6248576e-05
88943,2.6248576e-05
88944,2.6248576e-05
88945,2.6248576e-05
88946,2.6248576e-05
88947,2.6248576e-05
88948,2.6248576e-05
88949,2.6248576e-05
88950,2.6248576e-05
88951,2.6248576e-05
88952,2.6248576e-05
88953,2.6248576e-05
88954,2.6248576e-05
88955,2.6248576e-05
88956,2.6248576e-05
88957,2.6248576e-05
88958,2.6248576e-05
88959,2.6248576e-05
88960,2.6248576e-05
88961,2.6248576e-05
88962,2.6248576e-05
88963,2.6248576e-05
88964,2.6248576e-05
88965,2.6248576e-05
88966,2.6248576e-05
88967,2.6248576e-05
88968,2.6248576e-05
88969,2.6248576e-05
88970,2.6248576e-05
88971,2.6248576e-05
88972,2.6248576e-05
88973,2.6248576e-05
88974,2.6248576e-05
88975,2.6248576e-05
88976,2.6248576e-05
88977,2.6248576e-05
88978,2.6248576e-05
88979,2.6248576e-05
88980,2.6248576e-05
88981,2.6248576e-05
88982,2.6248576e-05
88983,2.6248576e-05
88984,2.6248576e-05
88985,2.6248576e-05
88986,2.6248576e-05
88987,2.6248576e-05
88988,2.6248576e-05
88989,2.6248576e-05
88990,2.6248576e-05
88991,2.6248576e-05
88992,2.6248576e-05
88993,2.6248576e-05
88994,2.6248576e-05
88995,2.6248576e-05
88996,2.6248576e-05
88997,2.6248576e-05
88998,2.6248576e-05
88999,2.6248576e-05
89000,2.6248576e-05
89001,2.6248576e-05
89002,2.6248576e-05
89003,2.6248576e-05
89004,2.6248576e-05
89005,2.6248576e-05
89006,2.6248576e-05
89007,2.6248576e-05
89008,2.6248576e-05
89009,2.6248576e-05
89010,2.6248576e-05
89011,2.6248576e-05
89012,2.6248576e-05
89013,2.6248576e-05
89014,2.6248576e-05
89015,2.6248576e-05
89016,2.6248576e-05
89017,2.6248576e-05
89018,2.6248576e-05
89019,2.6248576e-05
89020,2.6248576e-05
89021,2.6248576e-05
89022,2.6248576e-05
89023,2.6248576e-05
89024,2.6248576e-05
89025,2.6248576e-05
89026,2.6248576e-05
89027,2.6248576e-05
89028,2.6248576e-05
89029,2.6248576e-05
89030,2.6248576e-05
89031,2.6248576e-05
89032,2.6248576e-05
89033,2.6248576e-05
89034,2.6248576e-05
89035,2.6248576e-05
89036,2.6248576e-05
89037,2.6248576e-05
89038,2.6248576e-05
89039,2.6248576e-05
89040,2.6248576e-05
89041,2.6248576e-05
89042,2.6248576e-05
89043,2.6248576e-05
89044,2.6248576e-05
89045,2.6248576e-05
89046,2.6248576e-05
89047,2.6248576e-05
89048,2.6248576e-05
89049,2.6248576e-05
89050,2.6248576e-05
89051,2.6248576e-05
89052,2.6248576e-05
89053,2.6248576e-05
89054,2.6248576e-05
89055,2.6248576e-05
89056,2.6248576e-05
89057,2.6248576e-05
89058,2.6248576e-05
89059,2.6248576e-05
89060,2.6248576e-05
89061,2.6248576e-05
89062,2.6248576e-05
89063,2.6248576e-05
89064,2.6248576e-05
89065,2.6248576e-05
89066,2.6248576e-05
89067,2.6248576e-05
89068,2.6248576e-05
89069,2.6248576e-05
89070,2.6248576e-05
89071,2.6248576e-05
89072,2.6248576e-05
89073,2.6248576e-05
89074,2.6248576e-05
89075,2.6248576e-05
89076,2.6248576e-05
89077,2.6248576e-05
89078,2.6248576e-05
89079,2.6248576e-05
89080,2.6248576e-05
89081,2.6248576e-05
89082,2.6248576e-05
89083,2.6248576e-05
89084,2.6248576e-05
89085,2.6248576e-05
89086,2.6248576e-05
89087,2.6248576e-05
89088,2.6248576e-05
89089,2.6248576e-05
89090,2.6248576e-05
89091,2.6248576e-05
89092,2.6248576e-05
89093,2.6248576e-05
89094,2.6248576e-05
89095,2.6248576e-05
89096,2.6248576e-05
89097,2.6248576e-05
89098,2.6248576e-05
89099,2.6248576e-05
89100,2.6248576e-05
89101,2.6248576e-05
89102,2.6248576e-05
89103,2.6248576e-05
89104,2.6248576e-05
89105,2.6248576e-05
89106,2.6248576e-05
89107,2.6248576e-05
89108,2.6248576e-05
89109,2.6248576e-05
89110,2.6248576e-05
89111,2.6248576e-05
89112,2.6248576e-05
89113,2.6248576e-05
89114,2.6248576e-05
89115,2.6248576e-05
89116,2.6248576e-05
89117,2.6248576e-05
89118,2.6248576e-05
89119,2.6248576e-05
89120,2.6248576e-05
89121,2.6248576e-05
89122,2.6248576e-05
89123,2.6248576e-05
89124,2.6248576e-05
89125,2.6248576e-05
89126,2.6248576e-05
89127,2.6248576e-05
89128,2.6248576e-05
89129,2.6248576e-05
89130,2.6248576e-05
89131,2.6248576e-05
89132,2.6248576e-05
89133,2.6248576e-05
89134,2.6248576e-05
89135,2.6248576e-05
89136,2.6248576e-05
89137,2.6248576e-05
89138,2.6248576e-05
89139,2.6248576e-05
89140,2.6248576e-05
89141,2.6248576e-05
89142,2.6248576e-05
89143,2.6248576e-05
89144,2.6248576e-05
89145,2.6248576e-05
89146,2.6248576e-05
89147,2.6248576e-05
89148,2.6248576e-05
89149,2.6248576e-05
89150,2.6248576e-05
89151,2.6248576e-05
89152,2.6248576e-05
89153,2.6248576e-05
89154,2.6248576e-05
89155,2.6248576e-05
89156,2.6248576e-05
89157,2.6248576e-05
89158,2.6248576e-05
89159,2.6248576e-05
89160,2.6248576e-05
89161,2.6248576e-05
89162,2.6248576e-05
89163,2.6248576e-05
89164,2.6248576e-05
89165,2.6248576e-05
89166,2.6248576e-05
89167,2.6248576e-05
89168,2.6248576e-05
89169,2.6248576e-05
89170,2.6248576e-05
89171,2.6248576e-05
89172,2.6248576e-05
89173,2.6248576e-05
89174,2.6248576e-05
89175,2.6248576e-05
89176,2.6248576e-05
89177,2.6248576e-05
89178,2.6248576e-05
89179,2.6248576e-05
89180,2.6248576e-05
89181,2.6248576e-05
89182,2.6248576e-05
89183,2.6248576e-05
89184,2.6248576e-05
89185,2.6248576e-05
89186,2.6248576e-05
89187,2.6248576e-05
89188,2.6248576e-05
89189,2.6248576e-05
89190,2.6248576e-05
89191,2.6248576e-05
89192,2.6248576e-05
89193,2.6248576e-05
89194,2.6248576e-05
89195,2.6248576e-05
89196,2.6248576e-05
89197,2.6248576e-05
89198,2.6248576e-05
89199,2.6248576e-05
89200,2.6248576e-05
89201,2.6248576e-05
89202,2.6248576e-05
89203,2.6248576e-05
89204,2.6248576e-05
89205,2.6248576e-05
89206,2.6248576e-05
89207,2.6248576e-05
89208,2.6248576e-05
89209,2.6248576e-05
89210,2.6248576e-05
89211,2.6248576e-05
89212,2.6248576e-05
89213,2.6248576e-05
89214,2.6248576e-05
89215,2.6248576e-05
89216,2.6248576e-05
89217,2.6248576e-05
89218,2.6248576e-05
89219,2.6248576e-05
89220,2.6248576e-05
89221,2.6248576e-05
89222,2.6248576e-05
89223,2.6248576e-05
89224,2.6248576e-05
89225,2.6248576e-05
89226,2.6248576e-05
89227,2.6248576e-05
89228,2.6248576e-05
89229,2.6248576e-05
89230,2.6248576e-05
89231,2.6248576e-05
89232,2.6248576e-05
89233,2.6248576e-05
89234,2.6248576e-05
89235,2.6248576e-05
89236,2.6248576e-05
89237,2.6248576e-05
89238,2.6248576e-05
89239,2.6248576e-05
89240,2.6248576e-05
89241,2.6248576e-05
89242,2.6248576e-05
89243,2.6248576e-05
89244,2.6248576e-05
89245,2.6248576e-05
89246,2.6248576e-05
89247,2.6248576e-05
89248,2.6248576e-05
89249,2.6248576e-05
89250,2.6248576e-05
89251,2.6248576e-05
89252,2.6248576e-05
89253,2.6248576e-05
89254,2.6248576e-05
89255,2.6248576e-05
89256,2.6248576e-05
89257,2.6248576e-05
89258,2.6248576e-05
89259,2.6248576e-05
89260,2.6248576e-05
89261,2.6248576e-05
89262,2.6248576e-05
89263,2.6248576e-05
89264,2.6248576e-05
89265,2.6248576e-05
89266,2.6248576e-05
89267,2.6248576e-05
89268,2.6248576e-05
89269,2.6248576e-05
89270,2.6248576e-05
89271,2.6248576e-05
89272,2.6248576e-05
89273,2.6248576e-05
89274,2.6248576e-05
89275,2.6248576e-05
89276,2.6248576e-05
89277,2.6248576e-05
89278,2.6248576e-05
89279,2.6248576e-05
89280,2.6248576e-05
89281,2.6248576e-05
89282,2.6248576e-05
89283,2.6248576e-05
89284,2.6248576e-05
89285,2.6248576e-05
89286,2.6248576e-05
89287,2.6248576e-05
89288,2.6248576e-05
89289,2.6248576e-05
89290,2.6248576e-05
89291,2.6248576e-05
89292,2.6248576e-05
89293,2.6248576e-05
89294,2.6248576e-05
89295,2.6248576e-05
89296,2.6248576e-05
89297,2.6248576e-05
89298,2.6248576e-05
89299,2.6248576e-05
89300,2.6248576e-05
89301,2.6248576e-05
89302,2.6248576e-05
89303,2.6248576e-05
89304,2.6248576e-05
89305,2.6248576e-05
89306,2.6248576e-05
89307,2.6248576e-05
89308,2.6248576e-05
89309,2.6248576e-05
89310,2.6248576e-05
89311,2.6248576e-05
89312,2.6248576e-05
89313,2.6248576e-05
89314,2.6248576e-05
89315,2.6248576e-05
89316,2.6248576e-05
89317,2.6248576e-05
89318,2.6248576e-05
89319,2.6248576e-05
89320,2.6248576e-05
89321,2.6248576e-05
89322,2.6248576e-05
89323,2.6248576e-05
89324,2.6248576e-05
89325,2.6248576e-05
89326,2.6248576e-05
89327,2.6248576e-05
89328,2.6248576e-05
89329,2.6248576e-05
89330,2.6248576e-05
89331,2.6248576e-05
89332,2.6248576e-05
89333,2.6248576e-05
89334,2.6248576e-05
89335,2.6248576e-05
89336,2.6248576e-05
89337,2.6248576e-05
89338,2.6248576e-05
89339,2.6248576e-05
89340,2.6248576e-05
89341,2.6248576e-05
89342,2.6248576e-05
89343,2.6248576e-05
89344,2.6248576e-05
89345,2.6248576e-05
89346,2.6248576e-05
89347,2.6248576e-05
89348,2.6248576e-05
89349,2.6248576e-05
89350,2.6248576e-05
89351,2.6248576e-05
89352,2.6248576e-05
89353,2.6248576e-05
89354,2.6248576e-05
89355,2.6248576e-05
89356,2.6248576e-05
89357,2.6248576e-05
89358,2.6248576e-05
89359,2.6248576e-05
89360,2.6248576e-05
89361,2.6248576e-05
89362,2.6248576e-05
89363,2.6248576e-05
89364,2.6248576e-05
89365,2.6248576e-05
89366,2.6248576e-05
89367,2.6248576e-05
89368,2.6248576e-05
89369,2.6248576e-05
89370,2.6248576e-05
89371,2.6248576e-05
89372,2.6248576e-05
89373,2.6248576e-05
89374,2.6248576e-05
89375,2.6248576e-05
89376,2.6248576e-05
89377,2.6248576e-05
89378,2.6248576e-05
89379,2.6248576e-05
89380,2.6248576e-05
89381,2.6248576e-05
89382,2.6248576e-05
89383,2.6248576e-05
89384,2.6248576e-05
89385,2.6248576e-05
89386,2.6248576e-05
89387,2.6248576e-05
89388,2.6248576e-05
89389,2.6248576e-05
89390,2.6248576e-05
89391,2.6248576e-05
89392,2.6248576e-05
89393,2.6248576e-05
89394,2.6248576e-05
89395,2.6248576e-05
89396,2.6248576e-05
89397,2.6248576e-05
89398,2.6248576e-05
89399,2.6248576e-05
89400,2.6248576e-05
89401,2.6248576e-05
89402,2.6248576e-05
89403,2.6248576e-05
89404,2.6248576e-05
89405,2.6248576e-05
89406,2.6248576e-05
89407,2.6248576e-05
89408,2.6248576e-05
89409,2.6248576e-05
89410,2.6248576e-05
89411,2.6248576e-05
89412,2.6248576e-05
89413,2.6248576e-05
89414,2.6248576e-05
89415,2.6248576e-05
89416,2.6248576e-05
89417,2.6248576e-05
89418,2.6248576e-05
89419,2.6248576e-05
89420,2.6248576e-05
89421,2.6248576e-05
89422,2.6248576e-05
89423,2.6248576e-05
89424,2.6248576e-05
89425,2.6248576e-05
89426,2.6248576e-05
89427,2.6248576e-05
89428,2.6248576e-05
89429,2.6248576e-05
89430,2.6248576e-05
89431,2.6248576e-05
89432,2.6248576e-05
89433,2.6248576e-05
89434,2.6248576e-05
89435,2.6248576e-05
89436,2.6248576e-05
89437,2.6248576e-05
89438,2.6248576e-05
89439,2.6248576e-05
89440,2.6248576e-05
89441,2.6248576e-05
89442,2.6248576e-05
89443,2.6248576e-05
89444,2.6248576e-05
89445,2.6248576e-05
89446,2.6248576e-05
89447,2.6248576e-05
89448,2.6248576e-05
89449,2.6248576e-05
89450,2.6248576e-05
89451,2.6248576e-05
89452,2.6248576e-05
89453,2.6248576e-05
89454,2.6248576e-05
89455,2.6248576e-05
89456,2.6248576e-05
89457,2.6248576e-05
89458,2.6248576e-05
89459,2.6248576e-05
89460,2.6248576e-05
89461,2.6248576e-05
89462,2.6248576e-05
89463,2.6248576e-05
89464,2.6248576e-05
89465,2.6248576e-05
89466,2.6248576e-05
89467,2.6248576e-05
89468,2.6248576e-05
89469,2.6248576e-05
89470,2.6248576e-05
89471,2.6248576e-05
89472,2.6248576e-05
89473,2.6248576e-05
89474,2.6248576e-05
89475,2.6248576e-05
89476,2.6248576e-05
89477,2.6248576e-05
89478,2.6248576e-05
89479,2.6248576e-05
89480,2.6248576e-05
89481,2.6248576e-05
89482,2.6248576e-05
89483,2.6248576e-05
89484,2.6248576e-05
89485,2.6248576e-05
89486,2.6248576e-05
89487,2.6248576e-05
89488,2.6248576e-05
89489,2.6248576e-05
89490,2.6248576e-05
89491,2.6248576e-05
89492,2.6248576e-05
89493,2.6248576e-05
89494,2.6248576e-05
89495,2.6248576e-05
89496,2.6248576e-05
89497,2.6248576e-05
89498,2.6248576e-05
89499,2.6248576e-05
89500,2.6248576e-05
89501,2.6248576e-05
89502,2.6248576e-05
89503,2.6248576e-05
89504,2.6248576e-05
89505,2.6248576e-05
89506,2.6248576e-05
89507,2.6248576e-05
89508,2.6248576e-05
89509,2.6248576e-05
89510,2.6248576e-05
89511,2.6248576e-05
89512,2.6248576e-05
89513,2.6248576e-05
89514,2.6248576e-05
89515,2.6248576e-05
89516,2.6248576e-05
89517,2.6248576e-05
89518,2.6248576e-05
89519,2.6248576e-05
89520,2.6248576e-05
89521,2.6248576e-05
89522,2.6248576e-05
89523,2.6248576e-05
89524,2.6248576e-05
89525,2.6248576e-05
89526,2.6248576e-05
89527,2.6248576e-05
89528,2.6248576e-05
89529,2.6248576e-05
89530,2.6248576e-05
89531,2.6248576e-05
89532,2.6248576e-05
89533,2.6248576e-05
89534,2.6248576e-05
89535,2.6248576e-05
89536,2.6248576e-05
89537,2.6248576e-05
89538,2.6248576e-05
89539,2.6248576e-05
89540,2.6248576e-05
89541,2.6248576e-05
89542,2.6248576e-05
89543,2.6248576e-05
89544,2.6248576e-05
89545,2.6248576e-05
89546,2.6248576e-05
89547,2.6248576e-05
89548,2.6248576e-05
89549,2.6248576e-05
89550,2.6248576e-05
89551,2.6248576e-05
89552,2.6248576e-05
89553,2.6248576e-05
89554,2.6248576e-05
89555,2.6248576e-05
89556,2.6248576e-05
89557,2.6248576e-05
89558,2.6248576e-05
89559,2.6248576e-05
89560,2.6248576e-05
89561,2.6248576e-05
89562,2.6248576e-05
89563,2.6248576e-05
89564,2.6248576e-05
89565,2.6248576e-05
89566,2.6248576e-05
89567,2.6248576e-05
89568,2.6248576e-05
89569,2.6248576e-05
89570,2.6248576e-05
89571,2.6248576e-05
89572,2.6248576e-05
89573,2.6248576e-05
89574,2.6248576e-05
89575,2.6248576e-05
89576,2.6248576e-05
89577,2.6248576e-05
89578,2.6248576e-05
89579,2.6248576e-05
89580,2.6248576e-05
89581,2.6248576e-05
89582,2.6248576e-05
89583,2.6248576e-05
89584,2.6248576e-05
89585,2.6248576e-05
89586,2.6248576e-05
89587,2.6248576e-05
89588,2.6248576e-05
89589,2.6248576e-05
89590,2.6248576e-05
89591,2.6248576e-05
89592,2.6248576e-05
89593,2.6248576e-05
89594,2.6248576e-05
89595,2.6248576e-05
89596,2.6248576e-05
89597,2.6248576e-05
89598,2.6248576e-05
89599,2.6248576e-05
89600,2.6248576e-05
89601,2.6248576e-05
89602,2.6248576e-05
89603,2.6248576e-05
89604,2.6248576e-05
89605,2.6248576e-05
89606,2.6248576e-05
89607,2.6248576e-05
89608,2.6248576e-05
89609,2.6248576e-05
89610,2.6248576e-05
89611,2.6248576e-05
89612,2.6248576e-05
89613,2.6248576e-05
89614,2.6248576e-05
89615,2.6248576e-05
89616,2.6248576e-05
89617,2.6248576e-05
89618,2.6248576e-05
89619,2.6248576e-05
89620,2.6248576e-05
89621,2.6248576e-05
89622,2.6248576e-05
89623,2.6248576e-05
89624,2.6248576e-05
89625,2.6248576e-05
89626,2.6248576e-05
89627,2.6248576e-05
89628,2.6248576e-05
89629,2.6248576e-05
89630,2.6248576e-05
89631,2.6248576e-05
89632,2.6248576e-05
89633,2.6248576e-05
89634,2.6248576e-05
89635,2.6248576e-05
89636,2.6248576e-05
89637,2.6248576e-05
89638,2.6248576e-05
89639,2.6248576e-05
89640,2.6248576e-05
89641,2.6248576e-05
89642,2.6248576e-05
89643,2.6248576e-05
89644,2.6248576e-05
89645,2.6248576e-05
89646,2.6248576e-05
89647,2.6248576e-05
89648,2.6248576e-05
89649,2.6248576e-05
89650,2.6248576e-05
89651,2.6248576e-05
89652,2.6248576e-05
89653,2.6248576e-05
89654,2.6248576e-05
89655,2.6248576e-05
89656,2.6248576e-05
89657,2.6248576e-05
89658,2.6248576e-05
89659,2.6248576e-05
89660,2.6248576e-05
89661,2.6248576e-05
89662,2.6248576e-05
89663,2.6248576e-05
89664,2.6248576e-05
89665,2.6248576e-05
89666,2.6248576e-05
89667,2.6248576e-05
89668,2.6248576e-05
89669,2.6248576e-05
89670,2.6248576e-05
89671,2.6248576e-05
89672,2.6248576e-05
89673,2.6248576e-05
89674,2.6248576e-05
89675,2.6248576e-05
89676,2.6248576e-05
89677,2.6248576e-05
89678,2.6248576e-05
89679,2.6248576e-05
89680,2.6248576e-05
89681,2.6248576e-05
89682,2.6248576e-05
89683,2.6248576e-05
89684,2.6248576e-05
89685,2.6248576e-05
89686,2.6248576e-05
89687,2.6248576e-05
89688,2.6248576e-05
89689,2.6248576e-05
89690,2.6248576e-05
89691,2.6248576e-05
89692,2.6248576e-05
89693,2.6248576e-05
89694,2.6248576e-05
89695,2.6248576e-05
89696,2.6248576e-05
89697,2.6248576e-05
89698,2.6248576e-05
89699,2.6248576e-05
89700,2.6248576e-05
89701,2.6248576e-05
89702,2.6248576e-05
89703,2.6248576e-05
89704,2.6248576e-05
89705,2.6248576e-05
89706,2.6248576e-05
89707,2.6248576e-05
89708,2.6248576e-05
89709,2.6248576e-05
89710,2.6248576e-05
89711,2.6248576e-05
89712,2.6248576e-05
89713,2.6248576e-05
89714,2.6248576e-05
89715,2.6248576e-05
89716,2.6248576e-05
89717,2.6248576e-05
89718,2.6248576e-05
89719,2.6248576e-05
89720,2.6248576e-05
89721,2.6248576e-05
89722,2.6248576e-05
89723,2.6248576e-05
89724,2.6248576e-05
89725,2.6248576e-05
89726,2.6248576e-05
89727,2.6248576e-05
89728,2.6248576e-05
89729,2.6248576e-05
89730,2.6248576e-05
89731,2.6248576e-05
89732,2.6248576e-05
89733,2.6248576e-05
89734,2.6248576e-05
89735,2.6248576e-05
89736,2.6248576e-05
89737,2.6248576e-05
89738,2.6248576e-05
89739,2.6248576e-05
89740,2.6248576e-05
89741,2.6248576e-05
89742,2.6248576e-05
89743,2.6248576e-05
89744,2.6248576e-05
89745,2.6248576e-05
89746,2.6248576e-05
89747,2.6248576e-05
89748,2.6248576e-05
89749,2.6248576e-05
89750,2.6248576e-05
89751,2.6248576e-05
89752,2.6248576e-05
89753,2.6248576e-05
89754,2.6248576e-05
89755,2.6248576e-05
89756,2.6248576e-05
89757,2.6248576e-05
89758,2.6248576e-05
89759,2.6248576e-05
89760,2.6248576e-05
89761,2.6248576e-05
89762,2.6248576e-05
89763,2.6248576e-05
89764,2.6248576e-05
89765,2.6248576e-05
89766,2.6248576e-05
89767,2.6248576e-05
89768,2.6248576e-05
89769,2.6248576e-05
89770,2.6248576e-05
89771,2.6248576e-05
89772,2.6248576e-05
89773,2.6248576e-05
89774,2.6248576e-05
89775,2.6248576e-05
89776,2.6248576e-05
89777,2.6248576e-05
89778,2.6248576e-05
89779,2.6248576e-05
89780,2.6248576e-05
89781,2.6248576e-05
89782,2.6248576e-05
89783,2.6248576e-05
89784,2.6248576e-05
89785,2.6248576e-05
89786,2.6248576e-05
89787,2.6248576e-05
89788,2.6248576e-05
89789,2.6248576e-05
89790,2.6248576e-05
89791,2.6248576e-05
89792,2.6248576e-05
89793,2.6248576e-05
89794,2.6248576e-05
89795,2.6248576e-05
89796,2.6248576e-05
89797,2.6248576e-05
89798,2.6248576e-05
89799,2.6248576e-05
89800,2.6248576e-05
89801,2.6248576e-05
89802,2.6248576e-05
89803,2.6248576e-05
89804,2.6248576e-05
89805,2.6248576e-05
89806,2.6248576e-05
89807,2.6248576e-05
89808,2.6248576e-05
89809,2.6248576e-05
89810,2.6248576e-05
89811,2.6248576e-05
89812,2.6248576e-05
89813,2.6248576e-05
89814,2.6248576e-05
89815,2.6248576e-05
89816,2.6248576e-05
89817,2.6248576e-05
89818,2.6248576e-05
89819,2.6248576e-05
89820,2.6248576e-05
89821,2.6248576e-05
89822,2.6248576e-05
89823,2.6248576e-05
89824,2.6248576e-05
89825,2.6248576e-05
89826,2.6248576e-05
89827,2.6248576e-05
89828,2.6248576e-05
89829,2.6248576e-05
89830,2.6248576e-05
89831,2.6248576e-05
89832,2.6248576e-05
89833,2.6248576e-05
89834,2.6248576e-05
89835,2.6248576e-05
89836,2.6248576e-05
89837,2.6248576e-05
89838,2.6248576e-05
89839,2.6248576e-05
89840,2.6248576e-05
89841,2.6248576e-05
89842,2.6248576e-05
89843,2.6248576e-05
89844,2.6248576e-05
89845,2.6248576e-05
89846,2.6248576e-05
89847,2.6248576e-05
89848,2.6248576e-05
89849,2.6248576e-05
89850,2.6248576e-05
89851,2.6248576e-05
89852,2.6248576e-05
89853,2.6248576e-05
89854,2.6248576e-05
89855,2.6248576e-05
89856,2.6248576e-05
89857,2.6248576e-05
89858,2.6248576e-05
89859,2.6248576e-05
89860,2.6248576e-05
89861,2.6248576e-05
89862,2.6248576e-05
89863,2.6248576e-05
89864,2.6248576e-05
89865,2.6248576e-05
89866,2.6248576e-05
89867,2.6248576e-05
89868,2.6248576e-05
89869,2.6248576e-05
89870,2.6248576e-05
89871,2.6248576e-05
89872,2.6248576e-05
89873,2.6248576e-05
89874,2.6248576e-05
89875,2.6248576e-05
89876,2.6248576e-05
89877,2.6248576e-05
89878,2.6248576e-05
89879,2.6248576e-05
89880,2.6248576e-05
89881,2.6248576e-05
89882,2.6248576e-05
89883,2.6248576e-05
89884,2.6248576e-05
89885,2.6248576e-05
89886,2.6248576e-05
89887,2.6248576e-05
89888,2.6248576e-05
89889,2.6248576e-05
89890,2.6248576e-05
89891,2.6248576e-05
89892,2.6248576e-05
89893,2.6248576e-05
89894,2.6248576e-05
89895,2.6248576e-05
89896,2.6248576e-05
89897,2.6248576e-05
89898,2.6248576e-05
89899,2.6248576e-05
89900,2.6248576e-05
89901,2.6248576e-05
89902,2.6248576e-05
89903,2.6248576e-05
89904,2.6248576e-05
89905,2.6248576e-05
89906,2.6248576e-05
89907,2.6248576e-05
89908,2.6248576e-05
89909,2.6248576e-05
89910,2.6248576e-05
89911,2.6248576e-05
89912,2.6248576e-05
89913,2.6248576e-05
89914,2.6248576e-05
89915,2.6248576e-05
89916,2.6248576e-05
89917,2.6248576e-05
89918,2.6248576e-05
89919,2.6248576e-05
89920,2.6248576e-05
89921,2.6248576e-05
89922,2.6248576e-05
89923,2.6248576e-05
89924,2.6248576e-05
89925,2.6248576e-05
89926,2.6248576e-05
89927,2.6248576e-05
89928,2.6248576e-05
89929,2.6248576e-05
89930,2.6248576e-05
89931,2.6248576e-05
89932,2.6248576e-05
89933,2.6248576e-05
89934,2.6248576e-05
89935,2.6248576e-05
89936,2.6248576e-05
89937,2.6248576e-05
89938,2.6248576e-05
89939,2.6248576e-05
89940,2.6248576e-05
89941,2.6248576e-05
89942,2.6248576e-05
89943,2.6248576e-05
89944,2.6248576e-05
89945,2.6248576e-05
89946,2.6248576e-05
89947,2.6248576e-05
89948,2.6248576e-05
89949,2.6248576e-05
89950,2.6248576e-05
89951,2.6248576e-05
89952,2.6248576e-05
89953,2.6248576e-05
89954,2.6248576e-05
89955,2.6248576e-05
89956,2.6248576e-05
89957,2.6248576e-05
89958,2.6248576e-05
89959,2.6248576e-05
89960,2.6248576e-05
89961,2.6248576e-05
89962,2.6248576e-05
89963,2.6248576e-05
89964,2.6248576e-05
89965,2.6248576e-05
89966,2.6248576e-05
89967,2.6248576e-05
89968,2.6248576e-05
89969,2.6248576e-05
89970,2.6248576e-05
89971,2.6248576e-05
89972,2.6248576e-05
89973,2.6248576e-05
89974,2.6248576e-05
89975,2.6248576e-05
89976,2.6248576e-05
89977,2.6248576e-05
89978,2.6248576e-05
89979,2.6248576e-05
89980,2.6248576e-05
89981,2.6248576e-05
89982,2.6248576e-05
89983,2.6248576e-05
89984,2.6248576e-05
89985,2.6248576e-05
89986,2.6248576e-05
89987,2.6248576e-05
89988,2.6248576e-05
89989,2.6248576e-05
89990,2.6248576e-05
89991,2.6248576e-05
89992,2.6248576e-05
89993,2.6248576e-05
89994,2.6248576e-05
89995,2.6248576e-05
89996,2.6248576e-05
89997,2.6248576e-05
89998,2.6248576e-05
89999,2.6248576e-05
90000,2.6248576e-05
90001,2.6248576e-05
90002,2.6248576e-05
90003,2.6248576e-05
90004,2.6248576e-05
90005,2.6248576e-05
90006,2.6248576e-05
90007,2.6248576e-05
90008,2.6248576e-05
90009,2.6248576e-05
90010,2.6248576e-05
90011,2.6248576e-05
90012,2.6248576e-05
90013,2.6248576e-05
90014,2.6248576e-05
90015,2.6248576e-05
90016,2.6248576e-05
90017,2.6248576e-05
90018,2.6248576e-05
90019,2.6248576e-05
90020,2.6248576e-05
90021,2.6248576e-05
90022,2.6248576e-05
90023,2.6248576e-05
90024,2.6248576e-05
90025,2.6248576e-05
90026,2.6248576e-05
90027,2.6248576e-05
90028,2.6248576e-05
90029,2.6248576e-05
90030,2.6248576e-05
90031,2.6248576e-05
90032,2.6248576e-05
90033,2.6248576e-05
90034,2.6248576e-05
90035,2.6248576e-05
90036,2.6248576e-05
90037,2.6248576e-05
90038,2.6248576e-05
90039,2.6248576e-05
90040,2.6248576e-05
90041,2.6248576e-05
90042,2.6248576e-05
90043,2.6248576e-05
90044,2.6248576e-05
90045,2.6248576e-05
90046,2.6248576e-05
90047,2.6248576e-05
90048,2.6248576e-05
90049,2.6248576e-05
90050,2.6248576e-05
90051,2.6248576e-05
90052,2.6248576e-05
90053,2.6248576e-05
90054,2.6248576e-05
90055,2.6248576e-05
90056,2.6248576e-05
90057,2.6248576e-05
90058,2.6248576e-05
90059,2.6248576e-05
90060,2.6248576e-05
90061,2.6248576e-05
90062,2.6248576e-05
90063,2.6248576e-05
90064,2.6248576e-05
90065,2.6248576e-05
90066,2.6248576e-05
90067,2.6248576e-05
90068,2.6248576e-05
90069,2.6248576e-05
90070,2.6248576e-05
90071,2.6248576e-05
90072,2.6248576e-05
90073,2.6248576e-05
90074,2.6248576e-05
90075,2.6248576e-05
90076,2.6248576e-05
90077,2.6248576e-05
90078,2.6248576e-05
90079,2.6248576e-05
90080,2.6248576e-05
90081,2.6248576e-05
90082,2.6248576e-05
90083,2.6248576e-05
90084,2.6248576e-05
90085,2.6248576e-05
90086,2.6248576e-05
90087,2.6248576e-05
90088,2.6248576e-05
90089,2.6248576e-05
90090,2.6248576e-05
90091,2.6248576e-05
90092,2.6248576e-05
90093,2.6248576e-05
90094,2.6248576e-05
90095,2.6248576e-05
90096,2.6248576e-05
90097,2.6248576e-05
90098,2.6248576e-05
90099,2.6248576e-05
90100,2.6248576e-05
90101,2.6248576e-05
90102,2.6248576e-05
90103,2.6248576e-05
90104,2.6248576e-05
90105,2.6248576e-05
90106,2.6248576e-05
90107,2.6248576e-05
90108,2.6248576e-05
90109,2.6248576e-05
90110,2.6248576e-05
90111,2.6248576e-05
90112,2.6248576e-05
90113,2.6248576e-05
90114,2.6248576e-05
90115,2.6248576e-05
90116,2.6248576e-05
90117,2.6248576e-05
90118,2.6248576e-05
90119,2.6248576e-05
90120,2.6248576e-05
90121,2.6248576e-05
90122,2.6248576e-05
90123,2.6248576e-05
90124,2.6248576e-05
90125,2.6248576e-05
90126,2.6248576e-05
90127,2.6248576e-05
90128,2.6248576e-05
90129,2.6248576e-05
90130,2.6248576e-05
90131,2.6248576e-05
90132,2.6248576e-05
90133,2.6248576e-05
90134,2.6248576e-05
90135,2.6248576e-05
90136,2.6248576e-05
90137,2.6248576e-05
90138,2.6248576e-05
90139,2.6248576e-05
90140,2.6248576e-05
90141,2.6248576e-05
90142,2.6248576e-05
90143,2.6248576e-05
90144,2.6248576e-05
90145,2.6248576e-05
90146,2.6248576e-05
90147,2.6248576e-05
90148,2.6248576e-05
90149,2.6248576e-05
90150,2.6248576e-05
90151,2.6248576e-05
90152,2.6248576e-05
90153,2.6248576e-05
90154,2.6248576e-05
90155,2.6248576e-05
90156,2.6248576e-05
90157,2.6248576e-05
90158,2.6248576e-05
90159,2.6248576e-05
90160,2.6248576e-05
90161,2.6248576e-05
90162,2.6248576e-05
90163,2.6248576e-05
90164,2.6248576e-05
90165,2.6248576e-05
90166,2.6248576e-05
90167,2.6248576e-05
90168,2.6248576e-05
90169,2.6248576e-05
90170,2.6248576e-05
90171,2.6248576e-05
90172,2.6248576e-05
90173,2.6248576e-05
90174,2.6248576e-05
90175,2.6248576e-05
90176,2.6248576e-05
90177,2.6248576e-05
90178,2.6248576e-05
90179,2.6248576e-05
90180,2.6248576e-05
90181,2.6248576e-05
90182,2.6248576e-05
90183,2.6248576e-05
90184,2.6248576e-05
90185,2.6248576e-05
90186,2.6248576e-05
90187,2.6248576e-05
90188,2.6248576e-05
90189,2.6248576e-05
90190,2.6248576e-05
90191,2.6248576e-05
90192,2.6248576e-05
90193,2.6248576e-05
90194,2.6248576e-05
90195,2.6248576e-05
90196,2.6248576e-05
90197,2.6248576e-05
90198,2.6248576e-05
90199,2.6248576e-05
90200,2.6248576e-05
90201,2.6248576e-05
90202,2.6248576e-05
90203,2.6248576e-05
90204,2.6248576e-05
90205,2.6248576e-05
90206,2.6248576e-05
90207,2.6248576e-05
90208,2.6248576e-05
90209,2.6248576e-05
90210,2.6248576e-05
90211,2.6248576e-05
90212,2.6248576e-05
90213,2.6248576e-05
90214,2.6248576e-05
90215,2.6248576e-05
90216,2.6248576e-05
90217,2.6248576e-05
90218,2.6248576e-05
90219,2.6248576e-05
90220,2.6248576e-05
90221,2.6248576e-05
90222,2.6248576e-05
90223,2.6248576e-05
90224,2.6248576e-05
90225,2.6248576e-05
90226,2.6248576e-05
90227,2.6248576e-05
90228,2.6248576e-05
90229,2.6248576e-05
90230,2.6248576e-05
90231,2.6248576e-05
90232,2.6248576e-05
90233,2.6248576e-05
90234,2.6248576e-05
90235,2.6248576e-05
90236,2.6248576e-05
90237,2.6248576e-05
90238,2.6248576e-05
90239,2.6248576e-05
90240,2.6248576e-05
90241,2.6248576e-05
90242,2.6248576e-05
90243,2.6248576e-05
90244,2.6248576e-05
90245,2.6248576e-05
90246,2.6248576e-05
90247,2.6248576e-05
90248,2.6248576e-05
90249,2.6248576e-05
90250,2.6248576e-05
90251,2.6248576e-05
90252,2.6248576e-05
90253,2.6248576e-05
90254,2.6248576e-05
90255,2.6248576e-05
90256,2.6248576e-05
90257,2.6248576e-05
90258,2.6248576e-05
90259,2.6248576e-05
90260,2.6248576e-05
90261,2.6248576e-05
90262,2.6248576e-05
90263,2.6248576e-05
90264,2.6248576e-05
90265,2.6248576e-05
90266,2.6248576e-05
90267,2.6248576e-05
90268,2.6248576e-05
90269,2.6248576e-05
90270,2.6248576e-05
90271,2.6248576e-05
90272,2.6248576e-05
90273,2.6248576e-05
90274,2.6248576e-05
90275,2.6248576e-05
90276,2.6248576e-05
90277,2.6248576e-05
90278,2.6248576e-05
90279,2.6248576e-05
90280,2.6248576e-05
90281,2.6248576e-05
90282,2.6248576e-05
90283,2.6248576e-05
90284,2.6248576e-05
90285,2.6248576e-05
90286,2.6248576e-05
90287,2.6248576e-05
90288,2.6248576e-05
90289,2.6248576e-05
90290,2.6248576e-05
90291,2.6248576e-05
90292,2.6248576e-05
90293,2.6248576e-05
90294,2.6248576e-05
90295,2.6248576e-05
90296,2.6248576e-05
90297,2.6248576e-05
90298,2.6248576e-05
90299,2.6248576e-05
90300,2.6248576e-05
90301,2.6248576e-05
90302,2.6248576e-05
90303,2.6248576e-05
90304,2.6248576e-05
90305,2.6248576e-05
90306,2.6248576e-05
90307,2.6248576e-05
90308,2.6248576e-05
90309,2.6248576e-05
90310,2.6248576e-05
90311,2.6248576e-05
90312,2.6248576e-05
90313,2.6248576e-05
90314,2.6248576e-05
90315,2.6248576e-05
90316,2.6248576e-05
90317,2.6248576e-05
90318,2.6248576e-05
90319,2.6248576e-05
90320,2.6248576e-05
90321,2.6248576e-05
90322,2.6248576e-05
90323,2.6248576e-05
90324,2.6248576e-05
90325,2.6248576e-05
90326,2.6248576e-05
90327,2.6248576e-05
90328,2.6248576e-05
90329,2.6248576e-05
90330,2.6248576e-05
90331,2.6248576e-05
90332,2.6248576e-05
90333,2.6248576e-05
90334,2.6248576e-05
90335,2.6248576e-05
90336,2.6248576e-05
90337,2.6248576e-05
90338,2.6248576e-05
90339,2.6248576e-05
90340,2.6248576e-05
90341,2.6248576e-05
90342,2.6248576e-05
90343,2.6248576e-05
90344,2.6248576e-05
90345,2.6248576e-05
90346,2.6248576e-05
90347,2.6248576e-05
90348,2.6248576e-05
90349,2.6248576e-05
90350,2.6248576e-05
90351,2.6248576e-05
90352,2.6248576e-05
90353,2.6248576e-05
90354,2.6248576e-05
90355,2.6248576e-05
90356,2.6248576e-05
90357,2.6248576e-05
90358,2.6248576e-05
90359,2.6248576e-05
90360,2.6248576e-05
90361,2.6248576e-05
90362,2.6248576e-05
90363,2.6248576e-05
90364,2.6248576e-05
90365,2.6248576e-05
90366,2.6248576e-05
90367,2.6248576e-05
90368,2.6248576e-05
90369,2.6248576e-05
90370,2.6248576e-05
90371,2.6248576e-05
90372,2.6248576e-05
90373,2.6248576e-05
90374,2.6248576e-05
90375,2.6248576e-05
90376,2.6248576e-05
90377,2.6248576e-05
90378,2.6248576e-05
90379,2.6248576e-05
90380,2.6248576e-05
90381,2.6248576e-05
90382,2.6248576e-05
90383,2.6248576e-05
90384,2.6248576e-05
90385,2.6248576e-05
90386,2.6248576e-05
90387,2.6248576e-05
90388,2.6248576e-05
90389,2.6248576e-05
90390,2.6248576e-05
90391,2.6248576e-05
90392,2.6248576e-05
90393,2.6248576e-05
90394,2.6248576e-05
90395,2.6248576e-05
90396,2.6248576e-05
90397,2.6248576e-05
90398,2.6248576e-05
90399,2.6248576e-05
90400,2.6248576e-05
90401,2.6248576e-05
90402,2.6248576e-05
90403,2.6248576e-05
90404,2.6248576e-05
90405,2.6248576e-05
90406,2.6248576e-05
90407,2.6248576e-05
90408,2.6248576e-05
90409,2.6248576e-05
90410,2.6248576e-05
90411,2.6248576e-05
90412,2.6248576e-05
90413,2.6248576e-05
90414,2.6248576e-05
90415,2.6248576e-05
90416,2.6248576e-05
90417,2.6248576e-05
90418,2.6248576e-05
90419,2.6248576e-05
90420,2.6248576e-05
90421,2.6248576e-05
90422,2.6248576e-05
90423,2.6248576e-05
90424,2.6248576e-05
90425,2.6248576e-05
90426,2.6248576e-05
90427,2.6248576e-05
90428,2.6248576e-05
90429,2.6248576e-05
90430,2.6248576e-05
90431,2.6248576e-05
90432,2.6248576e-05
90433,2.6248576e-05
90434,2.6248576e-05
90435,2.6248576e-05
90436,2.6248576e-05
90437,2.6248576e-05
90438,2.6248576e-05
90439,2.6248576e-05
90440,2.6248576e-05
90441,2.6248576e-05
90442,2.6248576e-05
90443,2.6248576e-05
90444,2.6248576e-05
90445,2.6248576e-05
90446,2.6248576e-05
90447,2.6248576e-05
90448,2.6248576e-05
90449,2.6248576e-05
90450,2.6248576e-05
90451,2.6248576e-05
90452,2.6248576e-05
90453,2.6248576e-05
90454,2.6248576e-05
90455,2.6248576e-05
90456,2.6248576e-05
90457,2.6248576e-05
90458,2.6248576e-05
90459,2.6248576e-05
90460,2.6248576e-05
90461,2.6248576e-05
90462,2.6248576e-05
90463,2.6248576e-05
90464,2.6248576e-05
90465,2.6248576e-05
90466,2.6248576e-05
90467,2.6248576e-05
90468,2.6248576e-05
90469,2.6248576e-05
90470,2.6248576e-05
90471,2.6248576e-05
90472,2.6248576e-05
90473,2.6248576e-05
90474,2.6248576e-05
90475,2.6248576e-05
90476,2.6248576e-05
90477,2.6248576e-05
90478,2.6248576e-05
90479,2.6248576e-05
90480,2.6248576e-05
90481,2.6248576e-05
90482,2.6248576e-05
90483,2.6248576e-05
90484,2.6248576e-05
90485,2.6248576e-05
90486,2.6248576e-05
90487,2.6248576e-05
90488,2.6248576e-05
90489,2.6248576e-05
90490,2.6248576e-05
90491,2.6248576e-05
90492,2.6248576e-05
90493,2.6248576e-05
90494,2.6248576e-05
90495,2.6248576e-05
90496,2.6248576e-05
90497,2.6248576e-05
90498,2.6248576e-05
90499,2.6248576e-05
90500,2.6248576e-05
90501,2.6248576e-05
90502,2.6248576e-05
90503,2.6248576e-05
90504,2.6248576e-05
90505,2.6248576e-05
90506,2.6248576e-05
90507,2.6248576e-05
90508,2.6248576e-05
90509,2.6248576e-05
90510,2.6248576e-05
90511,2.6248576e-05
90512,2.6248576e-05
90513,2.6248576e-05
90514,2.6248576e-05
90515,2.6248576e-05
90516,2.6248576e-05
90517,2.6248576e-05
90518,2.6248576e-05
90519,2.6248576e-05
90520,2.6248576e-05
90521,2.6248576e-05
90522,2.6248576e-05
90523,2.6248576e-05
90524,2.6248576e-05
90525,2.6248576e-05
90526,2.6248576e-05
90527,2.6248576e-05
90528,2.6248576e-05
90529,2.6248576e-05
90530,2.6248576e-05
90531,2.6248576e-05
90532,2.6248576e-05
90533,2.6248576e-05
90534,2.6248576e-05
90535,2.6248576e-05
90536,2.6248576e-05
90537,2.6248576e-05
90538,2.6248576e-05
90539,2.6248576e-05
90540,2.6248576e-05
90541,2.6248576e-05
90542,2.6248576e-05
90543,2.6248576e-05
90544,2.6248576e-05
90545,2.6248576e-05
90546,2.6248576e-05
90547,2.6248576e-05
90548,2.6248576e-05
90549,2.6248576e-05
90550,2.6248576e-05
90551,2.6248576e-05
90552,2.6248576e-05
90553,2.6248576e-05
90554,2.6248576e-05
90555,2.6248576e-05
90556,2.6248576e-05
90557,2.6248576e-05
90558,2.6248576e-05
90559,2.6248576e-05
90560,2.6248576e-05
90561,2.6248576e-05
90562,2.6248576e-05
90563,2.6248576e-05
90564,2.6248576e-05
90565,2.6248576e-05
90566,2.6248576e-05
90567,2.6248576e-05
90568,2.6248576e-05
90569,2.6248576e-05
90570,2.6248576e-05
90571,2.6248576e-05
90572,2.6248576e-05
90573,2.6248576e-05
90574,2.6248576e-05
90575,2.6248576e-05
90576,2.6248576e-05
90577,2.6248576e-05
90578,2.6248576e-05
90579,2.6248576e-05
90580,2.6248576e-05
90581,2.6248576e-05
90582,2.6248576e-05
90583,2.6248576e-05
90584,2.6248576e-05
90585,2.6248576e-05
90586,2.6248576e-05
90587,2.6248576e-05
90588,2.6248576e-05
90589,2.6248576e-05
90590,2.6248576e-05
90591,2.6248576e-05
90592,2.6248576e-05
90593,2.6248576e-05
90594,2.6248576e-05
90595,2.6248576e-05
90596,2.6248576e-05
90597,2.6248576e-05
90598,2.6248576e-05
90599,2.6248576e-05
90600,2.6248576e-05
90601,2.6248576e-05
90602,2.6248576e-05
90603,2.6248576e-05
90604,2.6248576e-05
90605,2.6248576e-05
90606,2.6248576e-05
90607,2.6248576e-05
90608,2.6248576e-05
90609,2.6248576e-05
90610,2.6248576e-05
90611,2.6248576e-05
90612,2.6248576e-05
90613,2.6248576e-05
90614,2.6248576e-05
90615,2.6248576e-05
90616,2.6248576e-05
90617,2.6248576e-05
90618,2.6248576e-05
90619,2.6248576e-05
90620,2.6248576e-05
90621,2.6248576e-05
90622,2.6248576e-05
90623,2.6248576e-05
90624,2.6248576e-05
90625,2.6248576e-05
90626,2.6248576e-05
90627,2.6248576e-05
90628,2.6248576e-05
90629,2.6248576e-05
90630,2.6248576e-05
90631,2.6248576e-05
90632,2.6248576e-05
90633,2.6248576e-05
90634,2.6248576e-05
90635,2.6248576e-05
90636,2.6248576e-05
90637,2.6248576e-05
90638,2.6248576e-05
90639,2.6248576e-05
90640,2.6248576e-05
90641,2.6248576e-05
90642,2.6248576e-05
90643,2.6248576e-05
90644,2.6248576e-05
90645,2.6248576e-05
90646,2.6248576e-05
90647,2.6248576e-05
90648,2.6248576e-05
90649,2.6248576e-05
90650,2.6248576e-05
90651,2.6248576e-05
90652,2.6248576e-05
90653,2.6248576e-05
90654,2.6248576e-05
90655,2.6248576e-05
90656,2.6248576e-05
90657,2.6248576e-05
90658,2.6248576e-05
90659,2.6248576e-05
90660,2.6248576e-05
90661,2.6248576e-05
90662,2.6248576e-05
90663,2.6248576e-05
90664,2.6248576e-05
90665,2.6248576e-05
90666,2.6248576e-05
90667,2.6248576e-05
90668,2.6248576e-05
90669,2.6248576e-05
90670,2.6248576e-05
90671,2.6248576e-05
90672,2.6248576e-05
90673,2.6248576e-05
90674,2.6248576e-05
90675,2.6248576e-05
90676,2.6248576e-05
90677,2.6248576e-05
90678,2.6248576e-05
90679,2.6248576e-05
90680,2.6248576e-05
90681,2.6248576e-05
90682,2.6248576e-05
90683,2.6248576e-05
90684,2.6248576e-05
90685,2.6248576e-05
90686,2.6248576e-05
90687,2.6248576e-05
90688,2.6248576e-05
90689,2.6248576e-05
90690,2.6248576e-05
90691,2.6248576e-05
90692,2.6248576e-05
90693,2.6248576e-05
90694,2.6248576e-05
90695,2.6248576e-05
90696,2.6248576e-05
90697,2.6248576e-05
90698,2.6248576e-05
90699,2.6248576e-05
90700,2.6248576e-05
90701,2.6248576e-05
90702,2.6248576e-05
90703,2.6248576e-05
90704,2.6248576e-05
90705,2.6248576e-05
90706,2.6248576e-05
90707,2.6248576e-05
90708,2.6248576e-05
90709,2.6248576e-05
90710,2.6248576e-05
90711,2.6248576e-05
90712,2.6248576e-05
90713,2.6248576e-05
90714,2.6248576e-05
90715,2.6248576e-05
90716,2.6248576e-05
90717,2.6248576e-05
90718,2.6248576e-05
90719,2.6248576e-05
90720,2.6248576e-05
90721,2.6248576e-05
90722,2.6248576e-05
90723,2.6248576e-05
90724,2.6248576e-05
90725,2.6248576e-05
90726,2.6248576e-05
90727,2.6248576e-05
90728,2.6248576e-05
90729,2.6248576e-05
90730,2.6248576e-05
90731,2.6248576e-05
90732,2.6248576e-05
90733,2.6248576e-05
90734,2.6248576e-05
90735,2.6248576e-05
90736,2.6248576e-05
90737,2.6248576e-05
90738,2.6248576e-05
90739,2.6248576e-05
90740,2.6248576e-05
90741,2.6248576e-05
90742,2.6248576e-05
90743,2.6248576e-05
90744,2.6248576e-05
90745,2.6248576e-05
90746,2.6248576e-05
90747,2.6248576e-05
90748,2.6248576e-05
90749,2.6248576e-05
90750,2.6248576e-05
90751,2.6248576e-05
90752,2.6248576e-05
90753,2.6248576e-05
90754,2.6248576e-05
90755,2.6248576e-05
90756,2.6248576e-05
90757,2.6248576e-05
90758,2.6248576e-05
90759,2.6248576e-05
90760,2.6248576e-05
90761,2.6248576e-05
90762,2.6248576e-05
90763,2.6248576e-05
90764,2.6248576e-05
90765,2.6248576e-05
90766,2.6248576e-05
90767,2.6248576e-05
90768,2.6248576e-05
90769,2.6248576e-05
90770,2.6248576e-05
90771,2.6248576e-05
90772,2.6248576e-05
90773,2.6248576e-05
90774,2.6248576e-05
90775,2.6248576e-05
90776,2.6248576e-05
90777,2.6248576e-05
90778,2.6248576e-05
90779,2.6248576e-05
90780,2.6248576e-05
90781,2.6248576e-05
90782,2.6248576e-05
90783,2.6248576e-05
90784,2.6248576e-05
90785,2.6248576e-05
90786,2.6248576e-05
90787,2.6248576e-05
90788,2.6248576e-05
90789,2.6248576e-05
90790,2.6248576e-05
90791,2.6248576e-05
90792,2.6248576e-05
90793,2.6248576e-05
90794,2.6248576e-05
90795,2.6248576e-05
90796,2.6248576e-05
90797,2.6248576e-05
90798,2.6248576e-05
90799,2.6248576e-05
90800,2.6248576e-05
90801,2.6248576e-05
90802,2.6248576e-05
90803,2.6248576e-05
90804,2.6248576e-05
90805,2.6248576e-05
90806,2.6248576e-05
90807,2.6248576e-05
90808,2.6248576e-05
90809,2.6248576e-05
90810,2.6248576e-05
90811,2.6248576e-05
90812,2.6248576e-05
90813,2.6248576e-05
90814,2.6248576e-05
90815,2.6248576e-05
90816,2.6248576e-05
90817,2.6248576e-05
90818,2.6248576e-05
90819,2.6248576e-05
90820,2.6248576e-05
90821,2.6248576e-05
90822,2.6248576e-05
90823,2.6248576e-05
90824,2.6248576e-05
90825,2.6248576e-05
90826,2.6248576e-05
90827,2.6248576e-05
90828,2.6248576e-05
90829,2.6248576e-05
90830,2.6248576e-05
90831,2.6248576e-05
90832,2.6248576e-05
90833,2.6248576e-05
90834,2.6248576e-05
90835,2.6248576e-05
90836,2.6248576e-05
90837,2.6248576e-05
90838,2.6248576e-05
90839,2.6248576e-05
90840,2.6248576e-05
90841,2.6248576e-05
90842,2.6248576e-05
90843,2.6248576e-05
90844,2.6248576e-05
90845,2.6248576e-05
90846,2.6248576e-05
90847,2.6248576e-05
90848,2.6248576e-05
90849,2.6248576e-05
90850,2.6248576e-05
90851,2.6248576e-05
90852,2.6248576e-05
90853,2.6248576e-05
90854,2.6248576e-05
90855,2.6248576e-05
90856,2.6248576e-05
90857,2.6248576e-05
90858,2.6248576e-05
90859,2.6248576e-05
90860,2.6248576e-05
90861,2.6248576e-05
90862,2.6248576e-05
90863,2.6248576e-05
90864,2.6248576e-05
90865,2.6248576e-05
90866,2.6248576e-05
90867,2.6248576e-05
90868,2.6248576e-05
90869,2.6248576e-05
90870,2.6248576e-05
90871,2.6248576e-05
90872,2.6248576e-05
90873,2.6248576e-05
90874,2.6248576e-05
90875,2.6248576e-05
90876,2.6248576e-05
90877,2.6248576e-05
90878,2.6248576e-05
90879,2.6248576e-05
90880,2.6248576e-05
90881,2.6248576e-05
90882,2.6248576e-05
90883,2.6248576e-05
90884,2.6248576e-05
90885,2.6248576e-05
90886,2.6248576e-05
90887,2.6248576e-05
90888,2.6248576e-05
90889,2.6248576e-05
90890,2.6248576e-05
90891,2.6248576e-05
90892,2.6248576e-05
90893,2.6248576e-05
90894,2.6248576e-05
90895,2.6248576e-05
90896,2.6248576e-05
90897,2.6248576e-05
90898,2.6248576e-05
90899,2.6248576e-05
90900,2.6248576e-05
90901,2.6248576e-05
90902,2.6248576e-05
90903,2.6248576e-05
90904,2.6248576e-05
90905,2.6248576e-05
90906,2.6248576e-05
90907,2.6248576e-05
90908,2.6248576e-05
90909,2.6248576e-05
90910,2.6248576e-05
90911,2.6248576e-05
90912,2.6248576e-05
90913,2.6248576e-05
90914,2.6248576e-05
90915,2.6248576e-05
90916,2.6248576e-05
90917,2.6248576e-05
90918,2.6248576e-05
90919,2.6248576e-05
90920,2.6248576e-05
90921,2.6248576e-05
90922,2.6248576e-05
90923,2.6248576e-05
90924,2.6248576e-05
90925,2.6248576e-05
90926,2.6248576e-05
90927,2.6248576e-05
90928,2.6248576e-05
90929,2.6248576e-05
90930,2.6248576e-05
90931,2.6248576e-05
90932,2.6248576e-05
90933,2.6248576e-05
90934,2.6248576e-05
90935,2.6248576e-05
90936,2.6248576e-05
90937,2.6248576e-05
90938,2.6248576e-05
90939,2.6248576e-05
90940,2.6248576e-05
90941,2.6248576e-05
90942,2.6248576e-05
90943,2.6248576e-05
90944,2.6248576e-05
90945,2.6248576e-05
90946,2.6248576e-05
90947,2.6248576e-05
90948,2.6248576e-05
90949,2.6248576e-05
90950,2.6248576e-05
90951,2.6248576e-05
90952,2.6248576e-05
90953,2.6248576e-05
90954,2.6248576e-05
90955,2.6248576e-05
90956,2.6248576e-05
90957,2.6248576e-05
90958,2.6248576e-05
90959,2.6248576e-05
90960,2.6248576e-05
90961,2.6248576e-05
90962,2.6248576e-05
90963,2.6248576e-05
90964,2.6248576e-05
90965,2.6248576e-05
90966,2.6248576e-05
90967,2.6248576e-05
90968,2.6248576e-05
90969,2.6248576e-05
90970,2.6248576e-05
90971,2.6248576e-05
90972,2.6248576e-05
90973,2.6248576e-05
90974,2.6248576e-05
90975,2.6248576e-05
90976,2.6248576e-05
90977,2.6248576e-05
90978,2.6248576e-05
90979,2.6248576e-05
90980,2.6248576e-05
90981,2.6248576e-05
90982,2.6248576e-05
90983,2.6248576e-05
90984,2.6248576e-05
90985,2.6248576e-05
90986,2.6248576e-05
90987,2.6248576e-05
90988,2.6248576e-05
90989,2.6248576e-05
90990,2.6248576e-05
90991,2.6248576e-05
90992,2.6248576e-05
90993,2.6248576e-05
90994,2.6248576e-05
90995,2.6248576e-05
90996,2.6248576e-05
90997,2.6248576e-05
90998,2.6248576e-05
90999,2.6248576e-05
91000,2.6248576e-05
91001,2.6248576e-05
91002,2.6248576e-05
91003,2.6248576e-05
91004,2.6248576e-05
91005,2.6248576e-05
91006,2.6248576e-05
91007,2.6248576e-05
91008,2.6248576e-05
91009,2.6248576e-05
91010,2.6248576e-05
91011,2.6248576e-05
91012,2.6248576e-05
91013,2.6248576e-05
91014,2.6248576e-05
91015,2.6248576e-05
91016,2.6248576e-05
91017,2.6248576e-05
91018,2.6248576e-05
91019,2.6248576e-05
91020,2.6248576e-05
91021,2.6248576e-05
91022,2.6248576e-05
91023,2.6248576e-05
91024,2.6248576e-05
91025,2.6248576e-05
91026,2.6248576e-05
91027,2.6248576e-05
91028,2.6248576e-05
91029,2.6248576e-05
91030,2.6248576e-05
91031,2.6248576e-05
91032,2.6248576e-05
91033,2.6248576e-05
91034,2.6248576e-05
91035,2.6248576e-05
91036,2.6248576e-05
91037,2.6248576e-05
91038,2.6248576e-05
91039,2.6248576e-05
91040,2.6248576e-05
91041,2.6248576e-05
91042,2.6248576e-05
91043,2.6248576e-05
91044,2.6248576e-05
91045,2.6248576e-05
91046,2.6248576e-05
91047,2.6248576e-05
91048,2.6248576e-05
91049,2.6248576e-05
91050,2.6248576e-05
91051,2.6248576e-05
91052,2.6248576e-05
91053,2.6248576e-05
91054,2.6248576e-05
91055,2.6248576e-05
91056,2.6248576e-05
91057,2.6248576e-05
91058,2.6248576e-05
91059,2.6248576e-05
91060,2.6248576e-05
91061,2.6248576e-05
91062,2.6248576e-05
91063,2.6248576e-05
91064,2.6248576e-05
91065,2.6248576e-05
91066,2.6248576e-05
91067,2.6248576e-05
91068,2.6248576e-05
91069,2.6248576e-05
91070,2.6248576e-05
91071,2.6248576e-05
91072,2.6248576e-05
91073,2.6248576e-05
91074,2.6248576e-05
91075,2.6248576e-05
91076,2.6248576e-05
91077,2.6248576e-05
91078,2.6248576e-05
91079,2.6248576e-05
91080,2.6248576e-05
91081,2.6248576e-05
91082,2.6248576e-05
91083,2.6248576e-05
91084,2.6248576e-05
91085,2.6248576e-05
91086,2.6248576e-05
91087,2.6248576e-05
91088,2.6248576e-05
91089,2.6248576e-05
91090,2.6248576e-05
91091,2.6248576e-05
91092,2.6248576e-05
91093,2.6248576e-05
91094,2.6248576e-05
91095,2.6248576e-05
91096,2.6248576e-05
91097,2.6248576e-05
91098,2.6248576e-05
91099,2.6248576e-05
91100,2.6248576e-05
91101,2.6248576e-05
91102,2.6248576e-05
91103,2.6248576e-05
91104,2.6248576e-05
91105,2.6248576e-05
91106,2.6248576e-05
91107,2.6248576e-05
91108,2.6248576e-05
91109,2.6248576e-05
91110,2.6248576e-05
91111,2.6248576e-05
91112,2.6248576e-05
91113,2.6248576e-05
91114,2.6248576e-05
91115,2.6248576e-05
91116,2.6248576e-05
91117,2.6248576e-05
91118,2.6248576e-05
91119,2.6248576e-05
91120,2.6248576e-05
91121,2.6248576e-05
91122,2.6248576e-05
91123,2.6248576e-05
91124,2.6248576e-05
91125,2.6248576e-05
91126,2.6248576e-05
91127,2.6248576e-05
91128,2.6248576e-05
91129,2.6248576e-05
91130,2.6248576e-05
91131,2.6248576e-05
91132,2.6248576e-05
91133,2.6248576e-05
91134,2.6248576e-05
91135,2.6248576e-05
91136,2.6248576e-05
91137,2.6248576e-05
91138,2.6248576e-05
91139,2.6248576e-05
91140,2.6248576e-05
91141,2.6248576e-05
91142,2.6248576e-05
91143,2.6248576e-05
91144,2.6248576e-05
91145,2.6248576e-05
91146,2.6248576e-05
91147,2.6248576e-05
91148,2.6248576e-05
91149,2.6248576e-05
91150,2.6248576e-05
91151,2.6248576e-05
91152,2.6248576e-05
91153,2.6248576e-05
91154,2.6248576e-05
91155,2.6248576e-05
91156,2.6248576e-05
91157,2.6248576e-05
91158,2.6248576e-05
91159,2.6248576e-05
91160,2.6248576e-05
91161,2.6248576e-05
91162,2.6248576e-05
91163,2.6248576e-05
91164,2.6248576e-05
91165,2.6248576e-05
91166,2.6248576e-05
91167,2.6248576e-05
91168,2.6248576e-05
91169,2.6248576e-05
91170,2.6248576e-05
91171,2.6248576e-05
91172,2.6248576e-05
91173,2.6248576e-05
91174,2.6248576e-05
91175,2.6248576e-05
91176,2.6248576e-05
91177,2.6248576e-05
91178,2.6248576e-05
91179,2.6248576e-05
91180,2.6248576e-05
91181,2.6248576e-05
91182,2.6248576e-05
91183,2.6248576e-05
91184,2.6248576e-05
91185,2.6248576e-05
91186,2.6248576e-05
91187,2.6248576e-05
91188,2.6248576e-05
91189,2.6248576e-05
91190,2.6248576e-05
91191,2.6248576e-05
91192,2.6248576e-05
91193,2.6248576e-05
91194,2.6248576e-05
91195,2.6248576e-05
91196,2.6248576e-05
91197,2.6248576e-05
91198,2.6248576e-05
91199,2.6248576e-05
91200,2.6248576e-05
91201,2.6248576e-05
91202,2.6248576e-05
91203,2.6248576e-05
91204,2.6248576e-05
91205,2.6248576e-05
91206,2.6248576e-05
91207,2.6248576e-05
91208,2.6248576e-05
91209,2.6248576e-05
91210,2.6248576e-05
91211,2.6248576e-05
91212,2.6248576e-05
91213,2.6248576e-05
91214,2.6248576e-05
91215,2.6248576e-05
91216,2.6248576e-05
91217,2.6248576e-05
91218,2.6248576e-05
91219,2.6248576e-05
91220,2.6248576e-05
91221,2.6248576e-05
91222,2.6248576e-05
91223,2.6248576e-05
91224,2.6248576e-05
91225,2.6248576e-05
91226,2.6248576e-05
91227,2.6248576e-05
91228,2.6248576e-05
91229,2.6248576e-05
91230,2.6248576e-05
91231,2.6248576e-05
91232,2.6248576e-05
91233,2.6248576e-05
91234,2.6248576e-05
91235,2.6248576e-05
91236,2.6248576e-05
91237,2.6248576e-05
91238,2.6248576e-05
91239,2.6248576e-05
91240,2.6248576e-05
91241,2.6248576e-05
91242,2.6248576e-05
91243,2.6248576e-05
91244,2.6248576e-05
91245,2.6248576e-05
91246,2.6248576e-05
91247,2.6248576e-05
91248,2.6248576e-05
91249,2.6248576e-05
91250,2.6248576e-05
91251,2.6248576e-05
91252,2.6248576e-05
91253,2.6248576e-05
91254,2.6248576e-05
91255,2.6248576e-05
91256,2.6248576e-05
91257,2.6248576e-05
91258,2.6248576e-05
91259,2.6248576e-05
91260,2.6248576e-05
91261,2.6248576e-05
91262,2.6248576e-05
91263,2.6248576e-05
91264,2.6248576e-05
91265,2.6248576e-05
91266,2.6248576e-05
91267,2.6248576e-05
91268,2.6248576e-05
91269,2.6248576e-05
91270,2.6248576e-05
91271,2.6248576e-05
91272,2.6248576e-05
91273,2.6248576e-05
91274,2.6248576e-05
91275,2.6248576e-05
91276,2.6248576e-05
91277,2.6248576e-05
91278,2.6248576e-05
91279,2.6248576e-05
91280,2.6248576e-05
91281,2.6248576e-05
91282,2.6248576e-05
91283,2.6248576e-05
91284,2.6248576e-05
91285,2.6248576e-05
91286,2.6248576e-05
91287,2.6248576e-05
91288,2.6248576e-05
91289,2.6248576e-05
91290,2.6248576e-05
91291,2.6248576e-05
91292,2.6248576e-05
91293,2.6248576e-05
91294,2.6248576e-05
91295,2.6248576e-05
91296,2.6248576e-05
91297,2.6248576e-05
91298,2.6248576e-05
91299,2.6248576e-05
91300,2.6248576e-05
91301,2.6248576e-05
91302,2.6248576e-05
91303,2.6248576e-05
91304,2.6248576e-05
91305,2.6248576e-05
91306,2.6248576e-05
91307,2.6248576e-05
91308,2.6248576e-05
91309,2.6248576e-05
91310,2.6248576e-05
91311,2.6248576e-05
91312,2.6248576e-05
91313,2.6248576e-05
91314,2.6248576e-05
91315,2.6248576e-05
91316,2.6248576e-05
91317,2.6248576e-05
91318,2.6248576e-05
91319,2.6248576e-05
91320,2.6248576e-05
91321,2.6248576e-05
91322,2.6248576e-05
91323,2.6248576e-05
91324,2.6248576e-05
91325,2.6248576e-05
91326,2.6248576e-05
91327,2.6248576e-05
91328,2.6248576e-05
91329,2.6248576e-05
91330,2.6248576e-05
91331,2.6248576e-05
91332,2.6248576e-05
91333,2.6248576e-05
91334,2.6248576e-05
91335,2.6248576e-05
91336,2.6248576e-05
91337,2.6248576e-05
91338,2.6248576e-05
91339,2.6248576e-05
91340,2.6248576e-05
91341,2.6248576e-05
91342,2.6248576e-05
91343,2.6248576e-05
91344,2.6248576e-05
91345,2.6248576e-05
91346,2.6248576e-05
91347,2.6248576e-05
91348,2.6248576e-05
91349,2.6248576e-05
91350,2.6248576e-05
91351,2.6248576e-05
91352,2.6248576e-05
91353,2.6248576e-05
91354,2.6248576e-05
91355,2.6248576e-05
91356,2.6248576e-05
91357,2.6248576e-05
91358,2.6248576e-05
91359,2.6248576e-05
91360,2.6248576e-05
91361,2.6248576e-05
91362,2.6248576e-05
91363,2.6248576e-05
91364,2.6248576e-05
91365,2.6248576e-05
91366,2.6248576e-05
91367,2.6248576e-05
91368,2.6248576e-05
91369,2.6248576e-05
91370,2.6248576e-05
91371,2.6248576e-05
91372,2.6248576e-05
91373,2.6248576e-05
91374,2.6248576e-05
91375,2.6248576e-05
91376,2.6248576e-05
91377,2.6248576e-05
91378,2.6248576e-05
91379,2.6248576e-05
91380,2.6248576e-05
91381,2.6248576e-05
91382,2.6248576e-05
91383,2.6248576e-05
91384,2.6248576e-05
91385,2.6248576e-05
91386,2.6248576e-05
91387,2.6248576e-05
91388,2.6248576e-05
91389,2.6248576e-05
91390,2.6248576e-05
91391,2.6248576e-05
91392,2.6248576e-05
91393,2.6248576e-05
91394,2.6248576e-05
91395,2.6248576e-05
91396,2.6248576e-05
91397,2.6248576e-05
91398,2.6248576e-05
91399,2.6248576e-05
91400,2.6248576e-05
91401,2.6248576e-05
91402,2.6248576e-05
91403,2.6248576e-05
91404,2.6248576e-05
91405,2.6248576e-05
91406,2.6248576e-05
91407,2.6248576e-05
91408,2.6248576e-05
91409,2.6248576e-05
91410,2.6248576e-05
91411,2.6248576e-05
91412,2.6248576e-05
91413,2.6248576e-05
91414,2.6248576e-05
91415,2.6248576e-05
91416,2.6248576e-05
91417,2.6248576e-05
91418,2.6248576e-05
91419,2.6248576e-05
91420,2.6248576e-05
91421,2.6248576e-05
91422,2.6248576e-05
91423,2.6248576e-05
91424,2.6248576e-05
91425,2.6248576e-05
91426,2.6248576e-05
91427,2.6248576e-05
91428,2.6248576e-05
91429,2.6248576e-05
91430,2.6248576e-05
91431,2.6248576e-05
91432,2.6248576e-05
91433,2.6248576e-05
91434,2.6248576e-05
91435,2.6248576e-05
91436,2.6248576e-05
91437,2.6248576e-05
91438,2.6248576e-05
91439,2.6248576e-05
91440,2.6248576e-05
91441,2.6248576e-05
91442,2.6248576e-05
91443,2.6248576e-05
91444,2.6248576e-05
91445,2.6248576e-05
91446,2.6248576e-05
91447,2.6248576e-05
91448,2.6248576e-05
91449,2.6248576e-05
91450,2.6248576e-05
91451,2.6248576e-05
91452,2.6248576e-05
91453,2.6248576e-05
91454,2.6248576e-05
91455,2.6248576e-05
91456,2.6248576e-05
91457,2.6248576e-05
91458,2.6248576e-05
91459,2.6248576e-05
91460,2.6248576e-05
91461,2.6248576e-05
91462,2.6248576e-05
91463,2.6248576e-05
91464,2.6248576e-05
91465,2.6248576e-05
91466,2.6248576e-05
91467,2.6248576e-05
91468,2.6248576e-05
91469,2.6248576e-05
91470,2.6248576e-05
91471,2.6248576e-05
91472,2.6248576e-05
91473,2.6248576e-05
91474,2.6248576e-05
91475,2.6248576e-05
91476,2.6248576e-05
91477,2.6248576e-05
91478,2.6248576e-05
91479,2.6248576e-05
91480,2.6248576e-05
91481,2.6248576e-05
91482,2.6248576e-05
91483,2.6248576e-05
91484,2.6248576e-05
91485,2.6248576e-05
91486,2.6248576e-05
91487,2.6248576e-05
91488,2.6248576e-05
91489,2.6248576e-05
91490,2.6248576e-05
91491,2.6248576e-05
91492,2.6248576e-05
91493,2.6248576e-05
91494,2.6248576e-05
91495,2.6248576e-05
91496,2.6248576e-05
91497,2.6248576e-05
91498,2.6248576e-05
91499,2.6248576e-05
91500,2.6248576e-05
91501,2.6248576e-05
91502,2.6248576e-05
91503,2.6248576e-05
91504,2.6248576e-05
91505,2.6248576e-05
91506,2.6248576e-05
91507,2.6248576e-05
91508,2.6248576e-05
91509,2.6248576e-05
91510,2.6248576e-05
91511,2.6248576e-05
91512,2.6248576e-05
91513,2.6248576e-05
91514,2.6248576e-05
91515,2.6248576e-05
91516,2.6248576e-05
91517,2.6248576e-05
91518,2.6248576e-05
91519,2.6248576e-05
91520,2.6248576e-05
91521,2.6248576e-05
91522,2.6248576e-05
91523,2.6248576e-05
91524,2.6248576e-05
91525,2.6248576e-05
91526,2.6248576e-05
91527,2.6248576e-05
91528,2.6248576e-05
91529,2.6248576e-05
91530,2.6248576e-05
91531,2.6248576e-05
91532,2.6248576e-05
91533,2.6248576e-05
91534,2.6248576e-05
91535,2.6248576e-05
91536,2.6248576e-05
91537,2.6248576e-05
91538,2.6248576e-05
91539,2.6248576e-05
91540,2.6248576e-05
91541,2.6248576e-05
91542,2.6248576e-05
91543,2.6248576e-05
91544,2.6248576e-05
91545,2.6248576e-05
91546,2.6248576e-05
91547,2.6248576e-05
91548,2.6248576e-05
91549,2.6248576e-05
91550,2.6248576e-05
91551,2.6248576e-05
91552,2.6248576e-05
91553,2.6248576e-05
91554,2.6248576e-05
91555,2.6248576e-05
91556,2.6248576e-05
91557,2.6248576e-05
91558,2.6248576e-05
91559,2.6248576e-05
91560,2.6248576e-05
91561,2.6248576e-05
91562,2.6248576e-05
91563,2.6248576e-05
91564,2.6248576e-05
91565,2.6248576e-05
91566,2.6248576e-05
91567,2.6248576e-05
91568,2.6248576e-05
91569,2.6248576e-05
91570,2.6248576e-05
91571,2.6248576e-05
91572,2.6248576e-05
91573,2.6248576e-05
91574,2.6248576e-05
91575,2.6248576e-05
91576,2.6248576e-05
91577,2.6248576e-05
91578,2.6248576e-05
91579,2.6248576e-05
91580,2.6248576e-05
91581,2.6248576e-05
91582,2.6248576e-05
91583,2.6248576e-05
91584,2.6248576e-05
91585,2.6248576e-05
91586,2.6248576e-05
91587,2.6248576e-05
91588,2.6248576e-05
91589,2.6248576e-05
91590,2.6248576e-05
91591,2.6248576e-05
91592,2.6248576e-05
91593,2.6248576e-05
91594,2.6248576e-05
91595,2.6248576e-05
91596,2.6248576e-05
91597,2.6248576e-05
91598,2.6248576e-05
91599,2.6248576e-05
91600,2.6248576e-05
91601,2.6248576e-05
91602,2.6248576e-05
91603,2.6248576e-05
91604,2.6248576e-05
91605,2.6248576e-05
91606,2.6248576e-05
91607,2.6248576e-05
91608,2.6248576e-05
91609,2.6248576e-05
91610,2.6248576e-05
91611,2.6248576e-05
91612,2.6248576e-05
91613,2.6248576e-05
91614,2.6248576e-05
91615,2.6248576e-05
91616,2.6248576e-05
91617,2.6248576e-05
91618,2.6248576e-05
91619,2.6248576e-05
91620,2.6248576e-05
91621,2.6248576e-05
91622,2.6248576e-05
91623,2.6248576e-05
91624,2.6248576e-05
91625,2.6248576e-05
91626,2.6248576e-05
91627,2.6248576e-05
91628,2.6248576e-05
91629,2.6248576e-05
91630,2.6248576e-05
91631,2.6248576e-05
91632,2.6248576e-05
91633,2.6248576e-05
91634,2.6248576e-05
91635,2.6248576e-05
91636,2.6248576e-05
91637,2.6248576e-05
91638,2.6248576e-05
91639,2.6248576e-05
91640,2.6248576e-05
91641,2.6248576e-05
91642,2.6248576e-05
91643,2.6248576e-05
91644,2.6248576e-05
91645,2.6248576e-05
91646,2.6248576e-05
91647,2.6248576e-05
91648,2.6248576e-05
91649,2.6248576e-05
91650,2.6248576e-05
91651,2.6248576e-05
91652,2.6248576e-05
91653,2.6248576e-05
91654,2.6248576e-05
91655,2.6248576e-05
91656,2.6248576e-05
91657,2.6248576e-05
91658,2.6248576e-05
91659,2.6248576e-05
91660,2.6248576e-05
91661,2.6248576e-05
91662,2.6248576e-05
91663,2.6248576e-05
91664,2.6248576e-05
91665,2.6248576e-05
91666,2.6248576e-05
91667,2.6248576e-05
91668,2.6248576e-05
91669,2.6248576e-05
91670,2.6248576e-05
91671,2.6248576e-05
91672,2.6248576e-05
91673,2.6248576e-05
91674,2.6248576e-05
91675,2.6248576e-05
91676,2.6248576e-05
91677,2.6248576e-05
91678,2.6248576e-05
91679,2.6248576e-05
91680,2.6248576e-05
91681,2.6248576e-05
91682,2.6248576e-05
91683,2.6248576e-05
91684,2.6248576e-05
91685,2.6248576e-05
91686,2.6248576e-05
91687,2.6248576e-05
91688,2.6248576e-05
91689,2.6248576e-05
91690,2.6248576e-05
91691,2.6248576e-05
91692,2.6248576e-05
91693,2.6248576e-05
91694,2.6248576e-05
91695,2.6248576e-05
91696,2.6248576e-05
91697,2.6248576e-05
91698,2.6248576e-05
91699,2.6248576e-05
91700,2.6248576e-05
91701,2.6248576e-05
91702,2.6248576e-05
91703,2.6248576e-05
91704,2.6248576e-05
91705,2.6248576e-05
91706,2.6248576e-05
91707,2.6248576e-05
91708,2.6248576e-05
91709,2.6248576e-05
91710,2.6248576e-05
91711,2.6248576e-05
91712,2.6248576e-05
91713,2.6248576e-05
91714,2.6248576e-05
91715,2.6248576e-05
91716,2.6248576e-05
91717,2.6248576e-05
91718,2.6248576e-05
91719,2.6248576e-05
91720,2.6248576e-05
91721,2.6248576e-05
91722,2.6248576e-05
91723,2.6248576e-05
91724,2.6248576e-05
91725,2.6248576e-05
91726,2.6248576e-05
91727,2.6248576e-05
91728,2.6248576e-05
91729,2.6248576e-05
91730,2.6248576e-05
91731,2.6248576e-05
91732,2.6248576e-05
91733,2.6248576e-05
91734,2.6248576e-05
91735,2.6248576e-05
91736,2.6248576e-05
91737,2.6248576e-05
91738,2.6248576e-05
91739,2.6248576e-05
91740,2.6248576e-05
91741,2.6248576e-05
91742,2.6248576e-05
91743,2.6248576e-05
91744,2.6248576e-05
91745,2.6248576e-05
91746,2.6248576e-05
91747,2.6248576e-05
91748,2.6248576e-05
91749,2.6248576e-05
91750,2.6248576e-05
91751,2.6248576e-05
91752,2.6248576e-05
91753,2.6248576e-05
91754,2.6248576e-05
91755,2.6248576e-05
91756,2.6248576e-05
91757,2.6248576e-05
91758,2.6248576e-05
91759,2.6248576e-05
91760,2.6248576e-05
91761,2.6248576e-05
91762,2.6248576e-05
91763,2.6248576e-05
91764,2.6248576e-05
91765,2.6248576e-05
91766,2.6248576e-05
91767,2.6248576e-05
91768,2.6248576e-05
91769,2.6248576e-05
91770,2.6248576e-05
91771,2.6248576e-05
91772,2.6248576e-05
91773,2.6248576e-05
91774,2.6248576e-05
91775,2.6248576e-05
91776,2.6248576e-05
91777,2.6248576e-05
91778,2.6248576e-05
91779,2.6248576e-05
91780,2.6248576e-05
91781,2.6248576e-05
91782,2.6248576e-05
91783,2.6248576e-05
91784,2.6248576e-05
91785,2.6248576e-05
91786,2.6248576e-05
91787,2.6248576e-05
91788,2.6248576e-05
91789,2.6248576e-05
91790,2.6248576e-05
91791,2.6248576e-05
91792,2.6248576e-05
91793,2.6248576e-05
91794,2.6248576e-05
91795,2.6248576e-05
91796,2.6248576e-05
91797,2.6248576e-05
91798,2.6248576e-05
91799,2.6248576e-05
91800,2.6248576e-05
91801,2.6248576e-05
91802,2.6248576e-05
91803,2.6248576e-05
91804,2.6248576e-05
91805,2.6248576e-05
91806,2.6248576e-05
91807,2.6248576e-05
91808,2.6248576e-05
91809,2.6248576e-05
91810,2.6248576e-05
91811,2.6248576e-05
91812,2.6248576e-05
91813,2.6248576e-05
91814,2.6248576e-05
91815,2.6248576e-05
91816,2.6248576e-05
91817,2.6248576e-05
91818,2.6248576e-05
91819,2.6248576e-05
91820,2.6248576e-05
91821,2.6248576e-05
91822,2.6248576e-05
91823,2.6248576e-05
91824,2.6248576e-05
91825,2.6248576e-05
91826,2.6248576e-05
91827,2.6248576e-05
91828,2.6248576e-05
91829,2.6248576e-05
91830,2.6248576e-05
91831,2.6248576e-05
91832,2.6248576e-05
91833,2.6248576e-05
91834,2.6248576e-05
91835,2.6248576e-05
91836,2.6248576e-05
91837,2.6248576e-05
91838,2.6248576e-05
91839,2.6248576e-05
91840,2.6248576e-05
91841,2.6248576e-05
91842,2.6248576e-05
91843,2.6248576e-05
91844,2.6248576e-05
91845,2.6248576e-05
91846,2.6248576e-05
91847,2.6248576e-05
91848,2.6248576e-05
91849,2.6248576e-05
91850,2.6248576e-05
91851,2.6248576e-05
91852,2.6248576e-05
91853,2.6248576e-05
91854,2.6248576e-05
91855,2.6248576e-05
91856,2.6248576e-05
91857,2.6248576e-05
91858,2.6248576e-05
91859,2.6248576e-05
91860,2.6248576e-05
91861,2.6248576e-05
91862,2.6248576e-05
91863,2.6248576e-05
91864,2.6248576e-05
91865,2.6248576e-05
91866,2.6248576e-05
91867,2.6248576e-05
91868,2.6248576e-05
91869,2.6248576e-05
91870,2.6248576e-05
91871,2.6248576e-05
91872,2.6248576e-05
91873,2.6248576e-05
91874,2.6248576e-05
91875,2.6248576e-05
91876,2.6248576e-05
91877,2.6248576e-05
91878,2.6248576e-05
91879,2.6248576e-05
91880,2.6248576e-05
91881,2.6248576e-05
91882,2.6248576e-05
91883,2.6248576e-05
91884,2.6248576e-05
91885,2.6248576e-05
91886,2.6248576e-05
91887,2.6248576e-05
91888,2.6248576e-05
91889,2.6248576e-05
91890,2.6248576e-05
91891,2.6248576e-05
91892,2.6248576e-05
91893,2.6248576e-05
91894,2.6248576e-05
91895,2.6248576e-05
91896,2.6248576e-05
91897,2.6248576e-05
91898,2.6248576e-05
91899,2.6248576e-05
91900,2.6248576e-05
91901,2.6248576e-05
91902,2.6248576e-05
91903,2.6248576e-05
91904,2.6248576e-05
91905,2.6248576e-05
91906,2.6248576e-05
91907,2.6248576e-05
91908,2.6248576e-05
91909,2.6248576e-05
91910,2.6248576e-05
91911,2.6248576e-05
91912,2.6248576e-05
91913,2.6248576e-05
91914,2.6248576e-05
91915,2.6248576e-05
91916,2.6248576e-05
91917,2.6248576e-05
91918,2.6248576e-05
91919,2.6248576e-05
91920,2.6248576e-05
91921,2.6248576e-05
91922,2.6248576e-05
91923,2.6248576e-05
91924,2.6248576e-05
91925,2.6248576e-05
91926,2.6248576e-05
91927,2.6248576e-05
91928,2.6248576e-05
91929,2.6248576e-05
91930,2.6248576e-05
91931,2.6248576e-05
91932,2.6248576e-05
91933,2.6248576e-05
91934,2.6248576e-05
91935,2.6248576e-05
91936,2.6248576e-05
91937,2.6248576e-05
91938,2.6248576e-05
91939,2.6248576e-05
91940,2.6248576e-05
91941,2.6248576e-05
91942,2.6248576e-05
91943,2.6248576e-05
91944,2.6248576e-05
91945,2.6248576e-05
91946,2.6248576e-05
91947,2.6248576e-05
91948,2.6248576e-05
91949,2.6248576e-05
91950,2.6248576e-05
91951,2.6248576e-05
91952,2.6248576e-05
91953,2.6248576e-05
91954,2.6248576e-05
91955,2.6248576e-05
91956,2.6248576e-05
91957,2.6248576e-05
91958,2.6248576e-05
91959,2.6248576e-05
91960,2.6248576e-05
91961,2.6248576e-05
91962,2.6248576e-05
91963,2.6248576e-05
91964,2.6248576e-05
91965,2.6248576e-05
91966,2.6248576e-05
91967,2.6248576e-05
91968,2.6248576e-05
91969,2.6248576e-05
91970,2.6248576e-05
91971,2.6248576e-05
91972,2.6248576e-05
91973,2.6248576e-05
91974,2.6248576e-05
91975,2.6248576e-05
91976,2.6248576e-05
91977,2.6248576e-05
91978,2.6248576e-05
91979,2.6248576e-05
91980,2.6248576e-05
91981,2.6248576e-05
91982,2.6248576e-05
91983,2.6248576e-05
91984,2.6248576e-05
91985,2.6248576e-05
91986,2.6248576e-05
91987,2.6248576e-05
91988,2.6248576e-05
91989,2.6248576e-05
91990,2.6248576e-05
91991,2.6248576e-05
91992,2.6248576e-05
91993,2.6248576e-05
91994,2.6248576e-05
91995,2.6248576e-05
91996,2.6248576e-05
91997,2.6248576e-05
91998,2.6248576e-05
91999,2.6248576e-05
92000,2.6248576e-05
92001,2.6248576e-05
92002,2.6248576e-05
92003,2.6248576e-05
92004,2.6248576e-05
92005,2.6248576e-05
92006,2.6248576e-05
92007,2.6248576e-05
92008,2.6248576e-05
92009,2.6248576e-05
92010,2.6248576e-05
92011,2.6248576e-05
92012,2.6248576e-05
92013,2.6248576e-05
92014,2.6248576e-05
92015,2.6248576e-05
92016,2.6248576e-05
92017,2.6248576e-05
92018,2.6248576e-05
92019,2.6248576e-05
92020,2.6248576e-05
92021,2.6248576e-05
92022,2.6248576e-05
92023,2.6248576e-05
92024,2.6248576e-05
92025,2.6248576e-05
92026,2.6248576e-05
92027,2.6248576e-05
92028,2.6248576e-05
92029,2.6248576e-05
92030,2.6248576e-05
92031,2.6248576e-05
92032,2.6248576e-05
92033,2.6248576e-05
92034,2.6248576e-05
92035,2.6248576e-05
92036,2.6248576e-05
92037,2.6248576e-05
92038,2.6248576e-05
92039,2.6248576e-05
92040,2.6248576e-05
92041,2.6248576e-05
92042,2.6248576e-05
92043,2.6248576e-05
92044,2.6248576e-05
92045,2.6248576e-05
92046,2.6248576e-05
92047,2.6248576e-05
92048,2.6248576e-05
92049,2.6248576e-05
92050,2.6248576e-05
92051,2.6248576e-05
92052,2.6248576e-05
92053,2.6248576e-05
92054,2.6248576e-05
92055,2.6248576e-05
92056,2.6248576e-05
92057,2.6248576e-05
92058,2.6248576e-05
92059,2.6248576e-05
92060,2.6248576e-05
92061,2.6248576e-05
92062,2.6248576e-05
92063,2.6248576e-05
92064,2.6248576e-05
92065,2.6248576e-05
92066,2.6248576e-05
92067,2.6248576e-05
92068,2.6248576e-05
92069,2.6248576e-05
92070,2.6248576e-05
92071,2.6248576e-05
92072,2.6248576e-05
92073,2.6248576e-05
92074,2.6248576e-05
92075,2.6248576e-05
92076,2.6248576e-05
92077,2.6248576e-05
92078,2.6248576e-05
92079,2.6248576e-05
92080,2.6248576e-05
92081,2.6248576e-05
92082,2.6248576e-05
92083,2.6248576e-05
92084,2.6248576e-05
92085,2.6248576e-05
92086,2.6248576e-05
92087,2.6248576e-05
92088,2.6248576e-05
92089,2.6248576e-05
92090,2.6248576e-05
92091,2.6248576e-05
92092,2.6248576e-05
92093,2.6248576e-05
92094,2.6248576e-05
92095,2.6248576e-05
92096,2.6248576e-05
92097,2.6248576e-05
92098,2.6248576e-05
92099,2.6248576e-05
92100,2.6248576e-05
92101,2.6248576e-05
92102,2.6248576e-05
92103,2.6248576e-05
92104,2.6248576e-05
92105,2.6248576e-05
92106,2.6248576e-05
92107,2.6248576e-05
92108,2.6248576e-05
92109,2.6248576e-05
92110,2.6248576e-05
92111,2.6248576e-05
92112,2.6248576e-05
92113,2.6248576e-05
92114,2.6248576e-05
92115,2.6248576e-05
92116,2.6248576e-05
92117,2.6248576e-05
92118,2.6248576e-05
92119,2.6248576e-05
92120,2.6248576e-05
92121,2.6248576e-05
92122,2.6248576e-05
92123,2.6248576e-05
92124,2.6248576e-05
92125,2.6248576e-05
92126,2.6248576e-05
92127,2.6248576e-05
92128,2.6248576e-05
92129,2.6248576e-05
92130,2.6248576e-05
92131,2.6248576e-05
92132,2.6248576e-05
92133,2.6248576e-05
92134,2.6248576e-05
92135,2.6248576e-05
92136,2.6248576e-05
92137,2.6248576e-05
92138,2.6248576e-05
92139,2.6248576e-05
92140,2.6248576e-05
92141,2.6248576e-05
92142,2.6248576e-05
92143,2.6248576e-05
92144,2.6248576e-05
92145,2.6248576e-05
92146,2.6248576e-05
92147,2.6248576e-05
92148,2.6248576e-05
92149,2.6248576e-05
92150,2.6248576e-05
92151,2.6248576e-05
92152,2.6248576e-05
92153,2.6248576e-05
92154,2.6248576e-05
92155,2.6248576e-05
92156,2.6248576e-05
92157,2.6248576e-05
92158,2.6248576e-05
92159,2.6248576e-05
92160,2.6248576e-05
92161,2.6248576e-05
92162,2.6248576e-05
92163,2.6248576e-05
92164,2.6248576e-05
92165,2.6248576e-05
92166,2.6248576e-05
92167,2.6248576e-05
92168,2.6248576e-05
92169,2.6248576e-05
92170,2.6248576e-05
92171,2.6248576e-05
92172,2.6248576e-05
92173,2.6248576e-05
92174,2.6248576e-05
92175,2.6248576e-05
92176,2.6248576e-05
92177,2.6248576e-05
92178,2.6248576e-05
92179,2.6248576e-05
92180,2.6248576e-05
92181,2.6248576e-05
92182,2.6248576e-05
92183,2.6248576e-05
92184,2.6248576e-05
92185,2.6248576e-05
92186,2.6248576e-05
92187,2.6248576e-05
92188,2.6248576e-05
92189,2.6248576e-05
92190,2.6248576e-05
92191,2.6248576e-05
92192,2.6248576e-05
92193,2.6248576e-05
92194,2.6248576e-05
92195,2.6248576e-05
92196,2.6248576e-05
92197,2.6248576e-05
92198,2.6248576e-05
92199,2.6248576e-05
92200,2.6248576e-05
92201,2.6248576e-05
92202,2.6248576e-05
92203,2.6248576e-05
92204,2.6248576e-05
92205,2.6248576e-05
92206,2.6248576e-05
92207,2.6248576e-05
92208,2.6248576e-05
92209,2.6248576e-05
92210,2.6248576e-05
92211,2.6248576e-05
92212,2.6248576e-05
92213,2.6248576e-05
92214,2.6248576e-05
92215,2.6248576e-05
92216,2.6248576e-05
92217,2.6248576e-05
92218,2.6248576e-05
92219,2.6248576e-05
92220,2.6248576e-05
92221,2.6248576e-05
92222,2.6248576e-05
92223,2.6248576e-05
92224,2.6248576e-05
92225,2.6248576e-05
92226,2.6248576e-05
92227,2.6248576e-05
92228,2.6248576e-05
92229,2.6248576e-05
92230,2.6248576e-05
92231,2.6248576e-05
92232,2.6248576e-05
92233,2.6248576e-05
92234,2.6248576e-05
92235,2.6248576e-05
92236,2.6248576e-05
92237,2.6248576e-05
92238,2.6248576e-05
92239,2.6248576e-05
92240,2.6248576e-05
92241,2.6248576e-05
92242,2.6248576e-05
92243,2.6248576e-05
92244,2.6248576e-05
92245,2.6248576e-05
92246,2.6248576e-05
92247,2.6248576e-05
92248,2.6248576e-05
92249,2.6248576e-05
92250,2.6248576e-05
92251,2.6248576e-05
92252,2.6248576e-05
92253,2.6248576e-05
92254,2.6248576e-05
92255,2.6248576e-05
92256,2.6248576e-05
92257,2.6248576e-05
92258,2.6248576e-05
92259,2.6248576e-05
92260,2.6248576e-05
92261,2.6248576e-05
92262,2.6248576e-05
92263,2.6248576e-05
92264,2.6248576e-05
92265,2.6248576e-05
92266,2.6248576e-05
92267,2.6248576e-05
92268,2.6248576e-05
92269,2.6248576e-05
92270,2.6248576e-05
92271,2.6248576e-05
92272,2.6248576e-05
92273,2.6248576e-05
92274,2.6248576e-05
92275,2.6248576e-05
92276,2.6248576e-05
92277,2.6248576e-05
92278,2.6248576e-05
92279,2.6248576e-05
92280,2.6248576e-05
92281,2.6248576e-05
92282,2.6248576e-05
92283,2.6248576e-05
92284,2.6248576e-05
92285,2.6248576e-05
92286,2.6248576e-05
92287,2.6248576e-05
92288,2.6248576e-05
92289,2.6248576e-05
92290,2.6248576e-05
92291,2.6248576e-05
92292,2.6248576e-05
92293,2.6248576e-05
92294,2.6248576e-05
92295,2.6248576e-05
92296,2.6248576e-05
92297,2.6248576e-05
92298,2.6248576e-05
92299,2.6248576e-05
92300,2.6248576e-05
92301,2.6248576e-05
92302,2.6248576e-05
92303,2.6248576e-05
92304,2.6248576e-05
92305,2.6248576e-05
92306,2.6248576e-05
92307,2.6248576e-05
92308,2.6248576e-05
92309,2.6248576e-05
92310,2.6248576e-05
92311,2.6248576e-05
92312,2.6248576e-05
92313,2.6248576e-05
92314,2.6248576e-05
92315,2.6248576e-05
92316,2.6248576e-05
92317,2.6248576e-05
92318,2.6248576e-05
92319,2.6248576e-05
92320,2.6248576e-05
92321,2.6248576e-05
92322,2.6248576e-05
92323,2.6248576e-05
92324,2.6248576e-05
92325,2.6248576e-05
92326,2.6248576e-05
92327,2.6248576e-05
92328,2.6248576e-05
92329,2.6248576e-05
92330,2.6248576e-05
92331,2.6248576e-05
92332,2.6248576e-05
92333,2.6248576e-05
92334,2.6248576e-05
92335,2.6248576e-05
92336,2.6248576e-05
92337,2.6248576e-05
92338,2.6248576e-05
92339,2.6248576e-05
92340,2.6248576e-05
92341,2.6248576e-05
92342,2.6248576e-05
92343,2.6248576e-05
92344,2.6248576e-05
92345,2.6248576e-05
92346,2.6248576e-05
92347,2.6248576e-05
92348,2.6248576e-05
92349,2.6248576e-05
92350,2.6248576e-05
92351,2.6248576e-05
92352,2.6248576e-05
92353,2.6248576e-05
92354,2.6248576e-05
92355,2.6248576e-05
92356,2.6248576e-05
92357,2.6248576e-05
92358,2.6248576e-05
92359,2.6248576e-05
92360,2.6248576e-05
92361,2.6248576e-05
92362,2.6248576e-05
92363,2.6248576e-05
92364,2.6248576e-05
92365,2.6248576e-05
92366,2.6248576e-05
92367,2.6248576e-05
92368,2.6248576e-05
92369,2.6248576e-05
92370,2.6248576e-05
92371,2.6248576e-05
92372,2.6248576e-05
92373,2.6248576e-05
92374,2.6248576e-05
92375,2.6248576e-05
92376,2.6248576e-05
92377,2.6248576e-05
92378,2.6248576e-05
92379,2.6248576e-05
92380,2.6248576e-05
92381,2.6248576e-05
92382,2.6248576e-05
92383,2.6248576e-05
92384,2.6248576e-05
92385,2.6248576e-05
92386,2.6248576e-05
92387,2.6248576e-05
92388,2.6248576e-05
92389,2.6248576e-05
92390,2.6248576e-05
92391,2.6248576e-05
92392,2.6248576e-05
92393,2.6248576e-05
92394,2.6248576e-05
92395,2.6248576e-05
92396,2.6248576e-05
92397,2.6248576e-05
92398,2.6248576e-05
92399,2.6248576e-05
92400,2.6248576e-05
92401,2.6248576e-05
92402,2.6248576e-05
92403,2.6248576e-05
92404,2.6248576e-05
92405,2.6248576e-05
92406,2.6248576e-05
92407,2.6248576e-05
92408,2.6248576e-05
92409,2.6248576e-05
92410,2.6248576e-05
92411,2.6248576e-05
92412,2.6248576e-05
92413,2.6248576e-05
92414,2.6248576e-05
92415,2.6248576e-05
92416,2.6248576e-05
92417,2.6248576e-05
92418,2.6248576e-05
92419,2.6248576e-05
92420,2.6248576e-05
92421,2.6248576e-05
92422,2.6248576e-05
92423,2.6248576e-05
92424,2.6248576e-05
92425,2.6248576e-05
92426,2.6248576e-05
92427,2.6248576e-05
92428,2.6248576e-05
92429,2.6248576e-05
92430,2.6248576e-05
92431,2.6248576e-05
92432,2.6248576e-05
92433,2.6248576e-05
92434,2.6248576e-05
92435,2.6248576e-05
92436,2.6248576e-05
92437,2.6248576e-05
92438,2.6248576e-05
92439,2.6248576e-05
92440,2.6248576e-05
92441,2.6248576e-05
92442,2.6248576e-05
92443,2.6248576e-05
92444,2.6248576e-05
92445,2.6248576e-05
92446,2.6248576e-05
92447,2.6248576e-05
92448,2.6248576e-05
92449,2.6248576e-05
92450,2.6248576e-05
92451,2.6248576e-05
92452,2.6248576e-05
92453,2.6248576e-05
92454,2.6248576e-05
92455,2.6248576e-05
92456,2.6248576e-05
92457,2.6248576e-05
92458,2.6248576e-05
92459,2.6248576e-05
92460,2.6248576e-05
92461,2.6248576e-05
92462,2.6248576e-05
92463,2.6248576e-05
92464,2.6248576e-05
92465,2.6248576e-05
92466,2.6248576e-05
92467,2.6248576e-05
92468,2.6248576e-05
92469,2.6248576e-05
92470,2.6248576e-05
92471,2.6248576e-05
92472,2.6248576e-05
92473,2.6248576e-05
92474,2.6248576e-05
92475,2.6248576e-05
92476,2.6248576e-05
92477,2.6248576e-05
92478,2.6248576e-05
92479,2.6248576e-05
92480,2.6248576e-05
92481,2.6248576e-05
92482,2.6248576e-05
92483,2.6248576e-05
92484,2.6248576e-05
92485,2.6248576e-05
92486,2.6248576e-05
92487,2.6248576e-05
92488,2.6248576e-05
92489,2.6248576e-05
92490,2.6248576e-05
92491,2.6248576e-05
92492,2.6248576e-05
92493,2.6248576e-05
92494,2.6248576e-05
92495,2.6248576e-05
92496,2.6248576e-05
92497,2.6248576e-05
92498,2.6248576e-05
92499,2.6248576e-05
92500,2.6248576e-05
92501,2.6248576e-05
92502,2.6248576e-05
92503,2.6248576e-05
92504,2.6248576e-05
92505,2.6248576e-05
92506,2.6248576e-05
92507,2.6248576e-05
92508,2.6248576e-05
92509,2.6248576e-05
92510,2.6248576e-05
92511,2.6248576e-05
92512,2.6248576e-05
92513,2.6248576e-05
92514,2.6248576e-05
92515,2.6248576e-05
92516,2.6248576e-05
92517,2.6248576e-05
92518,2.6248576e-05
92519,2.6248576e-05
92520,2.6248576e-05
92521,2.6248576e-05
92522,2.6248576e-05
92523,2.6248576e-05
92524,2.6248576e-05
92525,2.6248576e-05
92526,2.6248576e-05
92527,2.6248576e-05
92528,2.6248576e-05
92529,2.6248576e-05
92530,2.6248576e-05
92531,2.6248576e-05
92532,2.6248576e-05
92533,2.6248576e-05
92534,2.6248576e-05
92535,2.6248576e-05
92536,2.6248576e-05
92537,2.6248576e-05
92538,2.6248576e-05
92539,2.6248576e-05
92540,2.6248576e-05
92541,2.6248576e-05
92542,2.6248576e-05
92543,2.6248576e-05
92544,2.6248576e-05
92545,2.6248576e-05
92546,2.6248576e-05
92547,2.6248576e-05
92548,2.6248576e-05
92549,2.6248576e-05
92550,2.6248576e-05
92551,2.6248576e-05
92552,2.6248576e-05
92553,2.6248576e-05
92554,2.6248576e-05
92555,2.6248576e-05
92556,2.6248576e-05
92557,2.6248576e-05
92558,2.6248576e-05
92559,2.6248576e-05
92560,2.6248576e-05
92561,2.6248576e-05
92562,2.6248576e-05
92563,2.6248576e-05
92564,2.6248576e-05
92565,2.6248576e-05
92566,2.6248576e-05
92567,2.6248576e-05
92568,2.6248576e-05
92569,2.6248576e-05
92570,2.6248576e-05
92571,2.6248576e-05
92572,2.6248576e-05
92573,2.6248576e-05
92574,2.6248576e-05
92575,2.6248576e-05
92576,2.6248576e-05
92577,2.6248576e-05
92578,2.6248576e-05
92579,2.6248576e-05
92580,2.6248576e-05
92581,2.6248576e-05
92582,2.6248576e-05
92583,2.6248576e-05
92584,2.6248576e-05
92585,2.6248576e-05
92586,2.6248576e-05
92587,2.6248576e-05
92588,2.6248576e-05
92589,2.6248576e-05
92590,2.6248576e-05
92591,2.6248576e-05
92592,2.6248576e-05
92593,2.6248576e-05
92594,2.6248576e-05
92595,2.6248576e-05
92596,2.6248576e-05
92597,2.6248576e-05
92598,2.6248576e-05
92599,2.6248576e-05
92600,2.6248576e-05
92601,2.6248576e-05
92602,2.6248576e-05
92603,2.6248576e-05
92604,2.6248576e-05
92605,2.6248576e-05
92606,2.6248576e-05
92607,2.6248576e-05
92608,2.6248576e-05
92609,2.6248576e-05
92610,2.6248576e-05
92611,2.6248576e-05
92612,2.6248576e-05
92613,2.6248576e-05
92614,2.6248576e-05
92615,2.6248576e-05
92616,2.6248576e-05
92617,2.6248576e-05
92618,2.6248576e-05
92619,2.6248576e-05
92620,2.6248576e-05
92621,2.6248576e-05
92622,2.6248576e-05
92623,2.6248576e-05
92624,2.6248576e-05
92625,2.6248576e-05
92626,2.6248576e-05
92627,2.6248576e-05
92628,2.6248576e-05
92629,2.6248576e-05
92630,2.6248576e-05
92631,2.6248576e-05
92632,2.6248576e-05
92633,2.6248576e-05
92634,2.6248576e-05
92635,2.6248576e-05
92636,2.6248576e-05
92637,2.6248576e-05
92638,2.6248576e-05
92639,2.6248576e-05
92640,2.6248576e-05
92641,2.6248576e-05
92642,2.6248576e-05
92643,2.6248576e-05
92644,2.6248576e-05
92645,2.6248576e-05
92646,2.6248576e-05
92647,2.6248576e-05
92648,2.6248576e-05
92649,2.6248576e-05
92650,2.6248576e-05
92651,2.6248576e-05
92652,2.6248576e-05
92653,2.6248576e-05
92654,2.6248576e-05
92655,2.6248576e-05
92656,2.6248576e-05
92657,2.6248576e-05
92658,2.6248576e-05
92659,2.6248576e-05
92660,2.6248576e-05
92661,2.6248576e-05
92662,2.6248576e-05
92663,2.6248576e-05
92664,2.6248576e-05
92665,2.6248576e-05
92666,2.6248576e-05
92667,2.6248576e-05
92668,2.6248576e-05
92669,2.6248576e-05
92670,2.6248576e-05
92671,2.6248576e-05
92672,2.6248576e-05
92673,2.6248576e-05
92674,2.6248576e-05
92675,2.6248576e-05
92676,2.6248576e-05
92677,2.6248576e-05
92678,2.6248576e-05
92679,2.6248576e-05
92680,2.6248576e-05
92681,2.6248576e-05
92682,2.6248576e-05
92683,2.6248576e-05
92684,2.6248576e-05
92685,2.6248576e-05
92686,2.6248576e-05
92687,2.6248576e-05
92688,2.6248576e-05
92689,2.6248576e-05
92690,2.6248576e-05
92691,2.6248576e-05
92692,2.6248576e-05
92693,2.6248576e-05
92694,2.6248576e-05
92695,2.6248576e-05
92696,2.6248576e-05
92697,2.6248576e-05
92698,2.6248576e-05
92699,2.6248576e-05
92700,2.6248576e-05
92701,2.6248576e-05
92702,2.6248576e-05
92703,2.6248576e-05
92704,2.6248576e-05
92705,2.6248576e-05
92706,2.6248576e-05
92707,2.6248576e-05
92708,2.6248576e-05
92709,2.6248576e-05
92710,2.6248576e-05
92711,2.6248576e-05
92712,2.6248576e-05
92713,2.6248576e-05
92714,2.6248576e-05
92715,2.6248576e-05
92716,2.6248576e-05
92717,2.6248576e-05
92718,2.6248576e-05
92719,2.6248576e-05
92720,2.6248576e-05
92721,2.6248576e-05
92722,2.6248576e-05
92723,2.6248576e-05
92724,2.6248576e-05
92725,2.6248576e-05
92726,2.6248576e-05
92727,2.6248576e-05
92728,2.6248576e-05
92729,2.6248576e-05
92730,2.6248576e-05
92731,2.6248576e-05
92732,2.6248576e-05
92733,2.6248576e-05
92734,2.6248576e-05
92735,2.6248576e-05
92736,2.6248576e-05
92737,2.6248576e-05
92738,2.6248576e-05
92739,2.6248576e-05
92740,2.6248576e-05
92741,2.6248576e-05
92742,2.6248576e-05
92743,2.6248576e-05
92744,2.6248576e-05
92745,2.6248576e-05
92746,2.6248576e-05
92747,2.6248576e-05
92748,2.6248576e-05
92749,2.6248576e-05
92750,2.6248576e-05
92751,2.6248576e-05
92752,2.6248576e-05
92753,2.6248576e-05
92754,2.6248576e-05
92755,2.6248576e-05
92756,2.6248576e-05
92757,2.6248576e-05
92758,2.6248576e-05
92759,2.6248576e-05
92760,2.6248576e-05
92761,2.6248576e-05
92762,2.6248576e-05
92763,2.6248576e-05
92764,2.6248576e-05
92765,2.6248576e-05
92766,2.6248576e-05
92767,2.6248576e-05
92768,2.6248576e-05
92769,2.6248576e-05
92770,2.6248576e-05
92771,2.6248576e-05
92772,2.6248576e-05
92773,2.6248576e-05
92774,2.6248576e-05
92775,2.6248576e-05
92776,2.6248576e-05
92777,2.6248576e-05
92778,2.6248576e-05
92779,2.6248576e-05
92780,2.6248576e-05
92781,2.6248576e-05
92782,2.6248576e-05
92783,2.6248576e-05
92784,2.6248576e-05
92785,2.6248576e-05
92786,2.6248576e-05
92787,2.6248576e-05
92788,2.6248576e-05
92789,2.6248576e-05
92790,2.6248576e-05
92791,2.6248576e-05
92792,2.6248576e-05
92793,2.6248576e-05
92794,2.6248576e-05
92795,2.6248576e-05
92796,2.6248576e-05
92797,2.6248576e-05
92798,2.6248576e-05
92799,2.6248576e-05
92800,2.6248576e-05
92801,2.6248576e-05
92802,2.6248576e-05
92803,2.6248576e-05
92804,2.6248576e-05
92805,2.6248576e-05
92806,2.6248576e-05
92807,2.6248576e-05
92808,2.6248576e-05
92809,2.6248576e-05
92810,2.6248576e-05
92811,2.6248576e-05
92812,2.6248576e-05
92813,2.6248576e-05
92814,2.6248576e-05
92815,2.6248576e-05
92816,2.6248576e-05
92817,2.6248576e-05
92818,2.6248576e-05
92819,2.6248576e-05
92820,2.6248576e-05
92821,2.6248576e-05
92822,2.6248576e-05
92823,2.6248576e-05
92824,2.6248576e-05
92825,2.6248576e-05
92826,2.6248576e-05
92827,2.6248576e-05
92828,2.6248576e-05
92829,2.6248576e-05
92830,2.6248576e-05
92831,2.6248576e-05
92832,2.6248576e-05
92833,2.6248576e-05
92834,2.6248576e-05
92835,2.6248576e-05
92836,2.6248576e-05
92837,2.6248576e-05
92838,2.6248576e-05
92839,2.6248576e-05
92840,2.6248576e-05
92841,2.6248576e-05
92842,2.6248576e-05
92843,2.6248576e-05
92844,2.6248576e-05
92845,2.6248576e-05
92846,2.6248576e-05
92847,2.6248576e-05
92848,2.6248576e-05
92849,2.6248576e-05
92850,2.6248576e-05
92851,2.6248576e-05
92852,2.6248576e-05
92853,2.6248576e-05
92854,2.6248576e-05
92855,2.6248576e-05
92856,2.6248576e-05
92857,2.6248576e-05
92858,2.6248576e-05
92859,2.6248576e-05
92860,2.6248576e-05
92861,2.6248576e-05
92862,2.6248576e-05
92863,2.6248576e-05
92864,2.6248576e-05
92865,2.6248576e-05
92866,2.6248576e-05
92867,2.6248576e-05
92868,2.6248576e-05
92869,2.6248576e-05
92870,2.6248576e-05
92871,2.6248576e-05
92872,2.6248576e-05
92873,2.6248576e-05
92874,2.6248576e-05
92875,2.6248576e-05
92876,2.6248576e-05
92877,2.6248576e-05
92878,2.6248576e-05
92879,2.6248576e-05
92880,2.6248576e-05
92881,2.6248576e-05
92882,2.6248576e-05
92883,2.6248576e-05
92884,2.6248576e-05
92885,2.6248576e-05
92886,2.6248576e-05
92887,2.6248576e-05
92888,2.6248576e-05
92889,2.6248576e-05
92890,2.6248576e-05
92891,2.6248576e-05
92892,2.6248576e-05
92893,2.6248576e-05
92894,2.6248576e-05
92895,2.6248576e-05
92896,2.6248576e-05
92897,2.6248576e-05
92898,2.6248576e-05
92899,2.6248576e-05
92900,2.6248576e-05
92901,2.6248576e-05
92902,2.6248576e-05
92903,2.6248576e-05
92904,2.6248576e-05
92905,2.6248576e-05
92906,2.6248576e-05
92907,2.6248576e-05
92908,2.6248576e-05
92909,2.6248576e-05
92910,2.6248576e-05
92911,2.6248576e-05
92912,2.6248576e-05
92913,2.6248576e-05
92914,2.6248576e-05
92915,2.6248576e-05
92916,2.6248576e-05
92917,2.6248576e-05
92918,2.6248576e-05
92919,2.6248576e-05
92920,2.6248576e-05
92921,2.6248576e-05
92922,2.6248576e-05
92923,2.6248576e-05
92924,2.6248576e-05
92925,2.6248576e-05
92926,2.6248576e-05
92927,2.6248576e-05
92928,2.6248576e-05
92929,2.6248576e-05
92930,2.6248576e-05
92931,2.6248576e-05
92932,2.6248576e-05
92933,2.6248576e-05
92934,2.6248576e-05
92935,2.6248576e-05
92936,2.6248576e-05
92937,2.6248576e-05
92938,2.6248576e-05
92939,2.6248576e-05
92940,2.6248576e-05
92941,2.6248576e-05
92942,2.6248576e-05
92943,2.6248576e-05
92944,2.6248576e-05
92945,2.6248576e-05
92946,2.6248576e-05
92947,2.6248576e-05
92948,2.6248576e-05
92949,2.6248576e-05
92950,2.6248576e-05
92951,2.6248576e-05
92952,2.6248576e-05
92953,2.6248576e-05
92954,2.6248576e-05
92955,2.6248576e-05
92956,2.6248576e-05
92957,2.6248576e-05
92958,2.6248576e-05
92959,2.6248576e-05
92960,2.6248576e-05
92961,2.6248576e-05
92962,2.6248576e-05
92963,2.6248576e-05
92964,2.6248576e-05
92965,2.6248576e-05
92966,2.6248576e-05
92967,2.6248576e-05
92968,2.6248576e-05
92969,2.6248576e-05
92970,2.6248576e-05
92971,2.6248576e-05
92972,2.6248576e-05
92973,2.6248576e-05
92974,2.6248576e-05
92975,2.6248576e-05
92976,2.6248576e-05
92977,2.6248576e-05
92978,2.6248576e-05
92979,2.6248576e-05
92980,2.6248576e-05
92981,2.6248576e-05
92982,2.6248576e-05
92983,2.6248576e-05
92984,2.6248576e-05
92985,2.6248576e-05
92986,2.6248576e-05
92987,2.6248576e-05
92988,2.6248576e-05
92989,2.6248576e-05
92990,2.6248576e-05
92991,2.6248576e-05
92992,2.6248576e-05
92993,2.6248576e-05
92994,2.6248576e-05
92995,2.6248576e-05
92996,2.6248576e-05
92997,2.6248576e-05
92998,2.6248576e-05
92999,2.6248576e-05
93000,2.6248576e-05
93001,2.6248576e-05
93002,2.6248576e-05
93003,2.6248576e-05
93004,2.6248576e-05
93005,2.6248576e-05
93006,2.6248576e-05
93007,2.6248576e-05
93008,2.6248576e-05
93009,2.6248576e-05
93010,2.6248576e-05
93011,2.6248576e-05
93012,2.6248576e-05
93013,2.6248576e-05
93014,2.6248576e-05
93015,2.6248576e-05
93016,2.6248576e-05
93017,2.6248576e-05
93018,2.6248576e-05
93019,2.6248576e-05
93020,2.6248576e-05
93021,2.6248576e-05
93022,2.6248576e-05
93023,2.6248576e-05
93024,2.6248576e-05
93025,2.6248576e-05
93026,2.6248576e-05
93027,2.6248576e-05
93028,2.6248576e-05
93029,2.6248576e-05
93030,2.6248576e-05
93031,2.6248576e-05
93032,2.6248576e-05
93033,2.6248576e-05
93034,2.6248576e-05
93035,2.6248576e-05
93036,2.6248576e-05
93037,2.6248576e-05
93038,2.6248576e-05
93039,2.6248576e-05
93040,2.6248576e-05
93041,2.6248576e-05
93042,2.6248576e-05
93043,2.6248576e-05
93044,2.6248576e-05
93045,2.6248576e-05
93046,2.6248576e-05
93047,2.6248576e-05
93048,2.6248576e-05
93049,2.6248576e-05
93050,2.6248576e-05
93051,2.6248576e-05
93052,2.6248576e-05
93053,2.6248576e-05
93054,2.6248576e-05
93055,2.6248576e-05
93056,2.6248576e-05
93057,2.6248576e-05
93058,2.6248576e-05
93059,2.6248576e-05
93060,2.6248576e-05
93061,2.6248576e-05
93062,2.6248576e-05
93063,2.6248576e-05
93064,2.6248576e-05
93065,2.6248576e-05
93066,2.6248576e-05
93067,2.6248576e-05
93068,2.6248576e-05
93069,2.6248576e-05
93070,2.6248576e-05
93071,2.6248576e-05
93072,2.6248576e-05
93073,2.6248576e-05
93074,2.6248576e-05
93075,2.6248576e-05
93076,2.6248576e-05
93077,2.6248576e-05
93078,2.6248576e-05
93079,2.6248576e-05
93080,2.6248576e-05
93081,2.6248576e-05
93082,2.6248576e-05
93083,2.6248576e-05
93084,2.6248576e-05
93085,2.6248576e-05
93086,2.6248576e-05
93087,2.6248576e-05
93088,2.6248576e-05
93089,2.6248576e-05
93090,2.6248576e-05
93091,2.6248576e-05
93092,2.6248576e-05
93093,2.6248576e-05
93094,2.6248576e-05
93095,2.6248576e-05
93096,2.6248576e-05
93097,2.6248576e-05
93098,2.6248576e-05
93099,2.6248576e-05
93100,2.6248576e-05
93101,2.6248576e-05
93102,2.6248576e-05
93103,2.6248576e-05
93104,2.6248576e-05
93105,2.6248576e-05
93106,2.6248576e-05
93107,2.6248576e-05
93108,2.6248576e-05
93109,2.6248576e-05
93110,2.6248576e-05
93111,2.6248576e-05
93112,2.6248576e-05
93113,2.6248576e-05
93114,2.6248576e-05
93115,2.6248576e-05
93116,2.6248576e-05
93117,2.6248576e-05
93118,2.6248576e-05
93119,2.6248576e-05
93120,2.6248576e-05
93121,2.6248576e-05
93122,2.6248576e-05
93123,2.6248576e-05
93124,2.6248576e-05
93125,2.6248576e-05
93126,2.6248576e-05
93127,2.6248576e-05
93128,2.6248576e-05
93129,2.6248576e-05
93130,2.6248576e-05
93131,2.6248576e-05
93132,2.6248576e-05
93133,2.6248576e-05
93134,2.6248576e-05
93135,2.6248576e-05
93136,2.6248576e-05
93137,2.6248576e-05
93138,2.6248576e-05
93139,2.6248576e-05
93140,2.6248576e-05
93141,2.6248576e-05
93142,2.6248576e-05
93143,2.6248576e-05
93144,2.6248576e-05
93145,2.6248576e-05
93146,2.6248576e-05
93147,2.6248576e-05
93148,2.6248576e-05
93149,2.6248576e-05
93150,2.6248576e-05
93151,2.6248576e-05
93152,2.6248576e-05
93153,2.6248576e-05
93154,2.6248576e-05
93155,2.6248576e-05
93156,2.6248576e-05
93157,2.6248576e-05
93158,2.6248576e-05
93159,2.6248576e-05
93160,2.6248576e-05
93161,2.6248576e-05
93162,2.6248576e-05
93163,2.6248576e-05
93164,2.6248576e-05
93165,2.6248576e-05
93166,2.6248576e-05
93167,2.6248576e-05
93168,2.6248576e-05
93169,2.6248576e-05
93170,2.6248576e-05
93171,2.6248576e-05
93172,2.6248576e-05
93173,2.6248576e-05
93174,2.6248576e-05
93175,2.6248576e-05
93176,2.6248576e-05
93177,2.6248576e-05
93178,2.6248576e-05
93179,2.6248576e-05
93180,2.6248576e-05
93181,2.6248576e-05
93182,2.6248576e-05
93183,2.6248576e-05
93184,2.6248576e-05
93185,2.6248576e-05
93186,2.6248576e-05
93187,2.6248576e-05
93188,2.6248576e-05
93189,2.6248576e-05
93190,2.6248576e-05
93191,2.6248576e-05
93192,2.6248576e-05
93193,2.6248576e-05
93194,2.6248576e-05
93195,2.6248576e-05
93196,2.6248576e-05
93197,2.6248576e-05
93198,2.6248576e-05
93199,2.6248576e-05
93200,2.6248576e-05
93201,2.6248576e-05
93202,2.6248576e-05
93203,2.6248576e-05
93204,2.6248576e-05
93205,2.6248576e-05
93206,2.6248576e-05
93207,2.6248576e-05
93208,2.6248576e-05
93209,2.6248576e-05
93210,2.6248576e-05
93211,2.6248576e-05
93212,2.6248576e-05
93213,2.6248576e-05
93214,2.6248576e-05
93215,2.6248576e-05
93216,2.6248576e-05
93217,2.6248576e-05
93218,2.6248576e-05
93219,2.6248576e-05
93220,2.6248576e-05
93221,2.6248576e-05
93222,2.6248576e-05
93223,2.6248576e-05
93224,2.6248576e-05
93225,2.6248576e-05
93226,2.6248576e-05
93227,2.6248576e-05
93228,2.6248576e-05
93229,2.6248576e-05
93230,2.6248576e-05
93231,2.6248576e-05
93232,2.6248576e-05
93233,2.6248576e-05
93234,2.6248576e-05
93235,2.6248576e-05
93236,2.6248576e-05
93237,2.6248576e-05
93238,2.6248576e-05
93239,2.6248576e-05
93240,2.6248576e-05
93241,2.6248576e-05
93242,2.6248576e-05
93243,2.6248576e-05
93244,2.6248576e-05
93245,2.6248576e-05
93246,2.6248576e-05
93247,2.6248576e-05
93248,2.6248576e-05
93249,2.6248576e-05
93250,2.6248576e-05
93251,2.6248576e-05
93252,2.6248576e-05
93253,2.6248576e-05
93254,2.6248576e-05
93255,2.6248576e-05
93256,2.6248576e-05
93257,2.6248576e-05
93258,2.6248576e-05
93259,2.6248576e-05
93260,2.6248576e-05
93261,2.6248576e-05
93262,2.6248576e-05
93263,2.6248576e-05
93264,2.6248576e-05
93265,2.6248576e-05
93266,2.6248576e-05
93267,2.6248576e-05
93268,2.6248576e-05
93269,2.6248576e-05
93270,2.6248576e-05
93271,2.6248576e-05
93272,2.6248576e-05
93273,2.6248576e-05
93274,2.6248576e-05
93275,2.6248576e-05
93276,2.6248576e-05
93277,2.6248576e-05
93278,2.6248576e-05
93279,2.6248576e-05
93280,2.6248576e-05
93281,2.6248576e-05
93282,2.6248576e-05
93283,2.6248576e-05
93284,2.6248576e-05
93285,2.6248576e-05
93286,2.6248576e-05
93287,2.6248576e-05
93288,2.6248576e-05
93289,2.6248576e-05
93290,2.6248576e-05
93291,2.6248576e-05
93292,2.6248576e-05
93293,2.6248576e-05
93294,2.6248576e-05
93295,2.6248576e-05
93296,2.6248576e-05
93297,2.6248576e-05
93298,2.6248576e-05
93299,2.6248576e-05
93300,2.6248576e-05
93301,2.6248576e-05
93302,2.6248576e-05
93303,2.6248576e-05
93304,2.6248576e-05
93305,2.6248576e-05
93306,2.6248576e-05
93307,2.6248576e-05
93308,2.6248576e-05
93309,2.6248576e-05
93310,2.6248576e-05
93311,2.6248576e-05
93312,2.6248576e-05
93313,2.6248576e-05
93314,2.6248576e-05
93315,2.6248576e-05
93316,2.6248576e-05
93317,2.6248576e-05
93318,2.6248576e-05
93319,2.6248576e-05
93320,2.6248576e-05
93321,2.6248576e-05
93322,2.6248576e-05
93323,2.6248576e-05
93324,2.6248576e-05
93325,2.6248576e-05
93326,2.6248576e-05
93327,2.6248576e-05
93328,2.6248576e-05
93329,2.6248576e-05
93330,2.6248576e-05
93331,2.6248576e-05
93332,2.6248576e-05
93333,2.6248576e-05
93334,2.6248576e-05
93335,2.6248576e-05
93336,2.6248576e-05
93337,2.6248576e-05
93338,2.6248576e-05
93339,2.6248576e-05
93340,2.6248576e-05
93341,2.6248576e-05
93342,2.6248576e-05
93343,2.6248576e-05
93344,2.6248576e-05
93345,2.6248576e-05
93346,2.6248576e-05
93347,2.6248576e-05
93348,2.6248576e-05
93349,2.6248576e-05
93350,2.6248576e-05
93351,2.6248576e-05
93352,2.6248576e-05
93353,2.6248576e-05
93354,2.6248576e-05
93355,2.6248576e-05
93356,2.6248576e-05
93357,2.6248576e-05
93358,2.6248576e-05
93359,2.6248576e-05
93360,2.6248576e-05
93361,2.6248576e-05
93362,2.6248576e-05
93363,2.6248576e-05
93364,2.6248576e-05
93365,2.6248576e-05
93366,2.6248576e-05
93367,2.6248576e-05
93368,2.6248576e-05
93369,2.6248576e-05
93370,2.6248576e-05
93371,2.6248576e-05
93372,2.6248576e-05
93373,2.6248576e-05
93374,2.6248576e-05
93375,2.6248576e-05
93376,2.6248576e-05
93377,2.6248576e-05
93378,2.6248576e-05
93379,2.6248576e-05
93380,2.6248576e-05
93381,2.6248576e-05
93382,2.6248576e-05
93383,2.6248576e-05
93384,2.6248576e-05
93385,2.6248576e-05
93386,2.6248576e-05
93387,2.6248576e-05
93388,2.6248576e-05
93389,2.6248576e-05
93390,2.6248576e-05
93391,2.6248576e-05
93392,2.6248576e-05
93393,2.6248576e-05
93394,2.6248576e-05
93395,2.6248576e-05
93396,2.6248576e-05
93397,2.6248576e-05
93398,2.6248576e-05
93399,2.6248576e-05
93400,2.6248576e-05
93401,2.6248576e-05
93402,2.6248576e-05
93403,2.6248576e-05
93404,2.6248576e-05
93405,2.6248576e-05
93406,2.6248576e-05
93407,2.6248576e-05
93408,2.6248576e-05
93409,2.6248576e-05
93410,2.6248576e-05
93411,2.6248576e-05
93412,2.6248576e-05
93413,2.6248576e-05
93414,2.6248576e-05
93415,2.6248576e-05
93416,2.6248576e-05
93417,2.6248576e-05
93418,2.6248576e-05
93419,2.6248576e-05
93420,2.6248576e-05
93421,2.6248576e-05
93422,2.6248576e-05
93423,2.6248576e-05
93424,2.6248576e-05
93425,2.6248576e-05
93426,2.6248576e-05
93427,2.6248576e-05
93428,2.6248576e-05
93429,2.6248576e-05
93430,2.6248576e-05
93431,2.6248576e-05
93432,2.6248576e-05
93433,2.6248576e-05
93434,2.6248576e-05
93435,2.6248576e-05
93436,2.6248576e-05
93437,2.6248576e-05
93438,2.6248576e-05
93439,2.6248576e-05
93440,2.6248576e-05
93441,2.6248576e-05
93442,2.6248576e-05
93443,2.6248576e-05
93444,2.6248576e-05
93445,2.6248576e-05
93446,2.6248576e-05
93447,2.6248576e-05
93448,2.6248576e-05
93449,2.6248576e-05
93450,2.6248576e-05
93451,2.6248576e-05
93452,2.6248576e-05
93453,2.6248576e-05
93454,2.6248576e-05
93455,2.6248576e-05
93456,2.6248576e-05
93457,2.6248576e-05
93458,2.6248576e-05
93459,2.6248576e-05
93460,2.6248576e-05
93461,2.6248576e-05
93462,2.6248576e-05
93463,2.6248576e-05
93464,2.6248576e-05
93465,2.6248576e-05
93466,2.6248576e-05
93467,2.6248576e-05
93468,2.6248576e-05
93469,2.6248576e-05
93470,2.6248576e-05
93471,2.6248576e-05
93472,2.6248576e-05
93473,2.6248576e-05
93474,2.6248576e-05
93475,2.6248576e-05
93476,2.6248576e-05
93477,2.6248576e-05
93478,2.6248576e-05
93479,2.6248576e-05
93480,2.6248576e-05
93481,2.6248576e-05
93482,2.6248576e-05
93483,2.6248576e-05
93484,2.6248576e-05
93485,2.6248576e-05
93486,2.6248576e-05
93487,2.6248576e-05
93488,2.6248576e-05
93489,2.6248576e-05
93490,2.6248576e-05
93491,2.6248576e-05
93492,2.6248576e-05
93493,2.6248576e-05
93494,2.6248576e-05
93495,2.6248576e-05
93496,2.6248576e-05
93497,2.6248576e-05
93498,2.6248576e-05
93499,2.6248576e-05
93500,2.6248576e-05
93501,2.6248576e-05
93502,2.6248576e-05
93503,2.6248576e-05
93504,2.6248576e-05
93505,2.6248576e-05
93506,2.6248576e-05
93507,2.6248576e-05
93508,2.6248576e-05
93509,2.6248576e-05
93510,2.6248576e-05
93511,2.6248576e-05
93512,2.6248576e-05
93513,2.6248576e-05
93514,2.6248576e-05
93515,2.6248576e-05
93516,2.6248576e-05
93517,2.6248576e-05
93518,2.6248576e-05
93519,2.6248576e-05
93520,2.6248576e-05
93521,2.6248576e-05
93522,2.6248576e-05
93523,2.6248576e-05
93524,2.6248576e-05
93525,2.6248576e-05
93526,2.6248576e-05
93527,2.6248576e-05
93528,2.6248576e-05
93529,2.6248576e-05
93530,2.6248576e-05
93531,2.6248576e-05
93532,2.6248576e-05
93533,2.6248576e-05
93534,2.6248576e-05
93535,2.6248576e-05
93536,2.6248576e-05
93537,2.6248576e-05
93538,2.6248576e-05
93539,2.6248576e-05
93540,2.6248576e-05
93541,2.6248576e-05
93542,2.6248576e-05
93543,2.6248576e-05
93544,2.6248576e-05
93545,2.6248576e-05
93546,2.6248576e-05
93547,2.6248576e-05
93548,2.6248576e-05
93549,2.6248576e-05
93550,2.6248576e-05
93551,2.6248576e-05
93552,2.6248576e-05
93553,2.6248576e-05
93554,2.6248576e-05
93555,2.6248576e-05
93556,2.6248576e-05
93557,2.6248576e-05
93558,2.6248576e-05
93559,2.6248576e-05
93560,2.6248576e-05
93561,2.6248576e-05
93562,2.6248576e-05
93563,2.6248576e-05
93564,2.6248576e-05
93565,2.6248576e-05
93566,2.6248576e-05
93567,2.6248576e-05
93568,2.6248576e-05
93569,2.6248576e-05
93570,2.6248576e-05
93571,2.6248576e-05
93572,2.6248576e-05
93573,2.6248576e-05
93574,2.6248576e-05
93575,2.6248576e-05
93576,2.6248576e-05
93577,2.6248576e-05
93578,2.6248576e-05
93579,2.6248576e-05
93580,2.6248576e-05
93581,2.6248576e-05
93582,2.6248576e-05
93583,2.6248576e-05
93584,2.6248576e-05
93585,2.6248576e-05
93586,2.6248576e-05
93587,2.6248576e-05
93588,2.6248576e-05
93589,2.6248576e-05
93590,2.6248576e-05
93591,2.6248576e-05
93592,2.6248576e-05
93593,2.6248576e-05
93594,2.6248576e-05
93595,2.6248576e-05
93596,2.6248576e-05
93597,2.6248576e-05
93598,2.6248576e-05
93599,2.6248576e-05
93600,2.6248576e-05
93601,2.6248576e-05
93602,2.6248576e-05
93603,2.6248576e-05
93604,2.6248576e-05
93605,2.6248576e-05
93606,2.6248576e-05
93607,2.6248576e-05
93608,2.6248576e-05
93609,2.6248576e-05
93610,2.6248576e-05
93611,2.6248576e-05
93612,2.6248576e-05
93613,2.6248576e-05
93614,2.6248576e-05
93615,2.6248576e-05
93616,2.6248576e-05
93617,2.6248576e-05
93618,2.6248576e-05
93619,2.6248576e-05
93620,2.6248576e-05
93621,2.6248576e-05
93622,2.6248576e-05
93623,2.6248576e-05
93624,2.6248576e-05
93625,2.6248576e-05
93626,2.6248576e-05
93627,2.6248576e-05
93628,2.6248576e-05
93629,2.6248576e-05
93630,2.6248576e-05
93631,2.6248576e-05
93632,2.6248576e-05
93633,2.6248576e-05
93634,2.6248576e-05
93635,2.6248576e-05
93636,2.6248576e-05
93637,2.6248576e-05
93638,2.6248576e-05
93639,2.6248576e-05
93640,2.6248576e-05
93641,2.6248576e-05
93642,2.6248576e-05
93643,2.6248576e-05
93644,2.6248576e-05
93645,2.6248576e-05
93646,2.6248576e-05
93647,2.6248576e-05
93648,2.6248576e-05
93649,2.6248576e-05
93650,2.6248576e-05
93651,2.6248576e-05
93652,2.6248576e-05
93653,2.6248576e-05
93654,2.6248576e-05
93655,2.6248576e-05
93656,2.6248576e-05
93657,2.6248576e-05
93658,2.6248576e-05
93659,2.6248576e-05
93660,2.6248576e-05
93661,2.6248576e-05
93662,2.6248576e-05
93663,2.6248576e-05
93664,2.6248576e-05
93665,2.6248576e-05
93666,2.6248576e-05
93667,2.6248576e-05
93668,2.6248576e-05
93669,2.6248576e-05
93670,2.6248576e-05
93671,2.6248576e-05
93672,2.6248576e-05
93673,2.6248576e-05
93674,2.6248576e-05
93675,2.6248576e-05
93676,2.6248576e-05
93677,2.6248576e-05
93678,2.6248576e-05
93679,2.6248576e-05
93680,2.6248576e-05
93681,2.6248576e-05
93682,2.6248576e-05
93683,2.6248576e-05
93684,2.6248576e-05
93685,2.6248576e-05
93686,2.6248576e-05
93687,2.6248576e-05
93688,2.6248576e-05
93689,2.6248576e-05
93690,2.6248576e-05
93691,2.6248576e-05
93692,2.6248576e-05
93693,2.6248576e-05
93694,2.6248576e-05
93695,2.6248576e-05
93696,2.6248576e-05
93697,2.6248576e-05
93698,2.6248576e-05
93699,2.6248576e-05
93700,2.6248576e-05
93701,2.6248576e-05
93702,2.6248576e-05
93703,2.6248576e-05
93704,2.6248576e-05
93705,2.6248576e-05
93706,2.6248576e-05
93707,2.6248576e-05
93708,2.6248576e-05
93709,2.6248576e-05
93710,2.6248576e-05
93711,2.6248576e-05
93712,2.6248576e-05
93713,2.6248576e-05
93714,2.6248576e-05
93715,2.6248576e-05
93716,2.6248576e-05
93717,2.6248576e-05
93718,2.6248576e-05
93719,2.6248576e-05
93720,2.6248576e-05
93721,2.6248576e-05
93722,2.6248576e-05
93723,2.6248576e-05
93724,2.6248576e-05
93725,2.6248576e-05
93726,2.6248576e-05
93727,2.6248576e-05
93728,2.6248576e-05
93729,2.6248576e-05
93730,2.6248576e-05
93731,2.6248576e-05
93732,2.6248576e-05
93733,2.6248576e-05
93734,2.6248576e-05
93735,2.6248576e-05
93736,2.6248576e-05
93737,2.6248576e-05
93738,2.6248576e-05
93739,2.6248576e-05
93740,2.6248576e-05
93741,2.6248576e-05
93742,2.6248576e-05
93743,2.6248576e-05
93744,2.6248576e-05
93745,2.6248576e-05
93746,2.6248576e-05
93747,2.6248576e-05
93748,2.6248576e-05
93749,2.6248576e-05
93750,2.6248576e-05
93751,2.6248576e-05
93752,2.6248576e-05
93753,2.6248576e-05
93754,2.6248576e-05
93755,2.6248576e-05
93756,2.6248576e-05
93757,2.6248576e-05
93758,2.6248576e-05
93759,2.6248576e-05
93760,2.6248576e-05
93761,2.6248576e-05
93762,2.6248576e-05
93763,2.6248576e-05
93764,2.6248576e-05
93765,2.6248576e-05
93766,2.6248576e-05
93767,2.6248576e-05
93768,2.6248576e-05
93769,2.6248576e-05
93770,2.6248576e-05
93771,2.6248576e-05
93772,2.6248576e-05
93773,2.6248576e-05
93774,2.6248576e-05
93775,2.6248576e-05
93776,2.6248576e-05
93777,2.6248576e-05
93778,2.6248576e-05
93779,2.6248576e-05
93780,2.6248576e-05
93781,2.6248576e-05
93782,2.6248576e-05
93783,2.6248576e-05
93784,2.6248576e-05
93785,2.6248576e-05
93786,2.6248576e-05
93787,2.6248576e-05
93788,2.6248576e-05
93789,2.6248576e-05
93790,2.6248576e-05
93791,2.6248576e-05
93792,2.6248576e-05
93793,2.6248576e-05
93794,2.6248576e-05
93795,2.6248576e-05
93796,2.6248576e-05
93797,2.6248576e-05
93798,2.6248576e-05
93799,2.6248576e-05
93800,2.6248576e-05
93801,2.6248576e-05
93802,2.6248576e-05
93803,2.6248576e-05
93804,2.6248576e-05
93805,2.6248576e-05
93806,2.6248576e-05
93807,2.6248576e-05
93808,2.6248576e-05
93809,2.6248576e-05
93810,2.6248576e-05
93811,2.6248576e-05
93812,2.6248576e-05
93813,2.6248576e-05
93814,2.6248576e-05
93815,2.6248576e-05
93816,2.6248576e-05
93817,2.6248576e-05
93818,2.6248576e-05
93819,2.6248576e-05
93820,2.6248576e-05
93821,2.6248576e-05
93822,2.6248576e-05
93823,2.6248576e-05
93824,2.6248576e-05
93825,2.6248576e-05
93826,2.6248576e-05
93827,2.6248576e-05
93828,2.6248576e-05
93829,2.6248576e-05
93830,2.6248576e-05
93831,2.6248576e-05
93832,2.6248576e-05
93833,2.6248576e-05
93834,2.6248576e-05
93835,2.6248576e-05
93836,2.6248576e-05
93837,2.6248576e-05
93838,2.6248576e-05
93839,2.6248576e-05
93840,2.6248576e-05
93841,2.6248576e-05
93842,2.6248576e-05
93843,2.6248576e-05
93844,2.6248576e-05
93845,2.6248576e-05
93846,2.6248576e-05
93847,2.6248576e-05
93848,2.6248576e-05
93849,2.6248576e-05
93850,2.6248576e-05
93851,2.6248576e-05
93852,2.6248576e-05
93853,2.6248576e-05
93854,2.6248576e-05
93855,2.6248576e-05
93856,2.6248576e-05
93857,2.6248576e-05
93858,2.6248576e-05
93859,2.6248576e-05
93860,2.6248576e-05
93861,2.6248576e-05
93862,2.6248576e-05
93863,2.6248576e-05
93864,2.6248576e-05
93865,2.6248576e-05
93866,2.6248576e-05
93867,2.6248576e-05
93868,2.6248576e-05
93869,2.6248576e-05
93870,2.6248576e-05
93871,2.6248576e-05
93872,2.6248576e-05
93873,2.6248576e-05
93874,2.6248576e-05
93875,2.6248576e-05
93876,2.6248576e-05
93877,2.6248576e-05
93878,2.6248576e-05
93879,2.6248576e-05
93880,2.6248576e-05
93881,2.6248576e-05
93882,2.6248576e-05
93883,2.6248576e-05
93884,2.6248576e-05
93885,2.6248576e-05
93886,2.6248576e-05
93887,2.6248576e-05
93888,2.6248576e-05
93889,2.6248576e-05
93890,2.6248576e-05
93891,2.6248576e-05
93892,2.6248576e-05
93893,2.6248576e-05
93894,2.6248576e-05
93895,2.6248576e-05
93896,2.6248576e-05
93897,2.6248576e-05
93898,2.6248576e-05
93899,2.6248576e-05
93900,2.6248576e-05
93901,2.6248576e-05
93902,2.6248576e-05
93903,2.6248576e-05
93904,2.6248576e-05
93905,2.6248576e-05
93906,2.6248576e-05
93907,2.6248576e-05
93908,2.6248576e-05
93909,2.6248576e-05
93910,2.6248576e-05
93911,2.6248576e-05
93912,2.6248576e-05
93913,2.6248576e-05
93914,2.6248576e-05
93915,2.6248576e-05
93916,2.6248576e-05
93917,2.6248576e-05
93918,2.6248576e-05
93919,2.6248576e-05
93920,2.6248576e-05
93921,2.6248576e-05
93922,2.6248576e-05
93923,2.6248576e-05
93924,2.6248576e-05
93925,2.6248576e-05
93926,2.6248576e-05
93927,2.6248576e-05
93928,2.6248576e-05
93929,2.6248576e-05
93930,2.6248576e-05
93931,2.6248576e-05
93932,2.6248576e-05
93933,2.6248576e-05
93934,2.6248576e-05
93935,2.6248576e-05
93936,2.6248576e-05
93937,2.6248576e-05
93938,2.6248576e-05
93939,2.6248576e-05
93940,2.6248576e-05
93941,2.6248576e-05
93942,2.6248576e-05
93943,2.6248576e-05
93944,2.6248576e-05
93945,2.6248576e-05
93946,2.6248576e-05
93947,2.6248576e-05
93948,2.6248576e-05
93949,2.6248576e-05
93950,2.6248576e-05
93951,2.6248576e-05
93952,2.6248576e-05
93953,2.6248576e-05
93954,2.6248576e-05
93955,2.6248576e-05
93956,2.6248576e-05
93957,2.6248576e-05
93958,2.6248576e-05
93959,2.6248576e-05
93960,2.6248576e-05
93961,2.6248576e-05
93962,2.6248576e-05
93963,2.6248576e-05
93964,2.6248576e-05
93965,2.6248576e-05
93966,2.6248576e-05
93967,2.6248576e-05
93968,2.6248576e-05
93969,2.6248576e-05
93970,2.6248576e-05
93971,2.6248576e-05
93972,2.6248576e-05
93973,2.6248576e-05
93974,2.6248576e-05
93975,2.6248576e-05
93976,2.6248576e-05
93977,2.6248576e-05
93978,2.6248576e-05
93979,2.6248576e-05
93980,2.6248576e-05
93981,2.6248576e-05
93982,2.6248576e-05
93983,2.6248576e-05
93984,2.6248576e-05
93985,2.6248576e-05
93986,2.6248576e-05
93987,2.6248576e-05
93988,2.6248576e-05
93989,2.6248576e-05
93990,2.6248576e-05
93991,2.6248576e-05
93992,2.6248576e-05
93993,2.6248576e-05
93994,2.6248576e-05
93995,2.6248576e-05
93996,2.6248576e-05
93997,2.6248576e-05
93998,2.6248576e-05
93999,2.6248576e-05
94000,2.6248576e-05
94001,2.6248576e-05
94002,2.6248576e-05
94003,2.6248576e-05
94004,2.6248576e-05
94005,2.6248576e-05
94006,2.6248576e-05
94007,2.6248576e-05
94008,2.6248576e-05
94009,2.6248576e-05
94010,2.6248576e-05
94011,2.6248576e-05
94012,2.6248576e-05
94013,2.6248576e-05
94014,2.6248576e-05
94015,2.6248576e-05
94016,2.6248576e-05
94017,2.6248576e-05
94018,2.6248576e-05
94019,2.6248576e-05
94020,2.6248576e-05
94021,2.6248576e-05
94022,2.6248576e-05
94023,2.6248576e-05
94024,2.6248576e-05
94025,2.6248576e-05
94026,2.6248576e-05
94027,2.6248576e-05
94028,2.6248576e-05
94029,2.6248576e-05
94030,2.6248576e-05
94031,2.6248576e-05
94032,2.6248576e-05
94033,2.6248576e-05
94034,2.6248576e-05
94035,2.6248576e-05
94036,2.6248576e-05
94037,2.6248576e-05
94038,2.6248576e-05
94039,2.6248576e-05
94040,2.6248576e-05
94041,2.6248576e-05
94042,2.6248576e-05
94043,2.6248576e-05
94044,2.6248576e-05
94045,2.6248576e-05
94046,2.6248576e-05
94047,2.6248576e-05
94048,2.6248576e-05
94049,2.6248576e-05
94050,2.6248576e-05
94051,2.6248576e-05
94052,2.6248576e-05
94053,2.6248576e-05
94054,2.6248576e-05
94055,2.6248576e-05
94056,2.6248576e-05
94057,2.6248576e-05
94058,2.6248576e-05
94059,2.6248576e-05
94060,2.6248576e-05
94061,2.6248576e-05
94062,2.6248576e-05
94063,2.6248576e-05
94064,2.6248576e-05
94065,2.6248576e-05
94066,2.6248576e-05
94067,2.6248576e-05
94068,2.6248576e-05
94069,2.6248576e-05
94070,2.6248576e-05
94071,2.6248576e-05
94072,2.6248576e-05
94073,2.6248576e-05
94074,2.6248576e-05
94075,2.6248576e-05
94076,2.6248576e-05
94077,2.6248576e-05
94078,2.6248576e-05
94079,2.6248576e-05
94080,2.6248576e-05
94081,2.6248576e-05
94082,2.6248576e-05
94083,2.6248576e-05
94084,2.6248576e-05
94085,2.6248576e-05
94086,2.6248576e-05
94087,2.6248576e-05
94088,2.6248576e-05
94089,2.6248576e-05
94090,2.6248576e-05
94091,2.6248576e-05
94092,2.6248576e-05
94093,2.6248576e-05
94094,2.6248576e-05
94095,2.6248576e-05
94096,2.6248576e-05
94097,2.6248576e-05
94098,2.6248576e-05
94099,2.6248576e-05
94100,2.6248576e-05
94101,2.6248576e-05
94102,2.6248576e-05
94103,2.6248576e-05
94104,2.6248576e-05
94105,2.6248576e-05
94106,2.6248576e-05
94107,2.6248576e-05
94108,2.6248576e-05
94109,2.6248576e-05
94110,2.6248576e-05
94111,2.6248576e-05
94112,2.6248576e-05
94113,2.6248576e-05
94114,2.6248576e-05
94115,2.6248576e-05
94116,2.6248576e-05
94117,2.6248576e-05
94118,2.6248576e-05
94119,2.6248576e-05
94120,2.6248576e-05
94121,2.6248576e-05
94122,2.6248576e-05
94123,2.6248576e-05
94124,2.6248576e-05
94125,2.6248576e-05
94126,2.6248576e-05
94127,2.6248576e-05
94128,2.6248576e-05
94129,2.6248576e-05
94130,2.6248576e-05
94131,2.6248576e-05
94132,2.6248576e-05
94133,2.6248576e-05
94134,2.6248576e-05
94135,2.6248576e-05
94136,2.6248576e-05
94137,2.6248576e-05
94138,2.6248576e-05
94139,2.6248576e-05
94140,2.6248576e-05
94141,2.6248576e-05
94142,2.6248576e-05
94143,2.6248576e-05
94144,2.6248576e-05
94145,2.6248576e-05
94146,2.6248576e-05
94147,2.6248576e-05
94148,2.6248576e-05
94149,2.6248576e-05
94150,2.6248576e-05
94151,2.6248576e-05
94152,2.6248576e-05
94153,2.6248576e-05
94154,2.6248576e-05
94155,2.6248576e-05
94156,2.6248576e-05
94157,2.6248576e-05
94158,2.6248576e-05
94159,2.6248576e-05
94160,2.6248576e-05
94161,2.6248576e-05
94162,2.6248576e-05
94163,2.6248576e-05
94164,2.6248576e-05
94165,2.6248576e-05
94166,2.6248576e-05
94167,2.6248576e-05
94168,2.6248576e-05
94169,2.6248576e-05
94170,2.6248576e-05
94171,2.6248576e-05
94172,2.6248576e-05
94173,2.6248576e-05
94174,2.6248576e-05
94175,2.6248576e-05
94176,2.6248576e-05
94177,2.6248576e-05
94178,2.6248576e-05
94179,2.6248576e-05
94180,2.6248576e-05
94181,2.6248576e-05
94182,2.6248576e-05
94183,2.6248576e-05
94184,2.6248576e-05
94185,2.6248576e-05
94186,2.6248576e-05
94187,2.6248576e-05
94188,2.6248576e-05
94189,2.6248576e-05
94190,2.6248576e-05
94191,2.6248576e-05
94192,2.6248576e-05
94193,2.6248576e-05
94194,2.6248576e-05
94195,2.6248576e-05
94196,2.6248576e-05
94197,2.6248576e-05
94198,2.6248576e-05
94199,2.6248576e-05
94200,2.6248576e-05
94201,2.6248576e-05
94202,2.6248576e-05
94203,2.6248576e-05
94204,2.6248576e-05
94205,2.6248576e-05
94206,2.6248576e-05
94207,2.6248576e-05
94208,2.6248576e-05
94209,2.6248576e-05
94210,2.6248576e-05
94211,2.6248576e-05
94212,2.6248576e-05
94213,2.6248576e-05
94214,2.6248576e-05
94215,2.6248576e-05
94216,2.6248576e-05
94217,2.6248576e-05
94218,2.6248576e-05
94219,2.6248576e-05
94220,2.6248576e-05
94221,2.6248576e-05
94222,2.6248576e-05
94223,2.6248576e-05
94224,2.6248576e-05
94225,2.6248576e-05
94226,2.6248576e-05
94227,2.6248576e-05
94228,2.6248576e-05
94229,2.6248576e-05
94230,2.6248576e-05
94231,2.6248576e-05
94232,2.6248576e-05
94233,2.6248576e-05
94234,2.6248576e-05
94235,2.6248576e-05
94236,2.6248576e-05
94237,2.6248576e-05
94238,2.6248576e-05
94239,2.6248576e-05
94240,2.6248576e-05
94241,2.6248576e-05
94242,2.6248576e-05
94243,2.6248576e-05
94244,2.6248576e-05
94245,2.6248576e-05
94246,2.6248576e-05
94247,2.6248576e-05
94248,2.6248576e-05
94249,2.6248576e-05
94250,2.6248576e-05
94251,2.6248576e-05
94252,2.6248576e-05
94253,2.6248576e-05
94254,2.6248576e-05
94255,2.6248576e-05
94256,2.6248576e-05
94257,2.6248576e-05
94258,2.6248576e-05
94259,2.6248576e-05
94260,2.6248576e-05
94261,2.6248576e-05
94262,2.6248576e-05
94263,2.6248576e-05
94264,2.6248576e-05
94265,2.6248576e-05
94266,2.6248576e-05
94267,2.6248576e-05
94268,2.6248576e-05
94269,2.6248576e-05
94270,2.6248576e-05
94271,2.6248576e-05
94272,2.6248576e-05
94273,2.6248576e-05
94274,2.6248576e-05
94275,2.6248576e-05
94276,2.6248576e-05
94277,2.6248576e-05
94278,2.6248576e-05
94279,2.6248576e-05
94280,2.6248576e-05
94281,2.6248576e-05
94282,2.6248576e-05
94283,2.6248576e-05
94284,2.6248576e-05
94285,2.6248576e-05
94286,2.6248576e-05
94287,2.6248576e-05
94288,2.6248576e-05
94289,2.6248576e-05
94290,2.6248576e-05
94291,2.6248576e-05
94292,2.6248576e-05
94293,2.6248576e-05
94294,2.6248576e-05
94295,2.6248576e-05
94296,2.6248576e-05
94297,2.6248576e-05
94298,2.6248576e-05
94299,2.6248576e-05
94300,2.6248576e-05
94301,2.6248576e-05
94302,2.6248576e-05
94303,2.6248576e-05
94304,2.6248576e-05
94305,2.6248576e-05
94306,2.6248576e-05
94307,2.6248576e-05
94308,2.6248576e-05
94309,2.6248576e-05
94310,2.6248576e-05
94311,2.6248576e-05
94312,2.6248576e-05
94313,2.6248576e-05
94314,2.6248576e-05
94315,2.6248576e-05
94316,2.6248576e-05
94317,2.6248576e-05
94318,2.6248576e-05
94319,2.6248576e-05
94320,2.6248576e-05
94321,2.6248576e-05
94322,2.6248576e-05
94323,2.6248576e-05
94324,2.6248576e-05
94325,2.6248576e-05
94326,2.6248576e-05
94327,2.6248576e-05
94328,2.6248576e-05
94329,2.6248576e-05
94330,2.6248576e-05
94331,2.6248576e-05
94332,2.6248576e-05
94333,2.6248576e-05
94334,2.6248576e-05
94335,2.6248576e-05
94336,2.6248576e-05
94337,2.6248576e-05
94338,2.6248576e-05
94339,2.6248576e-05
94340,2.6248576e-05
94341,2.6248576e-05
94342,2.6248576e-05
94343,2.6248576e-05
94344,2.6248576e-05
94345,2.6248576e-05
94346,2.6248576e-05
94347,2.6248576e-05
94348,2.6248576e-05
94349,2.6248576e-05
94350,2.6248576e-05
94351,2.6248576e-05
94352,2.6248576e-05
94353,2.6248576e-05
94354,2.6248576e-05
94355,2.6248576e-05
94356,2.6248576e-05
94357,2.6248576e-05
94358,2.6248576e-05
94359,2.6248576e-05
94360,2.6248576e-05
94361,2.6248576e-05
94362,2.6248576e-05
94363,2.6248576e-05
94364,2.6248576e-05
94365,2.6248576e-05
94366,2.6248576e-05
94367,2.6248576e-05
94368,2.6248576e-05
94369,2.6248576e-05
94370,2.6248576e-05
94371,2.6248576e-05
94372,2.6248576e-05
94373,2.6248576e-05
94374,2.6248576e-05
94375,2.6248576e-05
94376,2.6248576e-05
94377,2.6248576e-05
94378,2.6248576e-05
94379,2.6248576e-05
94380,2.6248576e-05
94381,2.6248576e-05
94382,2.6248576e-05
94383,2.6248576e-05
94384,2.6248576e-05
94385,2.6248576e-05
94386,2.6248576e-05
94387,2.6248576e-05
94388,2.6248576e-05
94389,2.6248576e-05
94390,2.6248576e-05
94391,2.6248576e-05
94392,2.6248576e-05
94393,2.6248576e-05
94394,2.6248576e-05
94395,2.6248576e-05
94396,2.6248576e-05
94397,2.6248576e-05
94398,2.6248576e-05
94399,2.6248576e-05
94400,2.6248576e-05
94401,2.6248576e-05
94402,2.6248576e-05
94403,2.6248576e-05
94404,2.6248576e-05
94405,2.6248576e-05
94406,2.6248576e-05
94407,2.6248576e-05
94408,2.6248576e-05
94409,2.6248576e-05
94410,2.6248576e-05
94411,2.6248576e-05
94412,2.6248576e-05
94413,2.6248576e-05
94414,2.6248576e-05
94415,2.6248576e-05
94416,2.6248576e-05
94417,2.6248576e-05
94418,2.6248576e-05
94419,2.6248576e-05
94420,2.6248576e-05
94421,2.6248576e-05
94422,2.6248576e-05
94423,2.6248576e-05
94424,2.6248576e-05
94425,2.6248576e-05
94426,2.6248576e-05
94427,2.6248576e-05
94428,2.6248576e-05
94429,2.6248576e-05
94430,2.6248576e-05
94431,2.6248576e-05
94432,2.6248576e-05
94433,2.6248576e-05
94434,2.6248576e-05
94435,2.6248576e-05
94436,2.6248576e-05
94437,2.6248576e-05
94438,2.6248576e-05
94439,2.6248576e-05
94440,2.6248576e-05
94441,2.6248576e-05
94442,2.6248576e-05
94443,2.6248576e-05
94444,2.6248576e-05
94445,2.6248576e-05
94446,2.6248576e-05
94447,2.6248576e-05
94448,2.6248576e-05
94449,2.6248576e-05
94450,2.6248576e-05
94451,2.6248576e-05
94452,2.6248576e-05
94453,2.6248576e-05
94454,2.6248576e-05
94455,2.6248576e-05
94456,2.6248576e-05
94457,2.6248576e-05
94458,2.6248576e-05
94459,2.6248576e-05
94460,2.6248576e-05
94461,2.6248576e-05
94462,2.6248576e-05
94463,2.6248576e-05
94464,2.6248576e-05
94465,2.6248576e-05
94466,2.6248576e-05
94467,2.6248576e-05
94468,2.6248576e-05
94469,2.6248576e-05
94470,2.6248576e-05
94471,2.6248576e-05
94472,2.6248576e-05
94473,2.6248576e-05
94474,2.6248576e-05
94475,2.6248576e-05
94476,2.6248576e-05
94477,2.6248576e-05
94478,2.6248576e-05
94479,2.6248576e-05
94480,2.6248576e-05
94481,2.6248576e-05
94482,2.6248576e-05
94483,2.6248576e-05
94484,2.6248576e-05
94485,2.6248576e-05
94486,2.6248576e-05
94487,2.6248576e-05
94488,2.6248576e-05
94489,2.6248576e-05
94490,2.6248576e-05
94491,2.6248576e-05
94492,2.6248576e-05
94493,2.6248576e-05
94494,2.6248576e-05
94495,2.6248576e-05
94496,2.6248576e-05
94497,2.6248576e-05
94498,2.6248576e-05
94499,2.6248576e-05
94500,2.6248576e-05
94501,2.6248576e-05
94502,2.6248576e-05
94503,2.6248576e-05
94504,2.6248576e-05
94505,2.6248576e-05
94506,2.6248576e-05
94507,2.6248576e-05
94508,2.6248576e-05
94509,2.6248576e-05
94510,2.6248576e-05
94511,2.6248576e-05
94512,2.6248576e-05
94513,2.6248576e-05
94514,2.6248576e-05
94515,2.6248576e-05
94516,2.6248576e-05
94517,2.6248576e-05
94518,2.6248576e-05
94519,2.6248576e-05
94520,2.6248576e-05
94521,2.6248576e-05
94522,2.6248576e-05
94523,2.6248576e-05
94524,2.6248576e-05
94525,2.6248576e-05
94526,2.6248576e-05
94527,2.6248576e-05
94528,2.6248576e-05
94529,2.6248576e-05
94530,2.6248576e-05
94531,2.6248576e-05
94532,2.6248576e-05
94533,2.6248576e-05
94534,2.6248576e-05
94535,2.6248576e-05
94536,2.6248576e-05
94537,2.6248576e-05
94538,2.6248576e-05
94539,2.6248576e-05
94540,2.6248576e-05
94541,2.6248576e-05
94542,2.6248576e-05
94543,2.6248576e-05
94544,2.6248576e-05
94545,2.6248576e-05
94546,2.6248576e-05
94547,2.6248576e-05
94548,2.6248576e-05
94549,2.6248576e-05
94550,2.6248576e-05
94551,2.6248576e-05
94552,2.6248576e-05
94553,2.6248576e-05
94554,2.6248576e-05
94555,2.6248576e-05
94556,2.6248576e-05
94557,2.6248576e-05
94558,2.6248576e-05
94559,2.6248576e-05
94560,2.6248576e-05
94561,2.6248576e-05
94562,2.6248576e-05
94563,2.6248576e-05
94564,2.6248576e-05
94565,2.6248576e-05
94566,2.6248576e-05
94567,2.6248576e-05
94568,2.6248576e-05
94569,2.6248576e-05
94570,2.6248576e-05
94571,2.6248576e-05
94572,2.6248576e-05
94573,2.6248576e-05
94574,2.6248576e-05
94575,2.6248576e-05
94576,2.6248576e-05
94577,2.6248576e-05
94578,2.6248576e-05
94579,2.6248576e-05
94580,2.6248576e-05
94581,2.6248576e-05
94582,2.6248576e-05
94583,2.6248576e-05
94584,2.6248576e-05
94585,2.6248576e-05
94586,2.6248576e-05
94587,2.6248576e-05
94588,2.6248576e-05
94589,2.6248576e-05
94590,2.6248576e-05
94591,2.6248576e-05
94592,2.6248576e-05
94593,2.6248576e-05
94594,2.6248576e-05
94595,2.6248576e-05
94596,2.6248576e-05
94597,2.6248576e-05
94598,2.6248576e-05
94599,2.6248576e-05
94600,2.6248576e-05
94601,2.6248576e-05
94602,2.6248576e-05
94603,2.6248576e-05
94604,2.6248576e-05
94605,2.6248576e-05
94606,2.6248576e-05
94607,2.6248576e-05
94608,2.6248576e-05
94609,2.6248576e-05
94610,2.6248576e-05
94611,2.6248576e-05
94612,2.6248576e-05
94613,2.6248576e-05
94614,2.6248576e-05
94615,2.6248576e-05
94616,2.6248576e-05
94617,2.6248576e-05
94618,2.6248576e-05
94619,2.6248576e-05
94620,2.6248576e-05
94621,2.6248576e-05
94622,2.6248576e-05
94623,2.6248576e-05
94624,2.6248576e-05
94625,2.6248576e-05
94626,2.6248576e-05
94627,2.6248576e-05
94628,2.6248576e-05
94629,2.6248576e-05
94630,2.6248576e-05
94631,2.6248576e-05
94632,2.6248576e-05
94633,2.6248576e-05
94634,2.6248576e-05
94635,2.6248576e-05
94636,2.6248576e-05
94637,2.6248576e-05
94638,2.6248576e-05
94639,2.6248576e-05
94640,2.6248576e-05
94641,2.6248576e-05
94642,2.6248576e-05
94643,2.6248576e-05
94644,2.6248576e-05
94645,2.6248576e-05
94646,2.6248576e-05
94647,2.6248576e-05
94648,2.6248576e-05
94649,2.6248576e-05
94650,2.6248576e-05
94651,2.6248576e-05
94652,2.6248576e-05
94653,2.6248576e-05
94654,2.6248576e-05
94655,2.6248576e-05
94656,2.6248576e-05
94657,2.6248576e-05
94658,2.6248576e-05
94659,2.6248576e-05
94660,2.6248576e-05
94661,2.6248576e-05
94662,2.6248576e-05
94663,2.6248576e-05
94664,2.6248576e-05
94665,2.6248576e-05
94666,2.6248576e-05
94667,2.6248576e-05
94668,2.6248576e-05
94669,2.6248576e-05
94670,2.6248576e-05
94671,2.6248576e-05
94672,2.6248576e-05
94673,2.6248576e-05
94674,2.6248576e-05
94675,2.6248576e-05
94676,2.6248576e-05
94677,2.6248576e-05
94678,2.6248576e-05
94679,2.6248576e-05
94680,2.6248576e-05
94681,2.6248576e-05
94682,2.6248576e-05
94683,2.6248576e-05
94684,2.6248576e-05
94685,2.6248576e-05
94686,2.6248576e-05
94687,2.6248576e-05
94688,2.6248576e-05
94689,2.6248576e-05
94690,2.6248576e-05
94691,2.6248576e-05
94692,2.6248576e-05
94693,2.6248576e-05
94694,2.6248576e-05
94695,2.6248576e-05
94696,2.6248576e-05
94697,2.6248576e-05
94698,2.6248576e-05
94699,2.6248576e-05
94700,2.6248576e-05
94701,2.6248576e-05
94702,2.6248576e-05
94703,2.6248576e-05
94704,2.6248576e-05
94705,2.6248576e-05
94706,2.6248576e-05
94707,2.6248576e-05
94708,2.6248576e-05
94709,2.6248576e-05
94710,2.6248576e-05
94711,2.6248576e-05
94712,2.6248576e-05
94713,2.6248576e-05
94714,2.6248576e-05
94715,2.6248576e-05
94716,2.6248576e-05
94717,2.6248576e-05
94718,2.6248576e-05
94719,2.6248576e-05
94720,2.6248576e-05
94721,2.6248576e-05
94722,2.6248576e-05
94723,2.6248576e-05
94724,2.6248576e-05
94725,2.6248576e-05
94726,2.6248576e-05
94727,2.6248576e-05
94728,2.6248576e-05
94729,2.6248576e-05
94730,2.6248576e-05
94731,2.6248576e-05
94732,2.6248576e-05
94733,2.6248576e-05
94734,2.6248576e-05
94735,2.6248576e-05
94736,2.6248576e-05
94737,2.6248576e-05
94738,2.6248576e-05
94739,2.6248576e-05
94740,2.6248576e-05
94741,2.6248576e-05
94742,2.6248576e-05
94743,2.6248576e-05
94744,2.6248576e-05
94745,2.6248576e-05
94746,2.6248576e-05
94747,2.6248576e-05
94748,2.6248576e-05
94749,2.6248576e-05
94750,2.6248576e-05
94751,2.6248576e-05
94752,2.6248576e-05
94753,2.6248576e-05
94754,2.6248576e-05
94755,2.6248576e-05
94756,2.6248576e-05
94757,2.6248576e-05
94758,2.6248576e-05
94759,2.6248576e-05
94760,2.6248576e-05
94761,2.6248576e-05
94762,2.6248576e-05
94763,2.6248576e-05
94764,2.6248576e-05
94765,2.6248576e-05
94766,2.6248576e-05
94767,2.6248576e-05
94768,2.6248576e-05
94769,2.6248576e-05
94770,2.6248576e-05
94771,2.6248576e-05
94772,2.6248576e-05
94773,2.6248576e-05
94774,2.6248576e-05
94775,2.6248576e-05
94776,2.6248576e-05
94777,2.6248576e-05
94778,2.6248576e-05
94779,2.6248576e-05
94780,2.6248576e-05
94781,2.6248576e-05
94782,2.6248576e-05
94783,2.6248576e-05
94784,2.6248576e-05
94785,2.6248576e-05
94786,2.6248576e-05
94787,2.6248576e-05
94788,2.6248576e-05
94789,2.6248576e-05
94790,2.6248576e-05
94791,2.6248576e-05
94792,2.6248576e-05
94793,2.6248576e-05
94794,2.6248576e-05
94795,2.6248576e-05
94796,2.6248576e-05
94797,2.6248576e-05
94798,2.6248576e-05
94799,2.6248576e-05
94800,2.6248576e-05
94801,2.6248576e-05
94802,2.6248576e-05
94803,2.6248576e-05
94804,2.6248576e-05
94805,2.6248576e-05
94806,2.6248576e-05
94807,2.6248576e-05
94808,2.6248576e-05
94809,2.6248576e-05
94810,2.6248576e-05
94811,2.6248576e-05
94812,2.6248576e-05
94813,2.6248576e-05
94814,2.6248576e-05
94815,2.6248576e-05
94816,2.6248576e-05
94817,2.6248576e-05
94818,2.6248576e-05
94819,2.6248576e-05
94820,2.6248576e-05
94821,2.6248576e-05
94822,2.6248576e-05
94823,2.6248576e-05
94824,2.6248576e-05
94825,2.6248576e-05
94826,2.6248576e-05
94827,2.6248576e-05
94828,2.6248576e-05
94829,2.6248576e-05
94830,2.6248576e-05
94831,2.6248576e-05
94832,2.6248576e-05
94833,2.6248576e-05
94834,2.6248576e-05
94835,2.6248576e-05
94836,2.6248576e-05
94837,2.6248576e-05
94838,2.6248576e-05
94839,2.6248576e-05
94840,2.6248576e-05
94841,2.6248576e-05
94842,2.6248576e-05
94843,2.6248576e-05
94844,2.6248576e-05
94845,2.6248576e-05
94846,2.6248576e-05
94847,2.6248576e-05
94848,2.6248576e-05
94849,2.6248576e-05
94850,2.6248576e-05
94851,2.6248576e-05
94852,2.6248576e-05
94853,2.6248576e-05
94854,2.6248576e-05
94855,2.6248576e-05
94856,2.6248576e-05
94857,2.6248576e-05
94858,2.6248576e-05
94859,2.6248576e-05
94860,2.6248576e-05
94861,2.6248576e-05
94862,2.6248576e-05
94863,2.6248576e-05
94864,2.6248576e-05
94865,2.6248576e-05
94866,2.6248576e-05
94867,2.6248576e-05
94868,2.6248576e-05
94869,2.6248576e-05
94870,2.6248576e-05
94871,2.6248576e-05
94872,2.6248576e-05
94873,2.6248576e-05
94874,2.6248576e-05
94875,2.6248576e-05
94876,2.6248576e-05
94877,2.6248576e-05
94878,2.6248576e-05
94879,2.6248576e-05
94880,2.6248576e-05
94881,2.6248576e-05
94882,2.6248576e-05
94883,2.6248576e-05
94884,2.6248576e-05
94885,2.6248576e-05
94886,2.6248576e-05
94887,2.6248576e-05
94888,2.6248576e-05
94889,2.6248576e-05
94890,2.6248576e-05
94891,2.6248576e-05
94892,2.6248576e-05
94893,2.6248576e-05
94894,2.6248576e-05
94895,2.6248576e-05
94896,2.6248576e-05
94897,2.6248576e-05
94898,2.6248576e-05
94899,2.6248576e-05
94900,2.6248576e-05
94901,2.6248576e-05
94902,2.6248576e-05
94903,2.6248576e-05
94904,2.6248576e-05
94905,2.6248576e-05
94906,2.6248576e-05
94907,2.6248576e-05
94908,2.6248576e-05
94909,2.6248576e-05
94910,2.6248576e-05
94911,2.6248576e-05
94912,2.6248576e-05
94913,2.6248576e-05
94914,2.6248576e-05
94915,2.6248576e-05
94916,2.6248576e-05
94917,2.6248576e-05
94918,2.6248576e-05
94919,2.6248576e-05
94920,2.6248576e-05
94921,2.6248576e-05
94922,2.6248576e-05
94923,2.6248576e-05
94924,2.6248576e-05
94925,2.6248576e-05
94926,2.6248576e-05
94927,2.6248576e-05
94928,2.6248576e-05
94929,2.6248576e-05
94930,2.6248576e-05
94931,2.6248576e-05
94932,2.6248576e-05
94933,2.6248576e-05
94934,2.6248576e-05
94935,2.6248576e-05
94936,2.6248576e-05
94937,2.6248576e-05
94938,2.6248576e-05
94939,2.6248576e-05
94940,2.6248576e-05
94941,2.6248576e-05
94942,2.6248576e-05
94943,2.6248576e-05
94944,2.6248576e-05
94945,2.6248576e-05
94946,2.6248576e-05
94947,2.6248576e-05
94948,2.6248576e-05
94949,2.6248576e-05
94950,2.6248576e-05
94951,2.6248576e-05
94952,2.6248576e-05
94953,2.6248576e-05
94954,2.6248576e-05
94955,2.6248576e-05
94956,2.6248576e-05
94957,2.6248576e-05
94958,2.6248576e-05
94959,2.6248576e-05
94960,2.6248576e-05
94961,2.6248576e-05
94962,2.6248576e-05
94963,2.6248576e-05
94964,2.6248576e-05
94965,2.6248576e-05
94966,2.6248576e-05
94967,2.6248576e-05
94968,2.6248576e-05
94969,2.6248576e-05
94970,2.6248576e-05
94971,2.6248576e-05
94972,2.6248576e-05
94973,2.6248576e-05
94974,2.6248576e-05
94975,2.6248576e-05
94976,2.6248576e-05
94977,2.6248576e-05
94978,2.6248576e-05
94979,2.6248576e-05
94980,2.6248576e-05
94981,2.6248576e-05
94982,2.6248576e-05
94983,2.6248576e-05
94984,2.6248576e-05
94985,2.6248576e-05
94986,2.6248576e-05
94987,2.6248576e-05
94988,2.6248576e-05
94989,2.6248576e-05
94990,2.6248576e-05
94991,2.6248576e-05
94992,2.6248576e-05
94993,2.6248576e-05
94994,2.6248576e-05
94995,2.6248576e-05
94996,2.6248576e-05
94997,2.6248576e-05
94998,2.6248576e-05
94999,2.6248576e-05
95000,2.6248576e-05
95001,2.6248576e-05
95002,2.6248576e-05
95003,2.6248576e-05
95004,2.6248576e-05
95005,2.6248576e-05
95006,2.6248576e-05
95007,2.6248576e-05
95008,2.6248576e-05
95009,2.6248576e-05
95010,2.6248576e-05
95011,2.6248576e-05
95012,2.6248576e-05
95013,2.6248576e-05
95014,2.6248576e-05
95015,2.6248576e-05
95016,2.6248576e-05
95017,2.6248576e-05
95018,2.6248576e-05
95019,2.6248576e-05
95020,2.6248576e-05
95021,2.6248576e-05
95022,2.6248576e-05
95023,2.6248576e-05
95024,2.6248576e-05
95025,2.6248576e-05
95026,2.6248576e-05
95027,2.6248576e-05
95028,2.6248576e-05
95029,2.6248576e-05
95030,2.6248576e-05
95031,2.6248576e-05
95032,2.6248576e-05
95033,2.6248576e-05
95034,2.6248576e-05
95035,2.6248576e-05
95036,2.6248576e-05
95037,2.6248576e-05
95038,2.6248576e-05
95039,2.6248576e-05
95040,2.6248576e-05
95041,2.6248576e-05
95042,2.6248576e-05
95043,2.6248576e-05
95044,2.6248576e-05
95045,2.6248576e-05
95046,2.6248576e-05
95047,2.6248576e-05
95048,2.6248576e-05
95049,2.6248576e-05
95050,2.6248576e-05
95051,2.6248576e-05
95052,2.6248576e-05
95053,2.6248576e-05
95054,2.6248576e-05
95055,2.6248576e-05
95056,2.6248576e-05
95057,2.6248576e-05
95058,2.6248576e-05
95059,2.6248576e-05
95060,2.6248576e-05
95061,2.6248576e-05
95062,2.6248576e-05
95063,2.6248576e-05
95064,2.6248576e-05
95065,2.6248576e-05
95066,2.6248576e-05
95067,2.6248576e-05
95068,2.6248576e-05
95069,2.6248576e-05
95070,2.6248576e-05
95071,2.6248576e-05
95072,2.6248576e-05
95073,2.6248576e-05
95074,2.6248576e-05
95075,2.6248576e-05
95076,2.6248576e-05
95077,2.6248576e-05
95078,2.6248576e-05
95079,2.6248576e-05
95080,2.6248576e-05
95081,2.6248576e-05
95082,2.6248576e-05
95083,2.6248576e-05
95084,2.6248576e-05
95085,2.6248576e-05
95086,2.6248576e-05
95087,2.6248576e-05
95088,2.6248576e-05
95089,2.6248576e-05
95090,2.6248576e-05
95091,2.6248576e-05
95092,2.6248576e-05
95093,2.6248576e-05
95094,2.6248576e-05
95095,2.6248576e-05
95096,2.6248576e-05
95097,2.6248576e-05
95098,2.6248576e-05
95099,2.6248576e-05
95100,2.6248576e-05
95101,2.6248576e-05
95102,2.6248576e-05
95103,2.6248576e-05
95104,2.6248576e-05
95105,2.6248576e-05
95106,2.6248576e-05
95107,2.6248576e-05
95108,2.6248576e-05
95109,2.6248576e-05
95110,2.6248576e-05
95111,2.6248576e-05
95112,2.6248576e-05
95113,2.6248576e-05
95114,2.6248576e-05
95115,2.6248576e-05
95116,2.6248576e-05
95117,2.6248576e-05
95118,2.6248576e-05
95119,2.6248576e-05
95120,2.6248576e-05
95121,2.6248576e-05
95122,2.6248576e-05
95123,2.6248576e-05
95124,2.6248576e-05
95125,2.6248576e-05
95126,2.6248576e-05
95127,2.6248576e-05
95128,2.6248576e-05
95129,2.6248576e-05
95130,2.6248576e-05
95131,2.6248576e-05
95132,2.6248576e-05
95133,2.6248576e-05
95134,2.6248576e-05
95135,2.6248576e-05
95136,2.6248576e-05
95137,2.6248576e-05
95138,2.6248576e-05
95139,2.6248576e-05
95140,2.6248576e-05
95141,2.6248576e-05
95142,2.6248576e-05
95143,2.6248576e-05
95144,2.6248576e-05
95145,2.6248576e-05
95146,2.6248576e-05
95147,2.6248576e-05
95148,2.6248576e-05
95149,2.6248576e-05
95150,2.6248576e-05
95151,2.6248576e-05
95152,2.6248576e-05
95153,2.6248576e-05
95154,2.6248576e-05
95155,2.6248576e-05
95156,2.6248576e-05
95157,2.6248576e-05
95158,2.6248576e-05
95159,2.6248576e-05
95160,2.6248576e-05
95161,2.6248576e-05
95162,2.6248576e-05
95163,2.6248576e-05
95164,2.6248576e-05
95165,2.6248576e-05
95166,2.6248576e-05
95167,2.6248576e-05
95168,2.6248576e-05
95169,2.6248576e-05
95170,2.6248576e-05
95171,2.6248576e-05
95172,2.6248576e-05
95173,2.6248576e-05
95174,2.6248576e-05
95175,2.6248576e-05
95176,2.6248576e-05
95177,2.6248576e-05
95178,2.6248576e-05
95179,2.6248576e-05
95180,2.6248576e-05
95181,2.6248576e-05
95182,2.6248576e-05
95183,2.6248576e-05
95184,2.6248576e-05
95185,2.6248576e-05
95186,2.6248576e-05
95187,2.6248576e-05
95188,2.6248576e-05
95189,2.6248576e-05
95190,2.6248576e-05
95191,2.6248576e-05
95192,2.6248576e-05
95193,2.6248576e-05
95194,2.6248576e-05
95195,2.6248576e-05
95196,2.6248576e-05
95197,2.6248576e-05
95198,2.6248576e-05
95199,2.6248576e-05
95200,2.6248576e-05
95201,2.6248576e-05
95202,2.6248576e-05
95203,2.6248576e-05
95204,2.6248576e-05
95205,2.6248576e-05
95206,2.6248576e-05
95207,2.6248576e-05
95208,2.6248576e-05
95209,2.6248576e-05
95210,2.6248576e-05
95211,2.6248576e-05
95212,2.6248576e-05
95213,2.6248576e-05
95214,2.6248576e-05
95215,2.6248576e-05
95216,2.6248576e-05
95217,2.6248576e-05
95218,2.6248576e-05
95219,2.6248576e-05
95220,2.6248576e-05
95221,2.6248576e-05
95222,2.6248576e-05
95223,2.6248576e-05
95224,2.6248576e-05
95225,2.6248576e-05
95226,2.6248576e-05
95227,2.6248576e-05
95228,2.6248576e-05
95229,2.6248576e-05
95230,2.6248576e-05
95231,2.6248576e-05
95232,2.6248576e-05
95233,2.6248576e-05
95234,2.6248576e-05
95235,2.6248576e-05
95236,2.6248576e-05
95237,2.6248576e-05
95238,2.6248576e-05
95239,2.6248576e-05
95240,2.6248576e-05
95241,2.6248576e-05
95242,2.6248576e-05
95243,2.6248576e-05
95244,2.6248576e-05
95245,2.6248576e-05
95246,2.6248576e-05
95247,2.6248576e-05
95248,2.6248576e-05
95249,2.6248576e-05
95250,2.6248576e-05
95251,2.6248576e-05
95252,2.6248576e-05
95253,2.6248576e-05
95254,2.6248576e-05
95255,2.6248576e-05
95256,2.6248576e-05
95257,2.6248576e-05
95258,2.6248576e-05
95259,2.6248576e-05
95260,2.6248576e-05
95261,2.6248576e-05
95262,2.6248576e-05
95263,2.6248576e-05
95264,2.6248576e-05
95265,2.6248576e-05
95266,2.6248576e-05
95267,2.6248576e-05
95268,2.6248576e-05
95269,2.6248576e-05
95270,2.6248576e-05
95271,2.6248576e-05
95272,2.6248576e-05
95273,2.6248576e-05
95274,2.6248576e-05
95275,2.6248576e-05
95276,2.6248576e-05
95277,2.6248576e-05
95278,2.6248576e-05
95279,2.6248576e-05
95280,2.6248576e-05
95281,2.6248576e-05
95282,2.6248576e-05
95283,2.6248576e-05
95284,2.6248576e-05
95285,2.6248576e-05
95286,2.6248576e-05
95287,2.6248576e-05
95288,2.6248576e-05
95289,2.6248576e-05
95290,2.6248576e-05
95291,2.6248576e-05
95292,2.6248576e-05
95293,2.6248576e-05
95294,2.6248576e-05
95295,2.6248576e-05
95296,2.6248576e-05
95297,2.6248576e-05
95298,2.6248576e-05
95299,2.6248576e-05
95300,2.6248576e-05
95301,2.6248576e-05
95302,2.6248576e-05
95303,2.6248576e-05
95304,2.6248576e-05
95305,2.6248576e-05
95306,2.6248576e-05
95307,2.6248576e-05
95308,2.6248576e-05
95309,2.6248576e-05
95310,2.6248576e-05
95311,2.6248576e-05
95312,2.6248576e-05
95313,2.6248576e-05
95314,2.6248576e-05
95315,2.6248576e-05
95316,2.6248576e-05
95317,2.6248576e-05
95318,2.6248576e-05
95319,2.6248576e-05
95320,2.6248576e-05
95321,2.6248576e-05
95322,2.6248576e-05
95323,2.6248576e-05
95324,2.6248576e-05
95325,2.6248576e-05
95326,2.6248576e-05
95327,2.6248576e-05
95328,2.6248576e-05
95329,2.6248576e-05
95330,2.6248576e-05
95331,2.6248576e-05
95332,2.6248576e-05
95333,2.6248576e-05
95334,2.6248576e-05
95335,2.6248576e-05
95336,2.6248576e-05
95337,2.6248576e-05
95338,2.6248576e-05
95339,2.6248576e-05
95340,2.6248576e-05
95341,2.6248576e-05
95342,2.6248576e-05
95343,2.6248576e-05
95344,2.6248576e-05
95345,2.6248576e-05
95346,2.6248576e-05
95347,2.6248576e-05
95348,2.6248576e-05
95349,2.6248576e-05
95350,2.6248576e-05
95351,2.6248576e-05
95352,2.6248576e-05
95353,2.6248576e-05
95354,2.6248576e-05
95355,2.6248576e-05
95356,2.6248576e-05
95357,2.6248576e-05
95358,2.6248576e-05
95359,2.6248576e-05
95360,2.6248576e-05
95361,2.6248576e-05
95362,2.6248576e-05
95363,2.6248576e-05
95364,2.6248576e-05
95365,2.6248576e-05
95366,2.6248576e-05
95367,2.6248576e-05
95368,2.6248576e-05
95369,2.6248576e-05
95370,2.6248576e-05
95371,2.6248576e-05
95372,2.6248576e-05
95373,2.6248576e-05
95374,2.6248576e-05
95375,2.6248576e-05
95376,2.6248576e-05
95377,2.6248576e-05
95378,2.6248576e-05
95379,2.6248576e-05
95380,2.6248576e-05
95381,2.6248576e-05
95382,2.6248576e-05
95383,2.6248576e-05
95384,2.6248576e-05
95385,2.6248576e-05
95386,2.6248576e-05
95387,2.6248576e-05
95388,2.6248576e-05
95389,2.6248576e-05
95390,2.6248576e-05
95391,2.6248576e-05
95392,2.6248576e-05
95393,2.6248576e-05
95394,2.6248576e-05
95395,2.6248576e-05
95396,2.6248576e-05
95397,2.6248576e-05
95398,2.6248576e-05
95399,2.6248576e-05
95400,2.6248576e-05
95401,2.6248576e-05
95402,2.6248576e-05
95403,2.6248576e-05
95404,2.6248576e-05
95405,2.6248576e-05
95406,2.6248576e-05
95407,2.6248576e-05
95408,2.6248576e-05
95409,2.6248576e-05
95410,2.6248576e-05
95411,2.6248576e-05
95412,2.6248576e-05
95413,2.6248576e-05
95414,2.6248576e-05
95415,2.6248576e-05
95416,2.6248576e-05
95417,2.6248576e-05
95418,2.6248576e-05
95419,2.6248576e-05
95420,2.6248576e-05
95421,2.6248576e-05
95422,2.6248576e-05
95423,2.6248576e-05
95424,2.6248576e-05
95425,2.6248576e-05
95426,2.6248576e-05
95427,2.6248576e-05
95428,2.6248576e-05
95429,2.6248576e-05
95430,2.6248576e-05
95431,2.6248576e-05
95432,2.6248576e-05
95433,2.6248576e-05
95434,2.6248576e-05
95435,2.6248576e-05
95436,2.6248576e-05
95437,2.6248576e-05
95438,2.6248576e-05
95439,2.6248576e-05
95440,2.6248576e-05
95441,2.6248576e-05
95442,2.6248576e-05
95443,2.6248576e-05
95444,2.6248576e-05
95445,2.6248576e-05
95446,2.6248576e-05
95447,2.6248576e-05
95448,2.6248576e-05
95449,2.6248576e-05
95450,2.6248576e-05
95451,2.6248576e-05
95452,2.6248576e-05
95453,2.6248576e-05
95454,2.6248576e-05
95455,2.6248576e-05
95456,2.6248576e-05
95457,2.6248576e-05
95458,2.6248576e-05
95459,2.6248576e-05
95460,2.6248576e-05
95461,2.6248576e-05
95462,2.6248576e-05
95463,2.6248576e-05
95464,2.6248576e-05
95465,2.6248576e-05
95466,2.6248576e-05
95467,2.6248576e-05
95468,2.6248576e-05
95469,2.6248576e-05
95470,2.6248576e-05
95471,2.6248576e-05
95472,2.6248576e-05
95473,2.6248576e-05
95474,2.6248576e-05
95475,2.6248576e-05
95476,2.6248576e-05
95477,2.6248576e-05
95478,2.6248576e-05
95479,2.6248576e-05
95480,2.6248576e-05
95481,2.6248576e-05
95482,2.6248576e-05
95483,2.6248576e-05
95484,2.6248576e-05
95485,2.6248576e-05
95486,2.6248576e-05
95487,2.6248576e-05
95488,2.6248576e-05
95489,2.6248576e-05
95490,2.6248576e-05
95491,2.6248576e-05
95492,2.6248576e-05
95493,2.6248576e-05
95494,2.6248576e-05
95495,2.6248576e-05
95496,2.6248576e-05
95497,2.6248576e-05
95498,2.6248576e-05
95499,2.6248576e-05
95500,2.6248576e-05
95501,2.6248576e-05
95502,2.6248576e-05
95503,2.6248576e-05
95504,2.6248576e-05
95505,2.6248576e-05
95506,2.6248576e-05
95507,2.6248576e-05
95508,2.6248576e-05
95509,2.6248576e-05
95510,2.6248576e-05
95511,2.6248576e-05
95512,2.6248576e-05
95513,2.6248576e-05
95514,2.6248576e-05
95515,2.6248576e-05
95516,2.6248576e-05
95517,2.6248576e-05
95518,2.6248576e-05
95519,2.6248576e-05
95520,2.6248576e-05
95521,2.6248576e-05
95522,2.6248576e-05
95523,2.6248576e-05
95524,2.6248576e-05
95525,2.6248576e-05
95526,2.6248576e-05
95527,2.6248576e-05
95528,2.6248576e-05
95529,2.6248576e-05
95530,2.6248576e-05
95531,2.6248576e-05
95532,2.6248576e-05
95533,2.6248576e-05
95534,2.6248576e-05
95535,2.6248576e-05
95536,2.6248576e-05
95537,2.6248576e-05
95538,2.6248576e-05
95539,2.6248576e-05
95540,2.6248576e-05
95541,2.6248576e-05
95542,2.6248576e-05
95543,2.6248576e-05
95544,2.6248576e-05
95545,2.6248576e-05
95546,2.6248576e-05
95547,2.6248576e-05
95548,2.6248576e-05
95549,2.6248576e-05
95550,2.6248576e-05
95551,2.6248576e-05
95552,2.6248576e-05
95553,2.6248576e-05
95554,2.6248576e-05
95555,2.6248576e-05
95556,2.6248576e-05
95557,2.6248576e-05
95558,2.6248576e-05
95559,2.6248576e-05
95560,2.6248576e-05
95561,2.6248576e-05
95562,2.6248576e-05
95563,2.6248576e-05
95564,2.6248576e-05
95565,2.6248576e-05
95566,2.6248576e-05
95567,2.6248576e-05
95568,2.6248576e-05
95569,2.6248576e-05
95570,2.6248576e-05
95571,2.6248576e-05
95572,2.6248576e-05
95573,2.6248576e-05
95574,2.6248576e-05
95575,2.6248576e-05
95576,2.6248576e-05
95577,2.6248576e-05
95578,2.6248576e-05
95579,2.6248576e-05
95580,2.6248576e-05
95581,2.6248576e-05
95582,2.6248576e-05
95583,2.6248576e-05
95584,2.6248576e-05
95585,2.6248576e-05
95586,2.6248576e-05
95587,2.6248576e-05
95588,2.6248576e-05
95589,2.6248576e-05
95590,2.6248576e-05
95591,2.6248576e-05
95592,2.6248576e-05
95593,2.6248576e-05
95594,2.6248576e-05
95595,2.6248576e-05
95596,2.6248576e-05
95597,2.6248576e-05
95598,2.6248576e-05
95599,2.6248576e-05
95600,2.6248576e-05
95601,2.6248576e-05
95602,2.6248576e-05
95603,2.6248576e-05
95604,2.6248576e-05
95605,2.6248576e-05
95606,2.6248576e-05
95607,2.6248576e-05
95608,2.6248576e-05
95609,2.6248576e-05
95610,2.6248576e-05
95611,2.6248576e-05
95612,2.6248576e-05
95613,2.6248576e-05
95614,2.6248576e-05
95615,2.6248576e-05
95616,2.6248576e-05
95617,2.6248576e-05
95618,2.6248576e-05
95619,2.6248576e-05
95620,2.6248576e-05
95621,2.6248576e-05
95622,2.6248576e-05
95623,2.6248576e-05
95624,2.6248576e-05
95625,2.6248576e-05
95626,2.6248576e-05
95627,2.6248576e-05
95628,2.6248576e-05
95629,2.6248576e-05
95630,2.6248576e-05
95631,2.6248576e-05
95632,2.6248576e-05
95633,2.6248576e-05
95634,2.6248576e-05
95635,2.6248576e-05
95636,2.6248576e-05
95637,2.6248576e-05
95638,2.6248576e-05
95639,2.6248576e-05
95640,2.6248576e-05
95641,2.6248576e-05
95642,2.6248576e-05
95643,2.6248576e-05
95644,2.6248576e-05
95645,2.6248576e-05
95646,2.6248576e-05
95647,2.6248576e-05
95648,2.6248576e-05
95649,2.6248576e-05
95650,2.6248576e-05
95651,2.6248576e-05
95652,2.6248576e-05
95653,2.6248576e-05
95654,2.6248576e-05
95655,2.6248576e-05
95656,2.6248576e-05
95657,2.6248576e-05
95658,2.6248576e-05
95659,2.6248576e-05
95660,2.6248576e-05
95661,2.6248576e-05
95662,2.6248576e-05
95663,2.6248576e-05
95664,2.6248576e-05
95665,2.6248576e-05
95666,2.6248576e-05
95667,2.6248576e-05
95668,2.6248576e-05
95669,2.6248576e-05
95670,2.6248576e-05
95671,2.6248576e-05
95672,2.6248576e-05
95673,2.6248576e-05
95674,2.6248576e-05
95675,2.6248576e-05
95676,2.6248576e-05
95677,2.6248576e-05
95678,2.6248576e-05
95679,2.6248576e-05
95680,2.6248576e-05
95681,2.6248576e-05
95682,2.6248576e-05
95683,2.6248576e-05
95684,2.6248576e-05
95685,2.6248576e-05
95686,2.6248576e-05
95687,2.6248576e-05
95688,2.6248576e-05
95689,2.6248576e-05
95690,2.6248576e-05
95691,2.6248576e-05
95692,2.6248576e-05
95693,2.6248576e-05
95694,2.6248576e-05
95695,2.6248576e-05
95696,2.6248576e-05
95697,2.6248576e-05
95698,2.6248576e-05
95699,2.6248576e-05
95700,2.6248576e-05
95701,2.6248576e-05
95702,2.6248576e-05
95703,2.6248576e-05
95704,2.6248576e-05
95705,2.6248576e-05
95706,2.6248576e-05
95707,2.6248576e-05
95708,2.6248576e-05
95709,2.6248576e-05
95710,2.6248576e-05
95711,2.6248576e-05
95712,2.6248576e-05
95713,2.6248576e-05
95714,2.6248576e-05
95715,2.6248576e-05
95716,2.6248576e-05
95717,2.6248576e-05
95718,2.6248576e-05
95719,2.6248576e-05
95720,2.6248576e-05
95721,2.6248576e-05
95722,2.6248576e-05
95723,2.6248576e-05
95724,2.6248576e-05
95725,2.6248576e-05
95726,2.6248576e-05
95727,2.6248576e-05
95728,2.6248576e-05
95729,2.6248576e-05
95730,2.6248576e-05
95731,2.6248576e-05
95732,2.6248576e-05
95733,2.6248576e-05
95734,2.6248576e-05
95735,2.6248576e-05
95736,2.6248576e-05
95737,2.6248576e-05
95738,2.6248576e-05
95739,2.6248576e-05
95740,2.6248576e-05
95741,2.6248576e-05
95742,2.6248576e-05
95743,2.6248576e-05
95744,2.6248576e-05
95745,2.6248576e-05
95746,2.6248576e-05
95747,2.6248576e-05
95748,2.6248576e-05
95749,2.6248576e-05
95750,2.6248576e-05
95751,2.6248576e-05
95752,2.6248576e-05
95753,2.6248576e-05
95754,2.6248576e-05
95755,2.6248576e-05
95756,2.6248576e-05
95757,2.6248576e-05
95758,2.6248576e-05
95759,2.6248576e-05
95760,2.6248576e-05
95761,2.6248576e-05
95762,2.6248576e-05
95763,2.6248576e-05
95764,2.6248576e-05
95765,2.6248576e-05
95766,2.6248576e-05
95767,2.6248576e-05
95768,2.6248576e-05
95769,2.6248576e-05
95770,2.6248576e-05
95771,2.6248576e-05
95772,2.6248576e-05
95773,2.6248576e-05
95774,2.6248576e-05
95775,2.6248576e-05
95776,2.6248576e-05
95777,2.6248576e-05
95778,2.6248576e-05
95779,2.6248576e-05
95780,2.6248576e-05
95781,2.6248576e-05
95782,2.6248576e-05
95783,2.6248576e-05
95784,2.6248576e-05
95785,2.6248576e-05
95786,2.6248576e-05
95787,2.6248576e-05
95788,2.6248576e-05
95789,2.6248576e-05
95790,2.6248576e-05
95791,2.6248576e-05
95792,2.6248576e-05
95793,2.6248576e-05
95794,2.6248576e-05
95795,2.6248576e-05
95796,2.6248576e-05
95797,2.6248576e-05
95798,2.6248576e-05
95799,2.6248576e-05
95800,2.6248576e-05
95801,2.6248576e-05
95802,2.6248576e-05
95803,2.6248576e-05
95804,2.6248576e-05
95805,2.6248576e-05
95806,2.6248576e-05
95807,2.6248576e-05
95808,2.6248576e-05
95809,2.6248576e-05
95810,2.6248576e-05
95811,2.6248576e-05
95812,2.6248576e-05
95813,2.6248576e-05
95814,2.6248576e-05
95815,2.6248576e-05
95816,2.6248576e-05
95817,2.6248576e-05
95818,2.6248576e-05
95819,2.6248576e-05
95820,2.6248576e-05
95821,2.6248576e-05
95822,2.6248576e-05
95823,2.6248576e-05
95824,2.6248576e-05
95825,2.6248576e-05
95826,2.6248576e-05
95827,2.6248576e-05
95828,2.6248576e-05
95829,2.6248576e-05
95830,2.6248576e-05
95831,2.6248576e-05
95832,2.6248576e-05
95833,2.6248576e-05
95834,2.6248576e-05
95835,2.6248576e-05
95836,2.6248576e-05
95837,2.6248576e-05
95838,2.6248576e-05
95839,2.6248576e-05
95840,2.6248576e-05
95841,2.6248576e-05
95842,2.6248576e-05
95843,2.6248576e-05
95844,2.6248576e-05
95845,2.6248576e-05
95846,2.6248576e-05
95847,2.6248576e-05
95848,2.6248576e-05
95849,2.6248576e-05
95850,2.6248576e-05
95851,2.6248576e-05
95852,2.6248576e-05
95853,2.6248576e-05
95854,2.6248576e-05
95855,2.6248576e-05
95856,2.6248576e-05
95857,2.6248576e-05
95858,2.6248576e-05
95859,2.6248576e-05
95860,2.6248576e-05
95861,2.6248576e-05
95862,2.6248576e-05
95863,2.6248576e-05
95864,2.6248576e-05
95865,2.6248576e-05
95866,2.6248576e-05
95867,2.6248576e-05
95868,2.6248576e-05
95869,2.6248576e-05
95870,2.6248576e-05
95871,2.6248576e-05
95872,2.6248576e-05
95873,2.6248576e-05
95874,2.6248576e-05
95875,2.6248576e-05
95876,2.6248576e-05
95877,2.6248576e-05
95878,2.6248576e-05
95879,2.6248576e-05
95880,2.6248576e-05
95881,2.6248576e-05
95882,2.6248576e-05
95883,2.6248576e-05
95884,2.6248576e-05
95885,2.6248576e-05
95886,2.6248576e-05
95887,2.6248576e-05
95888,2.6248576e-05
95889,2.6248576e-05
95890,2.6248576e-05
95891,2.6248576e-05
95892,2.6248576e-05
95893,2.6248576e-05
95894,2.6248576e-05
95895,2.6248576e-05
95896,2.6248576e-05
95897,2.6248576e-05
95898,2.6248576e-05
95899,2.6248576e-05
95900,2.6248576e-05
95901,2.6248576e-05
95902,2.6248576e-05
95903,2.6248576e-05
95904,2.6248576e-05
95905,2.6248576e-05
95906,2.6248576e-05
95907,2.6248576e-05
95908,2.6248576e-05
95909,2.6248576e-05
95910,2.6248576e-05
95911,2.6248576e-05
95912,2.6248576e-05
95913,2.6248576e-05
95914,2.6248576e-05
95915,2.6248576e-05
95916,2.6248576e-05
95917,2.6248576e-05
95918,2.6248576e-05
95919,2.6248576e-05
95920,2.6248576e-05
95921,2.6248576e-05
95922,2.6248576e-05
95923,2.6248576e-05
95924,2.6248576e-05
95925,2.6248576e-05
95926,2.6248576e-05
95927,2.6248576e-05
95928,2.6248576e-05
95929,2.6248576e-05
95930,2.6248576e-05
95931,2.6248576e-05
95932,2.6248576e-05
95933,2.6248576e-05
95934,2.6248576e-05
95935,2.6248576e-05
95936,2.6248576e-05
95937,2.6248576e-05
95938,2.6248576e-05
95939,2.6248576e-05
95940,2.6248576e-05
95941,2.6248576e-05
95942,2.6248576e-05
95943,2.6248576e-05
95944,2.6248576e-05
95945,2.6248576e-05
95946,2.6248576e-05
95947,2.6248576e-05
95948,2.6248576e-05
95949,2.6248576e-05
95950,2.6248576e-05
95951,2.6248576e-05
95952,2.6248576e-05
95953,2.6248576e-05
95954,2.6248576e-05
95955,2.6248576e-05
95956,2.6248576e-05
95957,2.6248576e-05
95958,2.6248576e-05
95959,2.6248576e-05
95960,2.6248576e-05
95961,2.6248576e-05
95962,2.6248576e-05
95963,2.6248576e-05
95964,2.6248576e-05
95965,2.6248576e-05
95966,2.6248576e-05
95967,2.6248576e-05
95968,2.6248576e-05
95969,2.6248576e-05
95970,2.6248576e-05
95971,2.6248576e-05
95972,2.6248576e-05
95973,2.6248576e-05
95974,2.6248576e-05
95975,2.6248576e-05
95976,2.6248576e-05
95977,2.6248576e-05
95978,2.6248576e-05
95979,2.6248576e-05
95980,2.6248576e-05
95981,2.6248576e-05
95982,2.6248576e-05
95983,2.6248576e-05
95984,2.6248576e-05
95985,2.6248576e-05
95986,2.6248576e-05
95987,2.6248576e-05
95988,2.6248576e-05
95989,2.6248576e-05
95990,2.6248576e-05
95991,2.6248576e-05
95992,2.6248576e-05
95993,2.6248576e-05
95994,2.6248576e-05
95995,2.6248576e-05
95996,2.6248576e-05
95997,2.6248576e-05
95998,2.6248576e-05
95999,2.6248576e-05
96000,2.6248576e-05
96001,2.6248576e-05
96002,2.6248576e-05
96003,2.6248576e-05
96004,2.6248576e-05
96005,2.6248576e-05
96006,2.6248576e-05
96007,2.6248576e-05
96008,2.6248576e-05
96009,2.6248576e-05
96010,2.6248576e-05
96011,2.6248576e-05
96012,2.6248576e-05
96013,2.6248576e-05
96014,2.6248576e-05
96015,2.6248576e-05
96016,2.6248576e-05
96017,2.6248576e-05
96018,2.6248576e-05
96019,2.6248576e-05
96020,2.6248576e-05
96021,2.6248576e-05
96022,2.6248576e-05
96023,2.6248576e-05
96024,2.6248576e-05
96025,2.6248576e-05
96026,2.6248576e-05
96027,2.6248576e-05
96028,2.6248576e-05
96029,2.6248576e-05
96030,2.6248576e-05
96031,2.6248576e-05
96032,2.6248576e-05
96033,2.6248576e-05
96034,2.6248576e-05
96035,2.6248576e-05
96036,2.6248576e-05
96037,2.6248576e-05
96038,2.6248576e-05
96039,2.6248576e-05
96040,2.6248576e-05
96041,2.6248576e-05
96042,2.6248576e-05
96043,2.6248576e-05
96044,2.6248576e-05
96045,2.6248576e-05
96046,2.6248576e-05
96047,2.6248576e-05
96048,2.6248576e-05
96049,2.6248576e-05
96050,2.6248576e-05
96051,2.6248576e-05
96052,2.6248576e-05
96053,2.6248576e-05
96054,2.6248576e-05
96055,2.6248576e-05
96056,2.6248576e-05
96057,2.6248576e-05
96058,2.6248576e-05
96059,2.6248576e-05
96060,2.6248576e-05
96061,2.6248576e-05
96062,2.6248576e-05
96063,2.6248576e-05
96064,2.6248576e-05
96065,2.6248576e-05
96066,2.6248576e-05
96067,2.6248576e-05
96068,2.6248576e-05
96069,2.6248576e-05
96070,2.6248576e-05
96071,2.6248576e-05
96072,2.6248576e-05
96073,2.6248576e-05
96074,2.6248576e-05
96075,2.6248576e-05
96076,2.6248576e-05
96077,2.6248576e-05
96078,2.6248576e-05
96079,2.6248576e-05
96080,2.6248576e-05
96081,2.6248576e-05
96082,2.6248576e-05
96083,2.6248576e-05
96084,2.6248576e-05
96085,2.6248576e-05
96086,2.6248576e-05
96087,2.6248576e-05
96088,2.6248576e-05
96089,2.6248576e-05
96090,2.6248576e-05
96091,2.6248576e-05
96092,2.6248576e-05
96093,2.6248576e-05
96094,2.6248576e-05
96095,2.6248576e-05
96096,2.6248576e-05
96097,2.6248576e-05
96098,2.6248576e-05
96099,2.6248576e-05
96100,2.6248576e-05
96101,2.6248576e-05
96102,2.6248576e-05
96103,2.6248576e-05
96104,2.6248576e-05
96105,2.6248576e-05
96106,2.6248576e-05
96107,2.6248576e-05
96108,2.6248576e-05
96109,2.6248576e-05
96110,2.6248576e-05
96111,2.6248576e-05
96112,2.6248576e-05
96113,2.6248576e-05
96114,2.6248576e-05
96115,2.6248576e-05
96116,2.6248576e-05
96117,2.6248576e-05
96118,2.6248576e-05
96119,2.6248576e-05
96120,2.6248576e-05
96121,2.6248576e-05
96122,2.6248576e-05
96123,2.6248576e-05
96124,2.6248576e-05
96125,2.6248576e-05
96126,2.6248576e-05
96127,2.6248576e-05
96128,2.6248576e-05
96129,2.6248576e-05
96130,2.6248576e-05
96131,2.6248576e-05
96132,2.6248576e-05
96133,2.6248576e-05
96134,2.6248576e-05
96135,2.6248576e-05
96136,2.6248576e-05
96137,2.6248576e-05
96138,2.6248576e-05
96139,2.6248576e-05
96140,2.6248576e-05
96141,2.6248576e-05
96142,2.6248576e-05
96143,2.6248576e-05
96144,2.6248576e-05
96145,2.6248576e-05
96146,2.6248576e-05
96147,2.6248576e-05
96148,2.6248576e-05
96149,2.6248576e-05
96150,2.6248576e-05
96151,2.6248576e-05
96152,2.6248576e-05
96153,2.6248576e-05
96154,2.6248576e-05
96155,2.6248576e-05
96156,2.6248576e-05
96157,2.6248576e-05
96158,2.6248576e-05
96159,2.6248576e-05
96160,2.6248576e-05
96161,2.6248576e-05
96162,2.6248576e-05
96163,2.6248576e-05
96164,2.6248576e-05
96165,2.6248576e-05
96166,2.6248576e-05
96167,2.6248576e-05
96168,2.6248576e-05
96169,2.6248576e-05
96170,2.6248576e-05
96171,2.6248576e-05
96172,2.6248576e-05
96173,2.6248576e-05
96174,2.6248576e-05
96175,2.6248576e-05
96176,2.6248576e-05
96177,2.6248576e-05
96178,2.6248576e-05
96179,2.6248576e-05
96180,2.6248576e-05
96181,2.6248576e-05
96182,2.6248576e-05
96183,2.6248576e-05
96184,2.6248576e-05
96185,2.6248576e-05
96186,2.6248576e-05
96187,2.6248576e-05
96188,2.6248576e-05
96189,2.6248576e-05
96190,2.6248576e-05
96191,2.6248576e-05
96192,2.6248576e-05
96193,2.6248576e-05
96194,2.6248576e-05
96195,2.6248576e-05
96196,2.6248576e-05
96197,2.6248576e-05
96198,2.6248576e-05
96199,2.6248576e-05
96200,2.6248576e-05
96201,2.6248576e-05
96202,2.6248576e-05
96203,2.6248576e-05
96204,2.6248576e-05
96205,2.6248576e-05
96206,2.6248576e-05
96207,2.6248576e-05
96208,2.6248576e-05
96209,2.6248576e-05
96210,2.6248576e-05
96211,2.6248576e-05
96212,2.6248576e-05
96213,2.6248576e-05
96214,2.6248576e-05
96215,2.6248576e-05
96216,2.6248576e-05
96217,2.6248576e-05
96218,2.6248576e-05
96219,2.6248576e-05
96220,2.6248576e-05
96221,2.6248576e-05
96222,2.6248576e-05
96223,2.6248576e-05
96224,2.6248576e-05
96225,2.6248576e-05
96226,2.6248576e-05
96227,2.6248576e-05
96228,2.6248576e-05
96229,2.6248576e-05
96230,2.6248576e-05
96231,2.6248576e-05
96232,2.6248576e-05
96233,2.6248576e-05
96234,2.6248576e-05
96235,2.6248576e-05
96236,2.6248576e-05
96237,2.6248576e-05
96238,2.6248576e-05
96239,2.6248576e-05
96240,2.6248576e-05
96241,2.6248576e-05
96242,2.6248576e-05
96243,2.6248576e-05
96244,2.6248576e-05
96245,2.6248576e-05
96246,2.6248576e-05
96247,2.6248576e-05
96248,2.6248576e-05
96249,2.6248576e-05
96250,2.6248576e-05
96251,2.6248576e-05
96252,2.6248576e-05
96253,2.6248576e-05
96254,2.6248576e-05
96255,2.6248576e-05
96256,2.6248576e-05
96257,2.6248576e-05
96258,2.6248576e-05
96259,2.6248576e-05
96260,2.6248576e-05
96261,2.6248576e-05
96262,2.6248576e-05
96263,2.6248576e-05
96264,2.6248576e-05
96265,2.6248576e-05
96266,2.6248576e-05
96267,2.6248576e-05
96268,2.6248576e-05
96269,2.6248576e-05
96270,2.6248576e-05
96271,2.6248576e-05
96272,2.6248576e-05
96273,2.6248576e-05
96274,2.6248576e-05
96275,2.6248576e-05
96276,2.6248576e-05
96277,2.6248576e-05
96278,2.6248576e-05
96279,2.6248576e-05
96280,2.6248576e-05
96281,2.6248576e-05
96282,2.6248576e-05
96283,2.6248576e-05
96284,2.6248576e-05
96285,2.6248576e-05
96286,2.6248576e-05
96287,2.6248576e-05
96288,2.6248576e-05
96289,2.6248576e-05
96290,2.6248576e-05
96291,2.6248576e-05
96292,2.6248576e-05
96293,2.6248576e-05
96294,2.6248576e-05
96295,2.6248576e-05
96296,2.6248576e-05
96297,2.6248576e-05
96298,2.6248576e-05
96299,2.6248576e-05
96300,2.6248576e-05
96301,2.6248576e-05
96302,2.6248576e-05
96303,2.6248576e-05
96304,2.6248576e-05
96305,2.6248576e-05
96306,2.6248576e-05
96307,2.6248576e-05
96308,2.6248576e-05
96309,2.6248576e-05
96310,2.6248576e-05
96311,2.6248576e-05
96312,2.6248576e-05
96313,2.6248576e-05
96314,2.6248576e-05
96315,2.6248576e-05
96316,2.6248576e-05
96317,2.6248576e-05
96318,2.6248576e-05
96319,2.6248576e-05
96320,2.6248576e-05
96321,2.6248576e-05
96322,2.6248576e-05
96323,2.6248576e-05
96324,2.6248576e-05
96325,2.6248576e-05
96326,2.6248576e-05
96327,2.6248576e-05
96328,2.6248576e-05
96329,2.6248576e-05
96330,2.6248576e-05
96331,2.6248576e-05
96332,2.6248576e-05
96333,2.6248576e-05
96334,2.6248576e-05
96335,2.6248576e-05
96336,2.6248576e-05
96337,2.6248576e-05
96338,2.6248576e-05
96339,2.6248576e-05
96340,2.6248576e-05
96341,2.6248576e-05
96342,2.6248576e-05
96343,2.6248576e-05
96344,2.6248576e-05
96345,2.6248576e-05
96346,2.6248576e-05
96347,2.6248576e-05
96348,2.6248576e-05
96349,2.6248576e-05
96350,2.6248576e-05
96351,2.6248576e-05
96352,2.6248576e-05
96353,2.6248576e-05
96354,2.6248576e-05
96355,2.6248576e-05
96356,2.6248576e-05
96357,2.6248576e-05
96358,2.6248576e-05
96359,2.6248576e-05
96360,2.6248576e-05
96361,2.6248576e-05
96362,2.6248576e-05
96363,2.6248576e-05
96364,2.6248576e-05
96365,2.6248576e-05
96366,2.6248576e-05
96367,2.6248576e-05
96368,2.6248576e-05
96369,2.6248576e-05
96370,2.6248576e-05
96371,2.6248576e-05
96372,2.6248576e-05
96373,2.6248576e-05
96374,2.6248576e-05
96375,2.6248576e-05
96376,2.6248576e-05
96377,2.6248576e-05
96378,2.6248576e-05
96379,2.6248576e-05
96380,2.6248576e-05
96381,2.6248576e-05
96382,2.6248576e-05
96383,2.6248576e-05
96384,2.6248576e-05
96385,2.6248576e-05
96386,2.6248576e-05
96387,2.6248576e-05
96388,2.6248576e-05
96389,2.6248576e-05
96390,2.6248576e-05
96391,2.6248576e-05
96392,2.6248576e-05
96393,2.6248576e-05
96394,2.6248576e-05
96395,2.6248576e-05
96396,2.6248576e-05
96397,2.6248576e-05
96398,2.6248576e-05
96399,2.6248576e-05
96400,2.6248576e-05
96401,2.6248576e-05
96402,2.6248576e-05
96403,2.6248576e-05
96404,2.6248576e-05
96405,2.6248576e-05
96406,2.6248576e-05
96407,2.6248576e-05
96408,2.6248576e-05
96409,2.6248576e-05
96410,2.6248576e-05
96411,2.6248576e-05
96412,2.6248576e-05
96413,2.6248576e-05
96414,2.6248576e-05
96415,2.6248576e-05
96416,2.6248576e-05
96417,2.6248576e-05
96418,2.6248576e-05
96419,2.6248576e-05
96420,2.6248576e-05
96421,2.6248576e-05
96422,2.6248576e-05
96423,2.6248576e-05
96424,2.6248576e-05
96425,2.6248576e-05
96426,2.6248576e-05
96427,2.6248576e-05
96428,2.6248576e-05
96429,2.6248576e-05
96430,2.6248576e-05
96431,2.6248576e-05
96432,2.6248576e-05
96433,2.6248576e-05
96434,2.6248576e-05
96435,2.6248576e-05
96436,2.6248576e-05
96437,2.6248576e-05
96438,2.6248576e-05
96439,2.6248576e-05
96440,2.6248576e-05
96441,2.6248576e-05
96442,2.6248576e-05
96443,2.6248576e-05
96444,2.6248576e-05
96445,2.6248576e-05
96446,2.6248576e-05
96447,2.6248576e-05
96448,2.6248576e-05
96449,2.6248576e-05
96450,2.6248576e-05
96451,2.6248576e-05
96452,2.6248576e-05
96453,2.6248576e-05
96454,2.6248576e-05
96455,2.6248576e-05
96456,2.6248576e-05
96457,2.6248576e-05
96458,2.6248576e-05
96459,2.6248576e-05
96460,2.6248576e-05
96461,2.6248576e-05
96462,2.6248576e-05
96463,2.6248576e-05
96464,2.6248576e-05
96465,2.6248576e-05
96466,2.6248576e-05
96467,2.6248576e-05
96468,2.6248576e-05
96469,2.6248576e-05
96470,2.6248576e-05
96471,2.6248576e-05
96472,2.6248576e-05
96473,2.6248576e-05
96474,2.6248576e-05
96475,2.6248576e-05
96476,2.6248576e-05
96477,2.6248576e-05
96478,2.6248576e-05
96479,2.6248576e-05
96480,2.6248576e-05
96481,2.6248576e-05
96482,2.6248576e-05
96483,2.6248576e-05
96484,2.6248576e-05
96485,2.6248576e-05
96486,2.6248576e-05
96487,2.6248576e-05
96488,2.6248576e-05
96489,2.6248576e-05
96490,2.6248576e-05
96491,2.6248576e-05
96492,2.6248576e-05
96493,2.6248576e-05
96494,2.6248576e-05
96495,2.6248576e-05
96496,2.6248576e-05
96497,2.6248576e-05
96498,2.6248576e-05
96499,2.6248576e-05
96500,2.6248576e-05
96501,2.6248576e-05
96502,2.6248576e-05
96503,2.6248576e-05
96504,2.6248576e-05
96505,2.6248576e-05
96506,2.6248576e-05
96507,2.6248576e-05
96508,2.6248576e-05
96509,2.6248576e-05
96510,2.6248576e-05
96511,2.6248576e-05
96512,2.6248576e-05
96513,2.6248576e-05
96514,2.6248576e-05
96515,2.6248576e-05
96516,2.6248576e-05
96517,2.6248576e-05
96518,2.6248576e-05
96519,2.6248576e-05
96520,2.6248576e-05
96521,2.6248576e-05
96522,2.6248576e-05
96523,2.6248576e-05
96524,2.6248576e-05
96525,2.6248576e-05
96526,2.6248576e-05
96527,2.6248576e-05
96528,2.6248576e-05
96529,2.6248576e-05
96530,2.6248576e-05
96531,2.6248576e-05
96532,2.6248576e-05
96533,2.6248576e-05
96534,2.6248576e-05
96535,2.6248576e-05
96536,2.6248576e-05
96537,2.6248576e-05
96538,2.6248576e-05
96539,2.6248576e-05
96540,2.6248576e-05
96541,2.6248576e-05
96542,2.6248576e-05
96543,2.6248576e-05
96544,2.6248576e-05
96545,2.6248576e-05
96546,2.6248576e-05
96547,2.6248576e-05
96548,2.6248576e-05
96549,2.6248576e-05
96550,2.6248576e-05
96551,2.6248576e-05
96552,2.6248576e-05
96553,2.6248576e-05
96554,2.6248576e-05
96555,2.6248576e-05
96556,2.6248576e-05
96557,2.6248576e-05
96558,2.6248576e-05
96559,2.6248576e-05
96560,2.6248576e-05
96561,2.6248576e-05
96562,2.6248576e-05
96563,2.6248576e-05
96564,2.6248576e-05
96565,2.6248576e-05
96566,2.6248576e-05
96567,2.6248576e-05
96568,2.6248576e-05
96569,2.6248576e-05
96570,2.6248576e-05
96571,2.6248576e-05
96572,2.6248576e-05
96573,2.6248576e-05
96574,2.6248576e-05
96575,2.6248576e-05
96576,2.6248576e-05
96577,2.6248576e-05
96578,2.6248576e-05
96579,2.6248576e-05
96580,2.6248576e-05
96581,2.6248576e-05
96582,2.6248576e-05
96583,2.6248576e-05
96584,2.6248576e-05
96585,2.6248576e-05
96586,2.6248576e-05
96587,2.6248576e-05
96588,2.6248576e-05
96589,2.6248576e-05
96590,2.6248576e-05
96591,2.6248576e-05
96592,2.6248576e-05
96593,2.6248576e-05
96594,2.6248576e-05
96595,2.6248576e-05
96596,2.6248576e-05
96597,2.6248576e-05
96598,2.6248576e-05
96599,2.6248576e-05
96600,2.6248576e-05
96601,2.6248576e-05
96602,2.6248576e-05
96603,2.6248576e-05
96604,2.6248576e-05
96605,2.6248576e-05
96606,2.6248576e-05
96607,2.6248576e-05
96608,2.6248576e-05
96609,2.6248576e-05
96610,2.6248576e-05
96611,2.6248576e-05
96612,2.6248576e-05
96613,2.6248576e-05
96614,2.6248576e-05
96615,2.6248576e-05
96616,2.6248576e-05
96617,2.6248576e-05
96618,2.6248576e-05
96619,2.6248576e-05
96620,2.6248576e-05
96621,2.6248576e-05
96622,2.6248576e-05
96623,2.6248576e-05
96624,2.6248576e-05
96625,2.6248576e-05
96626,2.6248576e-05
96627,2.6248576e-05
96628,2.6248576e-05
96629,2.6248576e-05
96630,2.6248576e-05
96631,2.6248576e-05
96632,2.6248576e-05
96633,2.6248576e-05
96634,2.6248576e-05
96635,2.6248576e-05
96636,2.6248576e-05
96637,2.6248576e-05
96638,2.6248576e-05
96639,2.6248576e-05
96640,2.6248576e-05
96641,2.6248576e-05
96642,2.6248576e-05
96643,2.6248576e-05
96644,2.6248576e-05
96645,2.6248576e-05
96646,2.6248576e-05
96647,2.6248576e-05
96648,2.6248576e-05
96649,2.6248576e-05
96650,2.6248576e-05
96651,2.6248576e-05
96652,2.6248576e-05
96653,2.6248576e-05
96654,2.6248576e-05
96655,2.6248576e-05
96656,2.6248576e-05
96657,2.6248576e-05
96658,2.6248576e-05
96659,2.6248576e-05
96660,2.6248576e-05
96661,2.6248576e-05
96662,2.6248576e-05
96663,2.6248576e-05
96664,2.6248576e-05
96665,2.6248576e-05
96666,2.6248576e-05
96667,2.6248576e-05
96668,2.6248576e-05
96669,2.6248576e-05
96670,2.6248576e-05
96671,2.6248576e-05
96672,2.6248576e-05
96673,2.6248576e-05
96674,2.6248576e-05
96675,2.6248576e-05
96676,2.6248576e-05
96677,2.6248576e-05
96678,2.6248576e-05
96679,2.6248576e-05
96680,2.6248576e-05
96681,2.6248576e-05
96682,2.6248576e-05
96683,2.6248576e-05
96684,2.6248576e-05
96685,2.6248576e-05
96686,2.6248576e-05
96687,2.6248576e-05
96688,2.6248576e-05
96689,2.6248576e-05
96690,2.6248576e-05
96691,2.6248576e-05
96692,2.6248576e-05
96693,2.6248576e-05
96694,2.6248576e-05
96695,2.6248576e-05
96696,2.6248576e-05
96697,2.6248576e-05
96698,2.6248576e-05
96699,2.6248576e-05
96700,2.6248576e-05
96701,2.6248576e-05
96702,2.6248576e-05
96703,2.6248576e-05
96704,2.6248576e-05
96705,2.6248576e-05
96706,2.6248576e-05
96707,2.6248576e-05
96708,2.6248576e-05
96709,2.6248576e-05
96710,2.6248576e-05
96711,2.6248576e-05
96712,2.6248576e-05
96713,2.6248576e-05
96714,2.6248576e-05
96715,2.6248576e-05
96716,2.6248576e-05
96717,2.6248576e-05
96718,2.6248576e-05
96719,2.6248576e-05
96720,2.6248576e-05
96721,2.6248576e-05
96722,2.6248576e-05
96723,2.6248576e-05
96724,2.6248576e-05
96725,2.6248576e-05
96726,2.6248576e-05
96727,2.6248576e-05
96728,2.6248576e-05
96729,2.6248576e-05
96730,2.6248576e-05
96731,2.6248576e-05
96732,2.6248576e-05
96733,2.6248576e-05
96734,2.6248576e-05
96735,2.6248576e-05
96736,2.6248576e-05
96737,2.6248576e-05
96738,2.6248576e-05
96739,2.6248576e-05
96740,2.6248576e-05
96741,2.6248576e-05
96742,2.6248576e-05
96743,2.6248576e-05
96744,2.6248576e-05
96745,2.6248576e-05
96746,2.6248576e-05
96747,2.6248576e-05
96748,2.6248576e-05
96749,2.6248576e-05
96750,2.6248576e-05
96751,2.6248576e-05
96752,2.6248576e-05
96753,2.6248576e-05
96754,2.6248576e-05
96755,2.6248576e-05
96756,2.6248576e-05
96757,2.6248576e-05
96758,2.6248576e-05
96759,2.6248576e-05
96760,2.6248576e-05
96761,2.6248576e-05
96762,2.6248576e-05
96763,2.6248576e-05
96764,2.6248576e-05
96765,2.6248576e-05
96766,2.6248576e-05
96767,2.6248576e-05
96768,2.6248576e-05
96769,2.6248576e-05
96770,2.6248576e-05
96771,2.6248576e-05
96772,2.6248576e-05
96773,2.6248576e-05
96774,2.6248576e-05
96775,2.6248576e-05
96776,2.6248576e-05
96777,2.6248576e-05
96778,2.6248576e-05
96779,2.6248576e-05
96780,2.6248576e-05
96781,2.6248576e-05
96782,2.6248576e-05
96783,2.6248576e-05
96784,2.6248576e-05
96785,2.6248576e-05
96786,2.6248576e-05
96787,2.6248576e-05
96788,2.6248576e-05
96789,2.6248576e-05
96790,2.6248576e-05
96791,2.6248576e-05
96792,2.6248576e-05
96793,2.6248576e-05
96794,2.6248576e-05
96795,2.6248576e-05
96796,2.6248576e-05
96797,2.6248576e-05
96798,2.6248576e-05
96799,2.6248576e-05
96800,2.6248576e-05
96801,2.6248576e-05
96802,2.6248576e-05
96803,2.6248576e-05
96804,2.6248576e-05
96805,2.6248576e-05
96806,2.6248576e-05
96807,2.6248576e-05
96808,2.6248576e-05
96809,2.6248576e-05
96810,2.6248576e-05
96811,2.6248576e-05
96812,2.6248576e-05
96813,2.6248576e-05
96814,2.6248576e-05
96815,2.6248576e-05
96816,2.6248576e-05
96817,2.6248576e-05
96818,2.6248576e-05
96819,2.6248576e-05
96820,2.6248576e-05
96821,2.6248576e-05
96822,2.6248576e-05
96823,2.6248576e-05
96824,2.6248576e-05
96825,2.6248576e-05
96826,2.6248576e-05
96827,2.6248576e-05
96828,2.6248576e-05
96829,2.6248576e-05
96830,2.6248576e-05
96831,2.6248576e-05
96832,2.6248576e-05
96833,2.6248576e-05
96834,2.6248576e-05
96835,2.6248576e-05
96836,2.6248576e-05
96837,2.6248576e-05
96838,2.6248576e-05
96839,2.6248576e-05
96840,2.6248576e-05
96841,2.6248576e-05
96842,2.6248576e-05
96843,2.6248576e-05
96844,2.6248576e-05
96845,2.6248576e-05
96846,2.6248576e-05
96847,2.6248576e-05
96848,2.6248576e-05
96849,2.6248576e-05
96850,2.6248576e-05
96851,2.6248576e-05
96852,2.6248576e-05
96853,2.6248576e-05
96854,2.6248576e-05
96855,2.6248576e-05
96856,2.6248576e-05
96857,2.6248576e-05
96858,2.6248576e-05
96859,2.6248576e-05
96860,2.6248576e-05
96861,2.6248576e-05
96862,2.6248576e-05
96863,2.6248576e-05
96864,2.6248576e-05
96865,2.6248576e-05
96866,2.6248576e-05
96867,2.6248576e-05
96868,2.6248576e-05
96869,2.6248576e-05
96870,2.6248576e-05
96871,2.6248576e-05
96872,2.6248576e-05
96873,2.6248576e-05
96874,2.6248576e-05
96875,2.6248576e-05
96876,2.6248576e-05
96877,2.6248576e-05
96878,2.6248576e-05
96879,2.6248576e-05
96880,2.6248576e-05
96881,2.6248576e-05
96882,2.6248576e-05
96883,2.6248576e-05
96884,2.6248576e-05
96885,2.6248576e-05
96886,2.6248576e-05
96887,2.6248576e-05
96888,2.6248576e-05
96889,2.6248576e-05
96890,2.6248576e-05
96891,2.6248576e-05
96892,2.6248576e-05
96893,2.6248576e-05
96894,2.6248576e-05
96895,2.6248576e-05
96896,2.6248576e-05
96897,2.6248576e-05
96898,2.6248576e-05
96899,2.6248576e-05
96900,2.6248576e-05
96901,2.6248576e-05
96902,2.6248576e-05
96903,2.6248576e-05
96904,2.6248576e-05
96905,2.6248576e-05
96906,2.6248576e-05
96907,2.6248576e-05
96908,2.6248576e-05
96909,2.6248576e-05
96910,2.6248576e-05
96911,2.6248576e-05
96912,2.6248576e-05
96913,2.6248576e-05
96914,2.6248576e-05
96915,2.6248576e-05
96916,2.6248576e-05
96917,2.6248576e-05
96918,2.6248576e-05
96919,2.6248576e-05
96920,2.6248576e-05
96921,2.6248576e-05
96922,2.6248576e-05
96923,2.6248576e-05
96924,2.6248576e-05
96925,2.6248576e-05
96926,2.6248576e-05
96927,2.6248576e-05
96928,2.6248576e-05
96929,2.6248576e-05
96930,2.6248576e-05
96931,2.6248576e-05
96932,2.6248576e-05
96933,2.6248576e-05
96934,2.6248576e-05
96935,2.6248576e-05
96936,2.6248576e-05
96937,2.6248576e-05
96938,2.6248576e-05
96939,2.6248576e-05
96940,2.6248576e-05
96941,2.6248576e-05
96942,2.6248576e-05
96943,2.6248576e-05
96944,2.6248576e-05
96945,2.6248576e-05
96946,2.6248576e-05
96947,2.6248576e-05
96948,2.6248576e-05
96949,2.6248576e-05
96950,2.6248576e-05
96951,2.6248576e-05
96952,2.6248576e-05
96953,2.6248576e-05
96954,2.6248576e-05
96955,2.6248576e-05
96956,2.6248576e-05
96957,2.6248576e-05
96958,2.6248576e-05
96959,2.6248576e-05
96960,2.6248576e-05
96961,2.6248576e-05
96962,2.6248576e-05
96963,2.6248576e-05
96964,2.6248576e-05
96965,2.6248576e-05
96966,2.6248576e-05
96967,2.6248576e-05
96968,2.6248576e-05
96969,2.6248576e-05
96970,2.6248576e-05
96971,2.6248576e-05
96972,2.6248576e-05
96973,2.6248576e-05
96974,2.6248576e-05
96975,2.6248576e-05
96976,2.6248576e-05
96977,2.6248576e-05
96978,2.6248576e-05
96979,2.6248576e-05
96980,2.6248576e-05
96981,2.6248576e-05
96982,2.6248576e-05
96983,2.6248576e-05
96984,2.6248576e-05
96985,2.6248576e-05
96986,2.6248576e-05
96987,2.6248576e-05
96988,2.6248576e-05
96989,2.6248576e-05
96990,2.6248576e-05
96991,2.6248576e-05
96992,2.6248576e-05
96993,2.6248576e-05
96994,2.6248576e-05
96995,2.6248576e-05
96996,2.6248576e-05
96997,2.6248576e-05
96998,2.6248576e-05
96999,2.6248576e-05
97000,2.6248576e-05
97001,2.6248576e-05
97002,2.6248576e-05
97003,2.6248576e-05
97004,2.6248576e-05
97005,2.6248576e-05
97006,2.6248576e-05
97007,2.6248576e-05
97008,2.6248576e-05
97009,2.6248576e-05
97010,2.6248576e-05
97011,2.6248576e-05
97012,2.6248576e-05
97013,2.6248576e-05
97014,2.6248576e-05
97015,2.6248576e-05
97016,2.6248576e-05
97017,2.6248576e-05
97018,2.6248576e-05
97019,2.6248576e-05
97020,2.6248576e-05
97021,2.6248576e-05
97022,2.6248576e-05
97023,2.6248576e-05
97024,2.6248576e-05
97025,2.6248576e-05
97026,2.6248576e-05
97027,2.6248576e-05
97028,2.6248576e-05
97029,2.6248576e-05
97030,2.6248576e-05
97031,2.6248576e-05
97032,2.6248576e-05
97033,2.6248576e-05
97034,2.6248576e-05
97035,2.6248576e-05
97036,2.6248576e-05
97037,2.6248576e-05
97038,2.6248576e-05
97039,2.6248576e-05
97040,2.6248576e-05
97041,2.6248576e-05
97042,2.6248576e-05
97043,2.6248576e-05
97044,2.6248576e-05
97045,2.6248576e-05
97046,2.6248576e-05
97047,2.6248576e-05
97048,2.6248576e-05
97049,2.6248576e-05
97050,2.6248576e-05
97051,2.6248576e-05
97052,2.6248576e-05
97053,2.6248576e-05
97054,2.6248576e-05
97055,2.6248576e-05
97056,2.6248576e-05
97057,2.6248576e-05
97058,2.6248576e-05
97059,2.6248576e-05
97060,2.6248576e-05
97061,2.6248576e-05
97062,2.6248576e-05
97063,2.6248576e-05
97064,2.6248576e-05
97065,2.6248576e-05
97066,2.6248576e-05
97067,2.6248576e-05
97068,2.6248576e-05
97069,2.6248576e-05
97070,2.6248576e-05
97071,2.6248576e-05
97072,2.6248576e-05
97073,2.6248576e-05
97074,2.6248576e-05
97075,2.6248576e-05
97076,2.6248576e-05
97077,2.6248576e-05
97078,2.6248576e-05
97079,2.6248576e-05
97080,2.6248576e-05
97081,2.6248576e-05
97082,2.6248576e-05
97083,2.6248576e-05
97084,2.6248576e-05
97085,2.6248576e-05
97086,2.6248576e-05
97087,2.6248576e-05
97088,2.6248576e-05
97089,2.6248576e-05
97090,2.6248576e-05
97091,2.6248576e-05
97092,2.6248576e-05
97093,2.6248576e-05
97094,2.6248576e-05
97095,2.6248576e-05
97096,2.6248576e-05
97097,2.6248576e-05
97098,2.6248576e-05
97099,2.6248576e-05
97100,2.6248576e-05
97101,2.6248576e-05
97102,2.6248576e-05
97103,2.6248576e-05
97104,2.6248576e-05
97105,2.6248576e-05
97106,2.6248576e-05
97107,2.6248576e-05
97108,2.6248576e-05
97109,2.6248576e-05
97110,2.6248576e-05
97111,2.6248576e-05
97112,2.6248576e-05
97113,2.6248576e-05
97114,2.6248576e-05
97115,2.6248576e-05
97116,2.6248576e-05
97117,2.6248576e-05
97118,2.6248576e-05
97119,2.6248576e-05
97120,2.6248576e-05
97121,2.6248576e-05
97122,2.6248576e-05
97123,2.6248576e-05
97124,2.6248576e-05
97125,2.6248576e-05
97126,2.6248576e-05
97127,2.6248576e-05
97128,2.6248576e-05
97129,2.6248576e-05
97130,2.6248576e-05
97131,2.6248576e-05
97132,2.6248576e-05
97133,2.6248576e-05
97134,2.6248576e-05
97135,2.6248576e-05
97136,2.6248576e-05
97137,2.6248576e-05
97138,2.6248576e-05
97139,2.6248576e-05
97140,2.6248576e-05
97141,2.6248576e-05
97142,2.6248576e-05
97143,2.6248576e-05
97144,2.6248576e-05
97145,2.6248576e-05
97146,2.6248576e-05
97147,2.6248576e-05
97148,2.6248576e-05
97149,2.6248576e-05
97150,2.6248576e-05
97151,2.6248576e-05
97152,2.6248576e-05
97153,2.6248576e-05
97154,2.6248576e-05
97155,2.6248576e-05
97156,2.6248576e-05
97157,2.6248576e-05
97158,2.6248576e-05
97159,2.6248576e-05
97160,2.6248576e-05
97161,2.6248576e-05
97162,2.6248576e-05
97163,2.6248576e-05
97164,2.6248576e-05
97165,2.6248576e-05
97166,2.6248576e-05
97167,2.6248576e-05
97168,2.6248576e-05
97169,2.6248576e-05
97170,2.6248576e-05
97171,2.6248576e-05
97172,2.6248576e-05
97173,2.6248576e-05
97174,2.6248576e-05
97175,2.6248576e-05
97176,2.6248576e-05
97177,2.6248576e-05
97178,2.6248576e-05
97179,2.6248576e-05
97180,2.6248576e-05
97181,2.6248576e-05
97182,2.6248576e-05
97183,2.6248576e-05
97184,2.6248576e-05
97185,2.6248576e-05
97186,2.6248576e-05
97187,2.6248576e-05
97188,2.6248576e-05
97189,2.6248576e-05
97190,2.6248576e-05
97191,2.6248576e-05
97192,2.6248576e-05
97193,2.6248576e-05
97194,2.6248576e-05
97195,2.6248576e-05
97196,2.6248576e-05
97197,2.6248576e-05
97198,2.6248576e-05
97199,2.6248576e-05
97200,2.6248576e-05
97201,2.6248576e-05
97202,2.6248576e-05
97203,2.6248576e-05
97204,2.6248576e-05
97205,2.6248576e-05
97206,2.6248576e-05
97207,2.6248576e-05
97208,2.6248576e-05
97209,2.6248576e-05
97210,2.6248576e-05
97211,2.6248576e-05
97212,2.6248576e-05
97213,2.6248576e-05
97214,2.6248576e-05
97215,2.6248576e-05
97216,2.6248576e-05
97217,2.6248576e-05
97218,2.6248576e-05
97219,2.6248576e-05
97220,2.6248576e-05
97221,2.6248576e-05
97222,2.6248576e-05
97223,2.6248576e-05
97224,2.6248576e-05
97225,2.6248576e-05
97226,2.6248576e-05
97227,2.6248576e-05
97228,2.6248576e-05
97229,2.6248576e-05
97230,2.6248576e-05
97231,2.6248576e-05
97232,2.6248576e-05
97233,2.6248576e-05
97234,2.6248576e-05
97235,2.6248576e-05
97236,2.6248576e-05
97237,2.6248576e-05
97238,2.6248576e-05
97239,2.6248576e-05
97240,2.6248576e-05
97241,2.6248576e-05
97242,2.6248576e-05
97243,2.6248576e-05
97244,2.6248576e-05
97245,2.6248576e-05
97246,2.6248576e-05
97247,2.6248576e-05
97248,2.6248576e-05
97249,2.6248576e-05
97250,2.6248576e-05
97251,2.6248576e-05
97252,2.6248576e-05
97253,2.6248576e-05
97254,2.6248576e-05
97255,2.6248576e-05
97256,2.6248576e-05
97257,2.6248576e-05
97258,2.6248576e-05
97259,2.6248576e-05
97260,2.6248576e-05
97261,2.6248576e-05
97262,2.6248576e-05
97263,2.6248576e-05
97264,2.6248576e-05
97265,2.6248576e-05
97266,2.6248576e-05
97267,2.6248576e-05
97268,2.6248576e-05
97269,2.6248576e-05
97270,2.6248576e-05
97271,2.6248576e-05
97272,2.6248576e-05
97273,2.6248576e-05
97274,2.6248576e-05
97275,2.6248576e-05
97276,2.6248576e-05
97277,2.6248576e-05
97278,2.6248576e-05
97279,2.6248576e-05
97280,2.6248576e-05
97281,2.6248576e-05
97282,2.6248576e-05
97283,2.6248576e-05
97284,2.6248576e-05
97285,2.6248576e-05
97286,2.6248576e-05
97287,2.6248576e-05
97288,2.6248576e-05
97289,2.6248576e-05
97290,2.6248576e-05
97291,2.6248576e-05
97292,2.6248576e-05
97293,2.6248576e-05
97294,2.6248576e-05
97295,2.6248576e-05
97296,2.6248576e-05
97297,2.6248576e-05
97298,2.6248576e-05
97299,2.6248576e-05
97300,2.6248576e-05
97301,2.6248576e-05
97302,2.6248576e-05
97303,2.6248576e-05
97304,2.6248576e-05
97305,2.6248576e-05
97306,2.6248576e-05
97307,2.6248576e-05
97308,2.6248576e-05
97309,2.6248576e-05
97310,2.6248576e-05
97311,2.6248576e-05
97312,2.6248576e-05
97313,2.6248576e-05
97314,2.6248576e-05
97315,2.6248576e-05
97316,2.6248576e-05
97317,2.6248576e-05
97318,2.6248576e-05
97319,2.6248576e-05
97320,2.6248576e-05
97321,2.6248576e-05
97322,2.6248576e-05
97323,2.6248576e-05
97324,2.6248576e-05
97325,2.6248576e-05
97326,2.6248576e-05
97327,2.6248576e-05
97328,2.6248576e-05
97329,2.6248576e-05
97330,2.6248576e-05
97331,2.6248576e-05
97332,2.6248576e-05
97333,2.6248576e-05
97334,2.6248576e-05
97335,2.6248576e-05
97336,2.6248576e-05
97337,2.6248576e-05
97338,2.6248576e-05
97339,2.6248576e-05
97340,2.6248576e-05
97341,2.6248576e-05
97342,2.6248576e-05
97343,2.6248576e-05
97344,2.6248576e-05
97345,2.6248576e-05
97346,2.6248576e-05
97347,2.6248576e-05
97348,2.6248576e-05
97349,2.6248576e-05
97350,2.6248576e-05
97351,2.6248576e-05
97352,2.6248576e-05
97353,2.6248576e-05
97354,2.6248576e-05
97355,2.6248576e-05
97356,2.6248576e-05
97357,2.6248576e-05
97358,2.6248576e-05
97359,2.6248576e-05
97360,2.6248576e-05
97361,2.6248576e-05
97362,2.6248576e-05
97363,2.6248576e-05
97364,2.6248576e-05
97365,2.6248576e-05
97366,2.6248576e-05
97367,2.6248576e-05
97368,2.6248576e-05
97369,2.6248576e-05
97370,2.6248576e-05
97371,2.6248576e-05
97372,2.6248576e-05
97373,2.6248576e-05
97374,2.6248576e-05
97375,2.6248576e-05
97376,2.6248576e-05
97377,2.6248576e-05
97378,2.6248576e-05
97379,2.6248576e-05
97380,2.6248576e-05
97381,2.6248576e-05
97382,2.6248576e-05
97383,2.6248576e-05
97384,2.6248576e-05
97385,2.6248576e-05
97386,2.6248576e-05
97387,2.6248576e-05
97388,2.6248576e-05
97389,2.6248576e-05
97390,2.6248576e-05
97391,2.6248576e-05
97392,2.6248576e-05
97393,2.6248576e-05
97394,2.6248576e-05
97395,2.6248576e-05
97396,2.6248576e-05
97397,2.6248576e-05
97398,2.6248576e-05
97399,2.6248576e-05
97400,2.6248576e-05
97401,2.6248576e-05
97402,2.6248576e-05
97403,2.6248576e-05
97404,2.6248576e-05
97405,2.6248576e-05
97406,2.6248576e-05
97407,2.6248576e-05
97408,2.6248576e-05
97409,2.6248576e-05
97410,2.6248576e-05
97411,2.6248576e-05
97412,2.6248576e-05
97413,2.6248576e-05
97414,2.6248576e-05
97415,2.6248576e-05
97416,2.6248576e-05
97417,2.6248576e-05
97418,2.6248576e-05
97419,2.6248576e-05
97420,2.6248576e-05
97421,2.6248576e-05
97422,2.6248576e-05
97423,2.6248576e-05
97424,2.6248576e-05
97425,2.6248576e-05
97426,2.6248576e-05
97427,2.6248576e-05
97428,2.6248576e-05
97429,2.6248576e-05
97430,2.6248576e-05
97431,2.6248576e-05
97432,2.6248576e-05
97433,2.6248576e-05
97434,2.6248576e-05
97435,2.6248576e-05
97436,2.6248576e-05
97437,2.6248576e-05
97438,2.6248576e-05
97439,2.6248576e-05
97440,2.6248576e-05
97441,2.6248576e-05
97442,2.6248576e-05
97443,2.6248576e-05
97444,2.6248576e-05
97445,2.6248576e-05
97446,2.6248576e-05
97447,2.6248576e-05
97448,2.6248576e-05
97449,2.6248576e-05
97450,2.6248576e-05
97451,2.6248576e-05
97452,2.6248576e-05
97453,2.6248576e-05
97454,2.6248576e-05
97455,2.6248576e-05
97456,2.6248576e-05
97457,2.6248576e-05
97458,2.6248576e-05
97459,2.6248576e-05
97460,2.6248576e-05
97461,2.6248576e-05
97462,2.6248576e-05
97463,2.6248576e-05
97464,2.6248576e-05
97465,2.6248576e-05
97466,2.6248576e-05
97467,2.6248576e-05
97468,2.6248576e-05
97469,2.6248576e-05
97470,2.6248576e-05
97471,2.6248576e-05
97472,2.6248576e-05
97473,2.6248576e-05
97474,2.6248576e-05
97475,2.6248576e-05
97476,2.6248576e-05
97477,2.6248576e-05
97478,2.6248576e-05
97479,2.6248576e-05
97480,2.6248576e-05
97481,2.6248576e-05
97482,2.6248576e-05
97483,2.6248576e-05
97484,2.6248576e-05
97485,2.6248576e-05
97486,2.6248576e-05
97487,2.6248576e-05
97488,2.6248576e-05
97489,2.6248576e-05
97490,2.6248576e-05
97491,2.6248576e-05
97492,2.6248576e-05
97493,2.6248576e-05
97494,2.6248576e-05
97495,2.6248576e-05
97496,2.6248576e-05
97497,2.6248576e-05
97498,2.6248576e-05
97499,2.6248576e-05
97500,2.6248576e-05
97501,2.6248576e-05
97502,2.6248576e-05
97503,2.6248576e-05
97504,2.6248576e-05
97505,2.6248576e-05
97506,2.6248576e-05
97507,2.6248576e-05
97508,2.6248576e-05
97509,2.6248576e-05
97510,2.6248576e-05
97511,2.6248576e-05
97512,2.6248576e-05
97513,2.6248576e-05
97514,2.6248576e-05
97515,2.6248576e-05
97516,2.6248576e-05
97517,2.6248576e-05
97518,2.6248576e-05
97519,2.6248576e-05
97520,2.6248576e-05
97521,2.6248576e-05
97522,2.6248576e-05
97523,2.6248576e-05
97524,2.6248576e-05
97525,2.6248576e-05
97526,2.6248576e-05
97527,2.6248576e-05
97528,2.6248576e-05
97529,2.6248576e-05
97530,2.6248576e-05
97531,2.6248576e-05
97532,2.6248576e-05
97533,2.6248576e-05
97534,2.6248576e-05
97535,2.6248576e-05
97536,2.6248576e-05
97537,2.6248576e-05
97538,2.6248576e-05
97539,2.6248576e-05
97540,2.6248576e-05
97541,2.6248576e-05
97542,2.6248576e-05
97543,2.6248576e-05
97544,2.6248576e-05
97545,2.6248576e-05
97546,2.6248576e-05
97547,2.6248576e-05
97548,2.6248576e-05
97549,2.6248576e-05
97550,2.6248576e-05
97551,2.6248576e-05
97552,2.6248576e-05
97553,2.6248576e-05
97554,2.6248576e-05
97555,2.6248576e-05
97556,2.6248576e-05
97557,2.6248576e-05
97558,2.6248576e-05
97559,2.6248576e-05
97560,2.6248576e-05
97561,2.6248576e-05
97562,2.6248576e-05
97563,2.6248576e-05
97564,2.6248576e-05
97565,2.6248576e-05
97566,2.6248576e-05
97567,2.6248576e-05
97568,2.6248576e-05
97569,2.6248576e-05
97570,2.6248576e-05
97571,2.6248576e-05
97572,2.6248576e-05
97573,2.6248576e-05
97574,2.6248576e-05
97575,2.6248576e-05
97576,2.6248576e-05
97577,2.6248576e-05
97578,2.6248576e-05
97579,2.6248576e-05
97580,2.6248576e-05
97581,2.6248576e-05
97582,2.6248576e-05
97583,2.6248576e-05
97584,2.6248576e-05
97585,2.6248576e-05
97586,2.6248576e-05
97587,2.6248576e-05
97588,2.6248576e-05
97589,2.6248576e-05
97590,2.6248576e-05
97591,2.6248576e-05
97592,2.6248576e-05
97593,2.6248576e-05
97594,2.6248576e-05
97595,2.6248576e-05
97596,2.6248576e-05
97597,2.6248576e-05
97598,2.6248576e-05
97599,2.6248576e-05
97600,2.6248576e-05
97601,2.6248576e-05
97602,2.6248576e-05
97603,2.6248576e-05
97604,2.6248576e-05
97605,2.6248576e-05
97606,2.6248576e-05
97607,2.6248576e-05
97608,2.6248576e-05
97609,2.6248576e-05
97610,2.6248576e-05
97611,2.6248576e-05
97612,2.6248576e-05
97613,2.6248576e-05
97614,2.6248576e-05
97615,2.6248576e-05
97616,2.6248576e-05
97617,2.6248576e-05
97618,2.6248576e-05
97619,2.6248576e-05
97620,2.6248576e-05
97621,2.6248576e-05
97622,2.6248576e-05
97623,2.6248576e-05
97624,2.6248576e-05
97625,2.6248576e-05
97626,2.6248576e-05
97627,2.6248576e-05
97628,2.6248576e-05
97629,2.6248576e-05
97630,2.6248576e-05
97631,2.6248576e-05
97632,2.6248576e-05
97633,2.6248576e-05
97634,2.6248576e-05
97635,2.6248576e-05
97636,2.6248576e-05
97637,2.6248576e-05
97638,2.6248576e-05
97639,2.6248576e-05
97640,2.6248576e-05
97641,2.6248576e-05
97642,2.6248576e-05
97643,2.6248576e-05
97644,2.6248576e-05
97645,2.6248576e-05
97646,2.6248576e-05
97647,2.6248576e-05
97648,2.6248576e-05
97649,2.6248576e-05
97650,2.6248576e-05
97651,2.6248576e-05
97652,2.6248576e-05
97653,2.6248576e-05
97654,2.6248576e-05
97655,2.6248576e-05
97656,2.6248576e-05
97657,2.6248576e-05
97658,2.6248576e-05
97659,2.6248576e-05
97660,2.6248576e-05
97661,2.6248576e-05
97662,2.6248576e-05
97663,2.6248576e-05
97664,2.6248576e-05
97665,2.6248576e-05
97666,2.6248576e-05
97667,2.6248576e-05
97668,2.6248576e-05
97669,2.6248576e-05
97670,2.6248576e-05
97671,2.6248576e-05
97672,2.6248576e-05
97673,2.6248576e-05
97674,2.6248576e-05
97675,2.6248576e-05
97676,2.6248576e-05
97677,2.6248576e-05
97678,2.6248576e-05
97679,2.6248576e-05
97680,2.6248576e-05
97681,2.6248576e-05
97682,2.6248576e-05
97683,2.6248576e-05
97684,2.6248576e-05
97685,2.6248576e-05
97686,2.6248576e-05
97687,2.6248576e-05
97688,2.6248576e-05
97689,2.6248576e-05
97690,2.6248576e-05
97691,2.6248576e-05
97692,2.6248576e-05
97693,2.6248576e-05
97694,2.6248576e-05
97695,2.6248576e-05
97696,2.6248576e-05
97697,2.6248576e-05
97698,2.6248576e-05
97699,2.6248576e-05
97700,2.6248576e-05
97701,2.6248576e-05
97702,2.6248576e-05
97703,2.6248576e-05
97704,2.6248576e-05
97705,2.6248576e-05
97706,2.6248576e-05
97707,2.6248576e-05
97708,2.6248576e-05
97709,2.6248576e-05
97710,2.6248576e-05
97711,2.6248576e-05
97712,2.6248576e-05
97713,2.6248576e-05
97714,2.6248576e-05
97715,2.6248576e-05
97716,2.6248576e-05
97717,2.6248576e-05
97718,2.6248576e-05
97719,2.6248576e-05
97720,2.6248576e-05
97721,2.6248576e-05
97722,2.6248576e-05
97723,2.6248576e-05
97724,2.6248576e-05
97725,2.6248576e-05
97726,2.6248576e-05
97727,2.6248576e-05
97728,2.6248576e-05
97729,2.6248576e-05
97730,2.6248576e-05
97731,2.6248576e-05
97732,2.6248576e-05
97733,2.6248576e-05
97734,2.6248576e-05
97735,2.6248576e-05
97736,2.6248576e-05
97737,2.6248576e-05
97738,2.6248576e-05
97739,2.6248576e-05
97740,2.6248576e-05
97741,2.6248576e-05
97742,2.6248576e-05
